delta_power,theta_power,alpha_power,beta_power,gamma_power,std_dev,skewness,hjorth_activity,hjorth_mobility,hjorth_complexity,delta_beta_ratio,alpha_delta_ratio,shannon_entropy,label
-0.5638130565480767,-0.5449099207617539,-0.5433422770392914,-0.5429947518231887,-0.5428541511346745,-0.2055640096529768,-2.1243709205091212,-0.5311875352043977,-0.1900741229917178,0.0023876052707949226,-0.6443861282301373,0.04977112322549758,0.8361056248437485,Sleep stage W
-0.5670595603070575,-0.5952417979229296,-0.5940728792988488,-0.593808444482791,-0.5936981778609833,-0.26539682773110684,0.11739056768460422,-0.5560653977349727,-0.48298329923446237,0.6211765209108122,0.5929521854346206,0.3399154751617589,-1.3821624492355877,Sleep stage W
-0.5141444552794967,-0.5262966330355048,-0.5249749969623192,-0.524679641722495,-0.5245618371502564,-0.12972199804175602,1.0018161546000839,-0.4934827081379297,-0.8922491532303275,1.5911824240560983,-0.2396642616552741,-0.34366859176705905,-0.2730284121959196,Sleep stage W
-0.5370151054141752,-0.5076658515205594,-0.5048155494684207,-0.5041847303899213,-0.5039272934188511,-0.1327539638587122,-0.4396760233049729,-0.4950502012550718,-0.9761506692149168,3.363017998988459,-0.7237620677479399,-0.04419044718780659,-0.2730284121959196,Sleep stage W
-0.4631183849120708,-0.42189762963976024,-0.41997916350798525,-0.4195599887760612,-0.4193902906963295,-0.02371554373217867,-0.33932740279622353,-0.43384903836672095,0.46113174561363945,-1.6205386052175617,-0.697726693540636,-0.005684124554305277,-0.2730284121959196,Sleep stage W
-0.4957726039125607,-0.48259154761855205,-0.4816277293695455,-0.48141422544048895,-0.48133173327528195,-0.12092892181829802,-1.314441629225892,-0.48889225665121044,-0.6579705148645665,-0.582256816283881,-0.5245895536181576,-0.29242575826256123,-1.3821624492355877,Sleep stage W
-0.361977316218145,-0.2032878645056401,-0.19158260898421547,-0.18900982339956066,-0.1879381896005649,0.42222712546568175,-0.9041945392801817,-0.07980648522722013,0.1813756360652,-0.9620651455637744,-0.9900143134416702,-0.6587448758903008,-0.27302841219593443,Sleep stage W
-0.5230026561755126,-0.4462532595508748,-0.4387503430030648,-0.4370947409754235,-0.4364098647254819,0.05930456773436564,1.459429530580326,-0.38056645708730635,-0.8778778858148484,1.2870155577503646,-1.010779040235663,-0.4648194011219319,-0.2730284121959196,Sleep stage W
-0.47214206571818046,-0.5409317958335347,-0.5390905956793618,-0.5386702772210545,-0.5384999584953405,0.09475090834164422,-0.08806831701058941,-0.3560622689858561,-1.0164891242453273,0.6792151716055282,0.5671813639612381,-0.0030394789349792763,0.8361056248437485,Sleep stage W
-0.5520215273069057,-0.5394524960239473,-0.5356899649787246,-0.5348535165068036,-0.5345090073512195,0.8566248189050887,0.8922038298101955,0.42539166822744817,-0.916731949901749,1.4157193651853044,-0.5864362902278205,0.4754034348596987,-1.3821624492355877,Sleep stage W
-0.6477903502638704,-0.6378683074771409,-0.6366276177693806,-0.6363499864161346,-0.6362367229693957,-0.0015513045618983595,-0.07936697061324595,-0.4201937169750946,0.5156252386036956,4.0433037870290605,-1.24802119272097,0.20391851060933924,0.8361056248437485,Sleep stage W
-0.6492650468742464,-0.6415434518756941,-0.6405056576111953,-0.6402729345790891,-0.6401808033869427,-0.5705828314536416,-0.34799199179982143,-0.6404095530312972,0.37475425901145776,2.1492933506743315,-0.6552147392258832,0.18690538001380877,0.8361056248437485,Sleep stage W
-0.6493584795670604,-0.6417791235169371,-0.640756515678719,-0.6405271618586219,-0.6404367844141852,-0.669405177092491,0.625353053457011,-0.6509850025797991,0.08575244650129876,1.1565176130829122,-0.27935143962256365,-0.06118912688329667,0.8361056248437485,Sleep stage W
-0.6492672547848338,-0.6417869125874652,-0.6407604485852663,-0.6405302389324472,-0.6404384588016705,-0.6883507121344138,-2.047103393358976,-0.6520777285415151,0.6168849167800369,0.4052468452241977,-0.0007237030387182487,0.1666713708817449,-0.2730284121959196,Sleep stage W
-0.6495923090884015,-0.6419093648999505,-0.640884220934723,-0.6406542763220456,-0.6405581548175263,-0.7001825548673501,0.3888725828419651,-0.6526072600796824,0.8952201534469855,0.8891265119493166,-0.6318880157472966,0.8980533539037886,0.8361056248437485,Sleep stage W
-0.6497063292939921,-0.6420112685805635,-0.6409871364267975,-0.6407574572004149,-0.6406662795904565,-0.7186724947642024,-1.1342569200724568,-0.6532553653529205,0.7004638035204303,1.285805797810664,-0.7534374978584435,0.04818029683344872,-4.019066234707609,Sleep stage W
-0.6495485139771244,-0.6419034695939133,-0.6408767561400728,-0.6406464834712635,-0.6405515841448333,-0.7083090689349528,-1.2739050575839617,-0.6529731017933307,0.5132979325533256,0.29720847783513066,-0.48233727516051766,0.8590907734551013,-0.2730284121959196,Sleep stage W
-0.6495705910289993,-0.6420132253967199,-0.6409912835687412,-0.640762048823093,-0.6406679723040557,-0.7218428550215293,-0.749848667447809,-0.6532720185416726,1.3542461422062282,-0.27542384173919987,0.03537837705156119,0.745207120753415,-1.3821624492355877,Sleep stage W
-0.6494375225463428,-0.6418932474839529,-0.6408676049479818,-0.6406375177872866,-0.6405387682495806,-0.7071175693777085,-0.9162802554654457,-0.6528625676433623,0.854727508616381,0.6578985471418095,-0.10242089057170065,1.4962955049433613,-0.2730284121959196,Sleep stage W
-0.6497119687147158,-0.6419685634139155,-0.6409445095225184,-0.6407146865778719,-0.6406018038882544,-0.7137542694283127,1.4852134607323781,-0.6530695680844943,1.3445891546356126,-0.25674573099281883,-0.945727650350614,1.4113050323000405,0.8361056248437485,Sleep stage W
-0.6496157681996618,-0.6418700340987453,-0.6408437062676209,-0.6406134036394966,-0.6405001498832142,-0.7158862974185962,-0.6468996206040826,-0.6531285369872606,1.3463364547491155,-0.43835934755665246,-0.8443646047898566,1.6587164539566344,-0.2730284121959196,Sleep stage W
-0.6496517640305526,-0.6419798860400827,-0.6409556526318704,-0.6407259068875636,-0.6406307356455347,-0.718284659960736,0.83958617267819,-0.6531896336758068,0.727403822460358,0.531330771890307,-0.6106184781690712,0.6875766992812903,0.8361056248437485,Sleep stage W
-0.6494789956170367,-0.6419403073480469,-0.6409173656127741,-0.6406878459262791,-0.6405882554199721,-0.715288102997739,-0.9660665121585047,-0.6531120769311731,0.7662066039247655,0.018298326274402678,-0.005452997827505146,0.5957334551365138,-1.3821624492355877,Sleep stage W
-0.6495858997783175,-0.6418961798451266,-0.6408737851331172,-0.6406444919674994,-0.6405541676064223,-0.7164904677315154,-2.1889195477707033,-0.6531441098466068,0.33492547127641825,0.6443606711924577,-0.6409495906017645,0.04891110174679315,0.8361056248437485,Sleep stage W
-0.649510284017844,-0.6419301288912587,-0.6409077138557422,-0.6406783966045757,-0.6405868204985237,-0.7164905359468857,-2.001464268485826,-0.6531440649926676,0.0688092061660467,1.075988026148302,-0.19237845768481865,0.5284389910681321,-0.2730284121959196,Sleep stage W
-0.649537463907077,-0.6419945585246197,-0.6409740148444137,-0.6407450080758377,-0.6406429336843655,-0.7100762404886349,0.095264500158601,-0.6529594318059844,0.3801758022296516,0.2916831529623359,0.08861267219139869,1.082234744006429,0.8361056248437485,Sleep stage W
-0.6497058510866945,-0.6420130772153132,-0.640990934641405,-0.6407616713201779,-0.6406680485962083,-0.7239796018806945,-0.5091652701523655,-0.6533163461787463,1.0123963195226469,0.27821568456204787,-0.7337420851145388,0.9743110254636561,0.8361056248437485,Sleep stage W
-0.6495479603364904,-0.6419397497997513,-0.6409160361162067,-0.6406864190856726,-0.6405935601981051,-0.7145573152091423,-0.425244908884703,-0.653092204497015,0.8953623874882418,0.4217815251730648,-0.3144025217827109,0.3795927095079939,0.8361056248437485,Sleep stage W
-0.6494377834559455,-0.6419280385528882,-0.640903237691405,-0.6406733688064352,-0.6405793385755802,-0.7111487833175494,-2.072920170440413,-0.6529928468426566,0.9806748212860456,0.2451265691848284,0.08593841024870355,0.5358284882577613,-1.3821624492355877,Sleep stage W
-0.6496469137212726,-0.6419196882388608,-0.6408933401100729,-0.64066315668882,-0.6405694160206513,-0.7149622150730373,0.6860190111824478,-0.653103388488235,0.5497407010115394,0.9453231025267422,-0.8217126360128301,0.38268525948731436,0.8361056248437485,Sleep stage W
-0.6496663126854074,-0.6420265186527838,-0.6410037334990688,-0.6407742959451161,-0.6406775310856848,-0.7210159012317284,-0.17475319867144368,-0.6532537976277217,1.487771433873025,-0.6281902050812785,-0.4361333563388943,-0.5850419822818663,-0.2730284121959196,Sleep stage W
-0.649466828820598,-0.6419246114927255,-0.6408988847385602,-0.6406685393577655,-0.6405384477374452,-0.7131452682235693,-0.011739587815637024,-0.6530522325763735,1.20817857695785,-0.9381651970143552,-0.060283407555800125,1.0551324914332532,0.8361056248437485,Sleep stage W
-0.6496072008612365,-0.6419825090999224,-0.6409559750495654,-0.6407257167658533,-0.6406299416125323,-0.7168167413788611,-0.7887770707639723,-0.653152798596925,0.4970904780002808,0.8672960944392117,-0.390764263990696,0.49123476741424627,-0.2730284121959196,Sleep stage W
-0.649314791068239,-0.6418561979943602,-0.6408300638969057,-0.6405997906058543,-0.6404905591455934,-0.7095670951877748,-1.3970628236501303,-0.6529432695158207,1.081666119314981,-0.278184418183016,0.15596146833324895,1.3107261420166243,-1.3821624492355877,Sleep stage W
-0.6493970012938014,-0.6418430911669493,-0.6408180254713303,-0.6405879570350378,-0.6404758999298413,-0.7140709169917199,-0.15335776173428495,-0.653078774423725,1.0292952209255262,-0.1459610240072096,-0.17590086637595517,1.405268673486402,0.8361056248437485,Sleep stage W
-0.6494389750970517,-0.6419100622346079,-0.6408847180325395,-0.6406544830972222,-0.6405327177590362,-0.701548682986972,0.3337955227821216,-0.6526606270523172,1.252549360697657,-0.16602724560615256,-0.022001283398987208,2.5742084457904943,0.8361056248437485,Sleep stage W
-0.6493078414547208,-0.6418456167588888,-0.6408243722995489,-0.6405950487780445,-0.6404677950454403,-0.7094084603321859,-0.5976679504040447,-0.6529382724632662,1.1818265345431067,-0.4929831968644626,0.1568810576621735,2.8371966347800543,-0.2730284121959196,Sleep stage W
-0.6494106249125331,-0.6418879460286057,-0.6408633546264672,-0.6406333472351488,-0.6405141363213174,-0.7119913076637844,-0.7340817613244478,-0.6530182027240611,1.0688160604167816,-0.6608293429918249,-0.020722402108361862,1.5219095799947095,0.8361056248437485,Sleep stage W
-0.6494269016641548,-0.641897025794865,-0.640874966985818,-0.6406457269409419,-0.6405539938134472,-0.714792096901331,1.062301269573232,-0.6530986406303101,0.4921124572528526,0.26802732655364864,-0.0215139448325074,-0.009936444073454707,-1.3821624492356026,Sleep stage W
-0.6494959518216515,-0.6419109600539594,-0.6408874821399893,-0.6406575056866878,-0.6404974631024387,-0.7134016285016982,0.012177446219633797,-0.6530595415293414,1.1338734934126966,-0.8262344271474947,-0.2333026596595085,2.391678890814948,-0.2730284121959196,Sleep stage W
-0.6494874100048035,-0.6418909839941366,-0.6408687049458293,-0.6406392903402182,-0.6405318968155949,-0.7163648381736393,0.44182589650550885,-0.6531410511321581,0.4004205403800488,-0.25183406711902623,-0.2833318999800579,1.3794210940028386,0.8361056248437485,Sleep stage W
-0.6494165824913496,-0.6419138812980825,-0.6408892949977861,-0.6406593196572232,-0.6405449750341732,-0.7110784205015237,-1.0801235223589674,-0.6529906241751869,0.8250711507838471,-0.5225033722002537,0.09316356131650758,1.574801394440792,-0.2730284121959196,Sleep stage W
-0.649423660787453,-0.6419626753683715,-0.6409434762095813,-0.640714867937925,-0.6406249370455626,-0.7185945954543581,0.7637305747031584,-0.6531974265637724,-0.584994946410597,1.2839108105394388,0.42961008262591294,-0.1546457627980271,0.8361056248437485,Sleep stage W
-0.6494936395742338,-0.6419486186258068,-0.640925245342205,-0.6406956470149693,-0.6405959069896499,-0.7118407989210659,0.818304103040563,-0.6530135947539907,0.3042072184536035,-0.0016148987120374624,-0.024584765565588432,0.8713376741807194,-0.2730284121959196,Sleep stage W
-0.6489971192036728,-0.6418176930589992,-0.6408046105349333,-0.6405770954310424,-0.6404619955129243,-0.7079897705734078,-0.083567358761696,-0.6528918921044393,0.8521929928955781,-0.22112840521607063,1.0847376468347645,1.5199524319354534,-0.2730284121959196,Sleep stage W
-0.6495392405803582,-0.6419625338720608,-0.6409388773474725,-0.6407090514112506,-0.6405849004145895,-0.7184651965295252,-0.6623004863306892,-0.6531941693999658,1.2322542837114792,-0.8854841370985459,-0.1542828122395048,1.1845882677353772,0.8361056248437485,Sleep stage W
-0.6495178822078769,-0.6419487728650846,-0.6409280865195097,-0.640698779277447,-0.6405462317230779,-0.7180146196377866,-1.2435553558149377,-0.6531831010678852,1.437079279635378,-1.1010001498619062,-0.11384480962246837,2.5485016010711887,0.8361056248437485,Sleep stage W
-0.6495642527687127,-0.6419032734100741,-0.6408788137491068,-0.6406484262069918,-0.640460669110194,-0.7099967505331191,0.7728684634162342,-0.6529570107880517,2.1916460948795677,-1.3668695160913469,-0.5405925262347763,3.3468368805688833,-0.2730284121959196,Sleep stage W
-0.6491158211275255,-0.6419749024492404,-0.6409570676899226,-0.640728672663123,-0.6406314228860626,-0.7120305690122898,0.028690606852134152,-0.6530195025136291,0.5542186308865529,0.0797240684878815,2.0840519756821845,0.7914393299556126,-1.3821624492355877,Sleep stage W
-0.6493286173356204,-0.6419506678733296,-0.6409304288519703,-0.6407011896900033,-0.6405597806279069,-0.7143265500628988,-0.030949848090685458,-0.6530856613365733,1.5251759832288396,-1.076291668042715,0.7642614191975492,2.723719748939895,-1.3821624492355877,Sleep stage W
-0.6492141945907717,-0.6419606942028502,-0.640941619344028,-0.6407126414585028,-0.6405647590815037,-0.7111470646314769,0.48700067495180954,-0.6529925826391232,1.5565869487655148,-0.7529575327158287,1.4084775245571415,2.2074955057379473,-0.2730284121959196,Sleep stage W
-0.649428667711357,-0.6419245693884872,-0.6409041731474747,-0.6406748869176059,-0.6405409314511837,-0.7146330770183593,0.10273444687324859,-0.6530941515276714,2.139707477932095,-1.3572376693955526,0.13552650897161847,1.8082700551162787,0.8361056248437485,Sleep stage W
-0.6495072349473581,-0.6419438695251983,-0.640921449502211,-0.6406920238994961,-0.6405839405000903,-0.7149360717143437,0.10511933864132901,-0.6531026639030937,1.2198662540011678,-0.42756951997941306,-0.10577293385133665,1.6345509519288595,0.8361056248437485,Sleep stage W
-0.6494159574315281,-0.6419037166760279,-0.6408813974830975,-0.6406520574116764,-0.6405556543999135,-0.7152636293770118,0.21022906956079723,-0.6531115031742799,0.9467309528288506,0.27992061371413435,0.05477687897186604,1.0599159394174544,-0.2730284121959196,Sleep stage W
-0.6488330393212388,-0.6419719202789773,-0.6409526886251692,-0.6407237761025358,-0.6405975907712121,-0.7086557321890644,-0.07039257078791192,-0.6529138178836816,1.5186714650302815,-0.5768944182045379,3.4115828467507057,2.564736101376864,0.8361056248437485,Sleep stage W
-0.6487642913876125,-0.6416515073888072,-0.6406258481031225,-0.6403957560642852,-0.640298205158257,-0.6999529416849565,-0.34241012848301505,-0.6525975522101899,0.8709712616722568,0.4938568093396842,0.7426928149873152,1.4662628591674378,0.8361056248437485,Sleep stage W
-0.6494040424664441,-0.641896643520946,-0.6408730854331504,-0.6406434811369535,-0.6405486493302558,-0.7054652457839294,-0.20997639669274235,-0.6528052278345384,-0.14026423348862216,0.7007035644764982,0.055169106301118084,1.4455361301869092,-0.2730284121959196,Sleep stage W
-0.6495419252437371,-0.6418937142213705,-0.6408699238257948,-0.6406402642669643,-0.6405465170278941,-0.7142461501400228,-0.5333915955123857,-0.6530834329061231,0.6612528915693644,-0.127441221468881,-0.48732393916956873,1.565894318986621,-0.2730284121959196,Sleep stage W
-0.6492665843709468,-0.6418258161194035,-0.6408028254187405,-0.6405733560715848,-0.6404811664620692,-0.7124215863001956,-0.3457933205368566,-0.6530308905663201,0.5374501853240339,-0.19354226122619678,0.18762032400353992,1.907662973240535,-0.2730284121959196,Sleep stage W
-0.6494246958685225,-0.6419223300790224,-0.6409020291509189,-0.6406731666714409,-0.6405824785221624,-0.7141253957413789,-1.4108926249467408,-0.6530799991835234,-0.06102594279024526,0.4099983709295071,0.1393710266862838,0.9031296888727999,-0.2730284121959196,Sleep stage W
-0.6493419800285825,-0.6418644195086356,-0.6408435607218843,-0.6406144495725413,-0.6405097091162942,-0.7112198990515345,-0.5926530212405504,-0.6529947872909616,0.4155967879895283,-0.7913371278338827,0.13455177185583458,1.6635694279939213,0.8361056248437485,Sleep stage W
-0.6493191087158534,-0.6418399440729554,-0.640818197290531,-0.6405890239671557,-0.6404980257197639,-0.7077156790011344,0.41443179888886783,-0.6528826392479268,0.022390697019696454,-0.08722573689719061,0.08857794495348033,-0.3919416035718455,-1.3821624492355877,Sleep stage W
-0.6495877570364702,-0.6419601968933533,-0.640937166877289,-0.6407077327005677,-0.6406169092459213,-0.7189367477053693,0.6929924610770521,-0.65320537188989,-1.059196588201105,0.9902673922936155,-0.3893255506455828,-0.4697935280670903,-0.2730284121959196,Sleep stage W
-0.649706134327993,-0.6420588038907824,-0.6410365076115416,-0.6408072170445045,-0.64071493982944,-0.7182810630444337,0.040215779145396036,-0.6531893682660461,-0.08127245340276323,0.025124556635025937,-0.47772971372378753,0.700471336488337,-0.2730284121959196,Sleep stage W
-0.6493864461865276,-0.6419308176457855,-0.6409107408378826,-0.6406819429333074,-0.6405924812113669,-0.7117959024202676,-1.9720300174854763,-0.6530122379303874,-0.10042640436827552,0.015170032946219554,0.3575991105838922,0.5075348792030473,-1.8007981606282735,Sleep stage W
-0.6495504036716025,-0.642029332517496,-0.6410092319585536,-0.6407804358358004,-0.6406913850629775,-0.7201477716080609,-0.8008271028371861,-0.653234033981043,0.06074881979935582,-0.40775209189931916,0.3118640682310441,-0.0034748125528136706,0.8361056248437485,Sleep stage W
-0.6494469682778732,-0.6419463977211709,-0.6409242821561782,-0.6406950473168586,-0.640606200116429,-0.7173060046596516,1.9812819136530313,-0.6531649518791507,-0.534778875965134,-0.20981015130125644,0.1800088278497104,0.4344908703470419,-0.2730284121959196,Sleep stage W
-0.6494179242512,-0.6419491827346693,-0.6409284851283895,-0.6406995487479142,-0.6406105055133341,-0.7179445214158402,0.21589480747195744,-0.6531814068152993,-0.49466089528660845,-0.20797226845775305,0.3417177116232602,0.9942101960175526,0.8361056248437485,Sleep stage W
-0.6493471499921025,-0.6419576909507982,-0.6409353245553607,-0.6407060095371228,-0.6406145593434271,-0.7137557463421478,0.7724054263270097,-0.6530695570042381,-0.4693628187246625,0.6101952947958397,0.7168946519337059,0.3895004504205132,0.8361056248437485,Sleep stage W
-0.64948838375058,-0.6419918564061277,-0.6409687847132861,-0.6407393425132202,-0.6406495828786946,-0.7187102996097757,0.7030066457948093,-0.6531999472520544,-0.4319173934638351,0.43792588583207653,0.3017524290239065,-0.1086644570852078,-1.3821624492355877,Sleep stage W
-0.6496338009793162,-0.641915049769351,-0.640889492121355,-0.640659508920201,-0.6405696995363015,-0.717359790707522,1.0208109374822267,-0.6531665166574697,0.0759237427900752,-0.31762957249660123,-0.7801839583998033,0.2901891833168037,-0.2730284121959196,Sleep stage W
-0.6494944060123693,-0.6420182682507629,-0.6409985320780673,-0.6407698143940416,-0.6406806145604647,-0.7228414990092339,-0.8395897607974152,-0.6532931208189737,-0.23728668250286958,-0.5058052048287536,0.5429050745471832,0.10992107237466889,0.8361056248437485,Sleep stage W
-0.6493886254813336,-0.6419894988734025,-0.6409692086856497,-0.6407403705188137,-0.6406513724441637,-0.7185217210155316,-0.22110865721166065,-0.6531953458820196,-0.4205223349437709,-0.48516809656397974,0.830749978630729,1.09310679186427,0.8361056248437485,Sleep stage W
-0.6495295989367297,-0.6419992230157671,-0.6409768486650997,-0.6407475627657373,-0.6406579729450697,-0.7169395366246221,-1.147454542738474,-0.6531558130037816,-0.46642815243031366,-0.5074113620261232,0.14909824897553026,0.3749391315874996,-0.2730284121959196,Sleep stage W
-0.6491998252096578,-0.6418816368591388,-0.6408626609841126,-0.6406341111733028,-0.6405453456399212,-0.7128513845634078,-0.4964697059936295,-0.6530432994858354,-0.5655085287173982,-0.012011894636378447,0.7723161718622056,0.09170449426385298,0.8361056248437485,Sleep stage W
-0.6495089187036543,-0.6419590765606374,-0.6409370252783891,-0.6407077975682132,-0.64061857013568,-0.7180424172155867,0.1606258220753497,-0.653183825979647,-0.28118397688595165,-0.6237963219956714,-0.021586814543983736,1.2210325833364175,-0.2730284121959196,Sleep stage W
-0.6496221203448713,-0.6419705388074539,-0.6409462850573958,-0.6407165937776473,-0.6406274096016905,-0.7179212351694749,-0.21403990829316072,-0.653180610076399,-0.3930408931380689,-0.52975982236617,-0.5090776543640718,0.7345635251398739,-0.2730284121959196,Sleep stage W
-0.6496211363692473,-0.6419553474272238,-0.6409318062886578,-0.6407021972517022,-0.6406011365303814,-0.7117926364618103,-0.9114644455498344,-0.6530122648165384,-0.02580726353248575,-0.7435245977819732,-0.5686107884593601,0.6684168333465407,0.8361056248437485,Sleep stage W
-0.6494893810671567,-0.6419342718741459,-0.6409120593026316,-0.6406828021880051,-0.6405925270833448,-0.7153925619389448,-0.975081533510821,-0.6531148747533563,-0.6187376861251004,-0.1935943336330844,-0.07966318540228311,0.8134783268110306,0.8361056248437485,Sleep stage W
-0.6494264402679236,-0.6420271238024617,-0.641004795950674,-0.6407755191150011,-0.6406855887205998,-0.7155499411986057,-0.08926493694180897,-0.6531191089382329,-0.6871676741066858,-0.2682896087858481,1.0092455474944602,0.052357937712773174,0.8361056248437485,Sleep stage W
-0.6492404720871904,-0.6419416237681921,-0.6409186728649168,-0.6406892562723799,-0.6405999301156297,-0.7151192818372657,-1.1861096612968085,-0.6531074122526871,-0.8829487480563236,-0.09655328136651357,1.0496063085872378,0.42097618626035577,-0.2730284121959196,Sleep stage W
-0.6493423869837921,-0.6418890319149954,-0.6408641706510962,-0.6406342994335111,-0.6405414772415593,-0.70557188596587,0.2882279203754801,-0.6528089549581435,-0.5602013981967481,-0.20314438491457307,0.23905266865549057,0.5890003288699374,0.8361056248437485,Sleep stage W
-0.6493867613698328,-0.6418266679982072,-0.6407962639339533,-0.6405652049552011,-0.6404734163484782,-0.7085791840251809,-1.9299326955671499,-0.6529112689593412,-1.0725168562999499,0.375968037009866,-0.23160856520367393,-0.10599473256438278,0.8361056248437485,Sleep stage W
-0.6489090302765711,-0.6418826759306533,-0.640860186303588,-0.6406308667863072,-0.6405413849271411,-0.7088316589729825,-0.9122942761309157,-0.652919462092671,-0.6767007532890738,-0.005710792062137641,1.830749832213774,-0.27922935083977757,0.8361056248437485,Sleep stage W
-0.6496522479038482,-0.6419514013977295,-0.6409268821099952,-0.6406971464595814,-0.6406084850509646,-0.7134509616982061,1.8132292530440273,-0.6530608365720636,-0.778260068917461,-0.1725104571727661,-0.7302947207270472,-0.9724885246696133,-1.3821624492355877,Sleep stage W
-0.6492059755519918,-0.641915197131416,-0.6408926114943864,-0.6406632386504835,-0.6405686809982629,-0.7131212256525105,-0.99408660745307,-0.6530515386127187,-1.1346806650934402,0.6714690154248977,0.9704110216579828,0.5747335651582726,0.8361056248437485,Sleep stage W
-0.6495810643330324,-0.6420033867959957,-0.6409791019279202,-0.6407493987189306,-0.6406592273786826,-0.7155321822185493,0.06336027878159221,-0.6531185668651285,-0.9582889700036784,-0.49305902387255834,-0.11442802562711564,0.3604959701415003,0.8361056248437485,Sleep stage W
-0.6495977275672397,-0.6419158889841174,-0.6408914074738071,-0.640661655530601,-0.6405713562859086,-0.7177439116063983,-0.5675928336219392,-0.6531761244808809,-0.5179432740531412,-0.6936546869983284,-0.6274368168505333,0.5985065847922313,0.8361056248437485,Sleep stage W
-0.6494255902522109,-0.641895289789508,-0.640870721957299,-0.6406408449694501,-0.640539412281647,-0.7154682129688253,0.4862478196303109,-0.6531170581547225,-0.9058524495358746,-0.25371503705406073,-0.04068241128655127,0.8216855951928659,0.8361056248437485,Sleep stage W
-0.6495314008436829,-0.6419716435172602,-0.6409482468586671,-0.6407187092616137,-0.6406260145898834,-0.7164129550870793,-0.7987968033981492,-0.6531422407771876,-0.310494210740237,-0.14274498353786533,-0.060495099067521714,0.5681004457549429,-1.3821624492355877,Sleep stage W
-0.6492385664465807,-0.6420171291236676,-0.640993330664927,-0.6407637228981354,-0.6406724973208321,-0.7139404750490129,-1.2793758191958884,-0.6530748341459227,-0.21388788619866408,-1.0171977166963257,1.9441305401351379,-0.004295555916687091,-1.3821624492355877,Sleep stage W
-0.6491057171314152,-0.6418282304580726,-0.6408018007574103,-0.6405715811771131,-0.6404794572656826,-0.6961872874282832,-2.192181183977539,-0.6524410558651853,0.49051187352070946,-1.082787218273016,0.6966500959126759,0.21472174261138863,-4.019066234707609,Sleep stage W
-0.6494494744861246,-0.6419855824096786,-0.6409657819375051,-0.6407370460582127,-0.6406471421455633,-0.7153952311049095,-1.321202253838254,-0.6531151242696321,-0.20326562722621003,-0.467111271271555,0.48406472978808535,0.32327641170515065,0.8361056248437485,Sleep stage W
-0.6496222336708396,-0.641972275288448,-0.6409469179484429,-0.6407169534517632,-0.6406247844011644,-0.7120265991045408,-0.481669912917141,-0.6530195315135328,0.008327765354741728,0.022180748026599226,-0.5078198823197236,0.17778567827901437,0.8361056248437485,Sleep stage W
-0.6495810608119336,-0.6419314927355191,-0.6409098391593985,-0.6406806806153422,-0.6405879875311515,-0.7113367838728399,-0.8845792199592911,-0.6529989059733747,-0.4614005051298257,-0.11414589563538437,-0.4833292704203706,0.7594838640045982,0.8361056248437485,Sleep stage W
-0.64948676794,-0.6420082213440333,-0.6409847241206027,-0.6407551696930556,-0.6406636478011066,-0.7152625271255124,-1.4040909509578894,-0.6531114765122079,-0.2905083499996784,-0.565183166020034,0.44616596706038647,-0.2116605871402764,0.8361056248437485,Sleep stage W
-0.6494480624737428,-0.6419711425202314,-0.6409483409352479,-0.640718963175372,-0.6406297844337692,-0.7156850028594579,-1.065514922731575,-0.6531227429882676,-0.6816272919142381,-0.33308514788044896,0.3440103347415578,0.026042200794110078,0.8361056248437485,Sleep stage W
-0.6491152642940469,-0.6419077099689934,-0.6408841278794939,-0.640654566921505,-0.64056522468545,-0.7096744413496855,-1.527185590125485,-0.6529467122761612,-0.6726209350499565,-0.28814018825285487,1.2602668656764924,0.29410228607550326,-0.2730284121959196,Sleep stage W
-0.6493196708806656,-0.6419634275708654,-0.640940099215719,-0.6407105891409682,-0.6406209713898253,-0.7108038333797709,-1.410261674626723,-0.6529822388657044,-0.7221653173879465,-0.33770552267744053,0.8856905852492436,0.6822202486710457,-0.2730284121959196,Sleep stage W
-0.6495688498997565,-0.6419405028567184,-0.6409183493772784,-0.640689099257354,-0.6405995147341931,-0.7168204545083877,-1.3242802529678483,-0.6531527014943694,-0.5894457332661426,-0.451755897023261,-0.39306580299224547,1.2116204901849055,-1.3821624492356026,Sleep stage W
-0.6492900600172143,-0.6418617180643441,-0.6408386171222298,-0.640609152897173,-0.6405196832801886,-0.711592006470145,-1.157636926779589,-0.6530060818821122,-0.629069092265755,-0.4042437380566113,0.2898380258192034,1.1618078518013664,0.8361056248437485,Sleep stage W
-0.6496166641738071,-0.6419930610791967,-0.6409699077933912,-0.6407404051037086,-0.6406481483226033,-0.7140164372550362,-1.3944165420103423,-0.6530774094437211,-0.6283018227464748,-0.4195750416544282,-0.35890353319223556,2.756168613269,-0.2730284121959196,Sleep stage W
-0.6493765821771124,-0.6420322050124576,-0.6410124471700762,-0.6407836597173956,-0.6406872118232717,-0.7131487487100039,-0.37620990173140445,-0.653052198825108,0.630095579210144,-0.8870556313652728,1.423505124763958,1.1463151645231067,-1.3821624492355877,Sleep stage W
-0.6491611506207546,-0.6418604174589845,-0.6408366423079168,-0.6406068315427157,-0.6404930283539566,-0.7048930869396912,-2.061662608513812,-0.6527852598744017,0.8812473363857637,-0.7002141658586037,0.7294774509793697,2.348446729749142,-0.2730284121959196,Sleep stage W
-0.6489675555515583,-0.6419302593950567,-0.6409092341005017,-0.6406800026821997,-0.6405679131309832,-0.7105580034189619,-1.2168754145905722,-0.6529748656517725,0.7207667158954965,-0.30045711725883584,2.1353507267615464,2.2990424717756013,0.8361056248437485,Sleep stage W
-0.6492835443618422,-0.6419326767040064,-0.6409100728546226,-0.6406803016314635,-0.6405479076939917,-0.714627202353827,-0.16164112832995206,-0.6530942468317091,1.1346715480421277,-1.0871722630882328,0.7897581990867585,3.9293544444072053,0.8361056248437485,Sleep stage W
-0.6489444701851314,-0.641880281379645,-0.6408615747784656,-0.6406329262886659,-0.6405267691055991,-0.7100656577223827,0.2870058788604712,-0.6529591673757329,1.0162766830183594,-0.3852512458634832,1.7200086365086735,1.910991189406339,0.8361056248437485,Sleep stage W
-0.649366109828508,-0.642027229317445,-0.6410064004607443,-0.6407773804388448,-0.6406821946412203,-0.7179672127590029,-0.38323664295412174,-0.6531820628396671,0.6380817026554609,0.895797137769368,1.3979561231544677,1.3598520196800326,0.8361056248437485,Sleep stage W
-0.6489303460776729,-0.6418843033272387,-0.6408607265987831,-0.6406311054389672,-0.6405340901142368,-0.7065156293094856,-0.7039617608176357,-0.652842043933823,0.7106340879042488,0.3497746079722502,1.7544915165483042,0.5661975365833408,-0.2730284121959196,Sleep stage W
-0.6492330457197052,-0.6419007217617372,-0.640882171092687,-0.6406536128749545,-0.6405519548093344,-0.71327282075106,0.5187341492643487,-0.6530558067387627,0.8660535462663457,-0.26217941838639114,0.7868081132079271,0.2523395194341936,-0.2730284121959196,Sleep stage W
-0.6491156007200709,-0.6417486389670104,-0.6407278459780941,-0.6404988221673013,-0.6404037443009173,-0.7065207011645822,-0.5079317669954792,-0.6528422976424513,0.711376741574617,0.3354491264723893,0.30227496783363644,0.3757613777350207,-1.3821624492355877,Sleep stage W
-0.6493992010887373,-0.641848327746308,-0.6408281256531322,-0.640599288468343,-0.6405062046760247,-0.7080512306593768,-1.3749536825431772,-0.6528940157590879,0.2043573020174839,1.002782304451351,-0.13699714701880783,0.16488244238472397,-1.3821624492355877,Sleep stage W
-0.6496490570172108,-0.6419810153766444,-0.6409575787744987,-0.640727909651978,-0.6406187449179612,-0.7189298476261446,0.18856728348736237,-0.6532053129511505,0.9143061756263462,-0.27184123031923,-0.5876102217511183,0.43862653938925494,-0.2730284121959196,Sleep stage W
-0.6491173255437275,-0.6418490087473119,-0.6408289780052175,-0.6406001411375464,-0.6405057717095909,-0.7074249575976075,-0.8734662132630527,-0.6528730245421923,0.6887916479436241,0.1722934770719824,0.8365729395150493,0.3860721553860639,0.8361056248437485,Sleep stage W
-0.6494908956152066,-0.6419596603112837,-0.6409377426844842,-0.6407084567652019,-0.640603045949585,-0.717046106773677,0.2654789365682067,-0.6531585867071236,1.0141927491289562,-0.4619976571346088,0.06719140779339912,0.9242109667107484,-1.3821624492355877,Sleep stage W
-0.6489583740682828,-0.6418691250812374,-0.6408501694210661,-0.640621532453648,-0.6405210166304462,-0.7061164231437624,0.002016779328166942,-0.6528283154677735,0.8940692931967033,0.38858043575323925,1.5633754900854744,0.8827944468049598,0.8361056248437485,Sleep stage W
-0.6495509221452064,-0.6419771717745025,-0.6409520572415743,-0.6407220543040248,-0.6406154999298082,-0.7169665995134672,0.050881549598832024,-0.6531564448185518,1.7613419503979462,-0.9756452662268931,-0.13422184903314868,0.40350087258795325,0.8361056248437485,Sleep stage W
-0.6497723732425799,-0.6420426980633273,-0.6410193628207334,-0.6407894992810301,-0.6406487346099745,-0.7232652706708813,-0.5301671741654348,-0.6533021865709496,1.4821806876433183,-1.0458684960562838,-1.011290956679143,2.403945940519089,0.8361056248437485,Sleep stage W
-0.6494791743221217,-0.641881880686967,-0.6408577718702283,-0.6406280380822429,-0.6405292358120687,-0.713604346528725,-0.9169390773083114,-0.653065272658373,0.9202071369237832,-0.5758361934041448,-0.30045688028203393,0.2253497170499682,0.8361056248437485,Sleep stage W
-0.6494921274927556,-0.6420158955633098,-0.640993844529082,-0.640764189640536,-0.6406131930757748,-0.7197664307219446,0.20428301548170266,-0.6532252153778697,1.7056395400114905,-1.1231943420987824,0.5050112250556641,2.19209773999509,0.8361056248437485,Sleep stage W
-0.6493453888357529,-0.6419819017113582,-0.6409578578129108,-0.6407281546054424,-0.6406340244473799,-0.7157415335116629,-1.639504667840743,-0.6531243699095892,0.07799054769739988,0.3884753779677875,0.929802356014391,0.3717841665921899,0.8361056248437485,Sleep stage W
-0.6495203640276507,-0.6419625567806555,-0.6409396111422325,-0.6407101570938829,-0.6406154434865994,-0.7170082546002954,-0.11741259686243191,-0.6531576340397861,0.6704062392701315,0.5425836828727011,-0.0605045777542458,0.09526208568329152,0.8361056248437485,Sleep stage W
-0.6496416282908677,-0.6420182634428664,-0.6409952385317793,-0.6407656627738051,-0.6406643384673103,-0.7205727321495937,0.5334199042639911,-0.6532438598241846,0.7195064395486827,-0.26188859016165233,-0.34456097754037573,0.621812814839686,0.8361056248437485,Sleep stage W
-0.6494656207947024,-0.6419312483625957,-0.6409066457020062,-0.6406766764571626,-0.6405600954852834,-0.717251400693369,0.7762848977468493,-0.653163675775742,0.7846470995324509,-0.5335825251003767,-0.01128532046213698,1.6026258143381291,-0.2730284121959196,Sleep stage W
-0.6494829317821109,-0.6420025886508784,-0.6409813516146389,-0.64075222011503,-0.6406519265232757,-0.7195230927168987,0.17338066117435375,-0.6532196591827926,1.117378982099324,-0.05989887928536447,0.4412386410563746,0.9581801654915696,0.8361056248437485,Sleep stage W
-0.6492310471261561,-0.6418199031914279,-0.6407983303718583,-0.640569004562867,-0.640449073341321,-0.7050987775714729,-0.6212609351644937,-0.6527921108649919,0.7670243052047602,-0.19117288863689955,0.2816647566112601,1.736468383924383,0.8361056248437485,Sleep stage W
-0.64957568499791,-0.6419620995286947,-0.6409386652772981,-0.6407089777540652,-0.6405971231768096,-0.7188629156827311,-0.21815304320822565,-0.6532036409994559,0.7542152199248215,-0.03869563143867136,-0.325736513781415,1.5460164721520184,0.8361056248437485,Sleep stage W
-0.6495916335253108,-0.6419495520141415,-0.6409255901818146,-0.6406959030367528,-0.6405994358342493,-0.7134908929580395,0.6159452887313971,-0.6530620067335642,0.7209067058860873,0.6273484319607049,-0.4627140103348889,0.6023398425672979,-2.491296486275256,Sleep stage W
-0.6491138080710154,-0.6418365933986763,-0.6408179606846943,-0.6405893409086815,-0.6404820768555575,-0.7052846736234483,-1.2253001211702335,-0.6527986573016439,0.7382599877584894,-0.11711437693917291,0.7791446311909027,0.8960335977036502,-0.2730284121959196,Sleep stage W
-0.6493032575575888,-0.6419810941287077,-0.6409595355603335,-0.6407303551884734,-0.6406326041648212,-0.7184278460422594,0.8156665098980034,-0.6531931945202121,0.38602162323571654,0.8514962054232291,1.1642647424828727,0.7652403755075261,0.8361056248437485,Sleep stage W
-0.649417393919206,-0.6420841419292503,-0.6410630903362188,-0.6408339306849816,-0.6407221756953417,-0.7221394467103097,1.4683778301142243,-0.6532782730494033,1.0512490150396405,-0.4857627627761984,2.038683641859229,0.8135118237848329,0.8361056248437485,Sleep stage W
-0.6495480203814348,-0.642028278551903,-0.6410066067176845,-0.6407773846290995,-0.640678307217556,-0.7223867548666518,1.2005242753853331,-0.6532836262850861,1.29640703177954,-0.3526047584136839,0.29846535738782365,0.6714063734790564,0.8361056248437485,Sleep stage W
-0.6496493031162146,-0.6420369200283627,-0.6410143605721645,-0.6407849743562234,-0.6406877334296194,-0.7222177203053944,-0.29793141340683454,-0.6532800010855482,0.3964219149033336,0.4018546808571493,-0.2612167074529633,0.9510823773031012,0.8361056248437485,Sleep stage W
-0.6489327694882521,-0.6416810628215084,-0.6406631744480199,-0.6404348222143481,-0.6403435386816599,-0.7054394195276348,-0.021224517855155736,-0.6528041954845548,0.31964036973038396,0.9557637020914183,0.5074178023013804,0.6369677467001809,0.8361056248437485,Sleep stage W
-0.6494726885509157,-0.642017603174012,-0.6409942170449093,-0.6407646810211339,-0.6406705687029537,-0.7192695179659261,1.8962888385577763,-0.6532135158602691,0.5167291547108254,0.023012883982048815,0.6171212855045997,-0.29378511071661456,0.8361056248437485,Sleep stage W
-0.649483024963389,-0.6419955891461654,-0.6409730538707922,-0.6407436814633639,-0.6406497422076041,-0.7175151257474336,0.7925100015939927,-0.653170419438545,0.9235010135081716,0.015878522403487118,0.36594898744936677,-0.10697809330246023,-2.4912964862752704,Sleep stage W
-0.6496952525382041,-0.6420840970332232,-0.6410629807211539,-0.6408339297441388,-0.6407394880165809,-0.7255200740086393,0.2978139496935952,-0.6533456990402443,0.6438145875899857,0.6748784909044075,-0.1782652798290802,-0.055462925107189066,0.8361056248437485,Sleep stage W
-0.6495284736008293,-0.6419632520048041,-0.6409410754072741,-0.640711774726451,-0.6406159621568425,-0.7151949697684133,-0.8236349898659266,-0.653109551764292,0.8603603375142542,0.09472150973809598,-0.0888473688861717,0.4161353217732878,0.8361056248437485,Sleep stage W
-0.64947530335797,-0.6419467945704772,-0.6409225931337528,-0.6406928638529481,-0.6405984627400932,-0.7145832725036589,-0.80539288445484,-0.6530926096526948,0.5306255860684125,0.4146706705175387,0.04029632085450926,0.3392480731169388,-0.2730284121959196,Sleep stage W
-0.6497134380309166,-0.6419667274878159,-0.6409417869120141,-0.6407116801798127,-0.6405934410718177,-0.7200964600174264,0.42280474029840603,-0.6532328101849351,0.8413043046982529,-0.7433842599550072,-0.961868511350176,2.014757866645353,0.8361056248437485,Sleep stage W
-0.6494131820782602,-0.6419080722339817,-0.6408845630308408,-0.6406550014652582,-0.6405619593679199,-0.7092315439447292,0.35358033250974846,-0.6529324370288693,0.22194650762427975,1.0118637567849864,0.08166762416196613,0.271481914032331,-0.2730284121959196,Sleep stage W
-0.649581585892364,-0.6420151375646063,-0.640991843639195,-0.6407623055033462,-0.6406670859840629,-0.7173540401017409,0.7586982059244992,-0.653166429162781,0.6409999086939195,0.6747606672117488,-0.025004430706610393,0.37411848120498853,0.8361056248437485,Sleep stage W
-0.6494058413351211,-0.6417858201069218,-0.6407584832918761,-0.6405280560005406,-0.6404313023560312,-0.7106272323213078,0.09088254883455123,-0.6529764412832334,0.6871590541892119,-0.06267408407651308,-0.41486167329744317,0.6106561760684178,-0.2730284121959196,Sleep stage W
-0.6495867567235597,-0.6419825452315596,-0.6409583903545776,-0.6407286983109962,-0.6406360060154842,-0.7214408156311168,-0.47519712053015956,-0.6532629997866288,0.5449431823264042,0.5051545874121216,-0.2728672178697363,-0.2049006501820231,0.8361056248437485,Sleep stage W
-0.649284907573846,-0.6418275467847409,-0.6408023814013937,-0.6405723957981114,-0.6404728520437938,-0.7115326064509738,1.067313561054981,-0.6530042184676684,0.7176257378727906,-0.07229189077740665,0.12421281922784955,0.14852256802330305,0.8361056248437485,Sleep stage W
-0.6494802401038207,-0.6419186150492522,-0.6408960394616987,-0.6406666541206344,-0.6405688027725357,-0.7162556770387479,0.0126701507020214,-0.6531379457822934,0.8286580949893962,0.2214229067420926,-0.12672501657888235,0.4175737989760934,-0.2730284121959196,Sleep stage W
-0.6493637199741212,-0.6419194760204404,-0.6408974485104197,-0.6406681861480499,-0.64057385767486,-0.7138078380633409,-0.05669340809465901,-0.6530708677967897,0.44188103695485004,0.7638578608365597,0.36143215167887627,0.28227857930226335,0.8361056248437485,Sleep stage W
-0.6495087806578769,-0.6419391722475662,-0.6409159389802184,-0.6406864163614879,-0.6405905070348745,-0.7171256808017746,1.3240352052129727,-0.653160614626135,0.5863066916747613,-0.009787758142685699,-0.1437586846029334,0.189438752564876,-0.2730284121959196,Sleep stage W
-0.649388165374371,-0.6419800184104584,-0.6409590042866734,-0.6407299486144751,-0.6406321485388214,-0.7151285860534421,0.7934752350892307,-0.6531077340128969,0.5563664201204713,0.6673689191402018,0.7328627668177616,0.5107872252824734,-2.4912964862752704,Sleep stage W
-0.6494298697686816,-0.6419908179282787,-0.6409702771515495,-0.6407413648543971,-0.6406498061793616,-0.7169146800823349,-0.11347803192488623,-0.6531552751437423,0.11080176233708464,0.6661922845205106,0.6248945782329176,0.4926234843219421,-0.2730284121959196,Sleep stage W
-0.6496289112911704,-0.6419634897268371,-0.6409392344745805,-0.6407094304972087,-0.6406062520082562,-0.7160433862503316,0.5258720034734107,-0.6531335728510753,0.39572226079692835,1.2402955237312632,-0.573165357033235,1.642016269507544,-2.491296486275256,Sleep stage W
-0.649050853739306,-0.6416671299192157,-0.6406414938653496,-0.6404113570953611,-0.640309404279747,-0.7037722834702936,-0.9686072971205989,-0.652765462037995,0.2515496277528808,3.789377316538371,0.1355677925196227,2.411667048288556,0.8361056248437485,Sleep stage W
-0.6496856327847753,-0.6420465843032598,-0.6410248505779604,-0.6407955878042674,-0.640688662901722,-0.7260109314880698,-0.10689610376818942,-0.653369651917385,0.4778085796777289,1.3245367225817852,-0.41867827450291545,2.0963255710883204,-0.2730284121959196,Sleep stage W
-0.6493261743451605,-0.6419866181308486,-0.6409667656990037,-0.6407378771553303,-0.640632021494449,-0.7124100316544749,-1.4453942845446113,-0.6530357075537665,0.7670265851887051,1.2408129020232554,1.1306104960191834,1.986180393856597,0.8361056248437485,Sleep stage W
-0.6492975723234571,-0.6419422212163967,-0.6409171426590259,-0.6406868518442533,-0.640541488664743,-0.714966270287055,-0.28636505857562883,-0.6531040676035388,0.8785588450151319,-0.6533441310449698,0.7825513765292696,3.4991404452188837,-0.2730284121959196,Sleep stage W
-0.6490623352237372,-0.6419139753213698,-0.6408936254580011,-0.6406646638114982,-0.6405641742857877,-0.7082860776456347,-0.7409308740735999,-0.6529017888376493,0.6873604816949038,0.13417289310320096,1.56895672644818,1.2261375549479934,-1.3821624492355877,Sleep stage W
-0.649380657536959,-0.641908955175918,-0.6408870569221439,-0.6406577976307791,-0.6405614935294432,-0.7148883637181334,-1.1749320168967272,-0.6531015038403537,0.7479776978398178,0.47101395284994074,0.22771371722213427,1.939917956816586,0.8361056248437485,Sleep stage W
-0.6489686095722045,-0.6418235236280002,-0.6408018580756868,-0.6405726715690636,-0.640479055636932,-0.7064633506212105,-0.9391375908447137,-0.6528399085573668,1.0869830922744117,-0.49166016927231243,1.1454402326911866,1.0926841714018525,0.8361056248437485,Sleep stage W
-0.6495572761733787,-0.6420222072699323,-0.6410003599612346,-0.6407711587375874,-0.6406785452417835,-0.7207639404795995,0.03610878616800983,-0.6532487589809772,0.5060316551101977,1.1654188072652123,0.18670456108626846,0.7772771546645943,-0.2730284121959196,Sleep stage W
-0.6494349603077981,-0.6419567848049879,-0.6409361165026946,-0.6407070830164576,-0.640601801221931,-0.7175870703600471,-0.7441434799805019,-0.6531722904723442,1.0987318241613067,-0.29332199198962583,0.3186570406815293,1.2579596524207894,0.8361056248437485,Sleep stage W
-0.6496649382565117,-0.6420050903209945,-0.6409829957188545,-0.6407537203304973,-0.6406574784332842,-0.7226101926557248,-1.9111628706271377,-0.6532882507263602,1.2045271685697823,0.10816540424358431,-0.544767696844862,-0.2166976569858895,0.8361056248437485,Sleep stage W
-0.6489300201634108,-0.6420028879020663,-0.6409817132456563,-0.6407526534650835,-0.6406612340229735,-0.711548463150983,-0.48980034877279643,-0.6530048725547279,0.3271999617029496,3.001278313503915,3.467081530250955,-0.3540162234938315,-0.2730284121959196,Sleep stage W
-0.649662362028372,-0.6420228603896704,-0.6410004288612623,-0.6407711442044469,-0.6406822304293291,-0.7211439018789103,-0.498731419485879,-0.6532564985192071,-0.6065507278357448,3.5457825265162106,-0.43242365943968625,-0.9037550737969668,0.8361056248437485,Sleep stage W
-0.6493005636362068,-0.6419096162020475,-0.6408869113416718,-0.6406574937660322,-0.6405638980454417,-0.7104374490365223,-0.22305071669422852,-0.652970657514741,0.5879703179238627,0.2312026032218344,0.5459311672419238,1.3664006337501067,0.8361056248437485,Sleep stage W
-0.6494543158830559,-0.6419640372453039,-0.6409438090067113,-0.6407149303340697,-0.6406201037448066,-0.7181478357418548,0.004437381360958009,-0.6531862335539398,0.5693595685337481,0.39574680842233895,0.2842833315279371,1.674103238927966,-0.2730284121959196,Sleep stage W
-0.649461574774576,-0.641828190755126,-0.6408064663615072,-0.640577251094856,-0.640480712453657,-0.707789332381491,-0.1294226576165284,-0.6528850988406131,0.6987791572071829,0.22222013699181253,-0.4291390652694613,1.779412395843417,-1.3821624492355877,Sleep stage W
-0.6494345609213293,-0.6419166264219236,-0.6408921892258375,-0.6406623829880949,-0.6405666601019019,-0.7150895068028598,1.1526993903427902,-0.6531067540318269,0.7694752995991909,-0.14572565289343167,0.036974161443245335,1.5743070256642255,-0.2730284121959196,Sleep stage W
-0.6488762219005599,-0.6417826767368389,-0.6407677815371621,-0.6405400406167417,-0.640446036077482,-0.7058651928909414,-0.6748041242737646,-0.6528192312573191,0.6811458942607723,0.7445676760900526,1.2127836321901615,1.2948502855682582,-0.2730284121959196,Sleep stage W
-0.6492156878121534,-0.6417392550428325,-0.6407168078904977,-0.6404874336490084,-0.6403938339811983,-0.70676399926355,-3.2147231790169783,-0.6528504597465239,0.5620116508418971,0.21191662384658844,-0.015737478825723274,1.3286479099819146,-0.2730284121959196,Sleep stage W
-0.6496172394557259,-0.6419159477445813,-0.6408918842506979,-0.6406621031914675,-0.6405610386119035,-0.7158539214543311,-2.9386359708080225,-0.6531272478127796,0.8710016652023759,-0.17875698165722312,-0.7044316936101488,1.2844771587503798,0.8361056248437485,Sleep stage W
-0.6494514499657604,-0.6419043297650364,-0.6408810148659014,-0.6406514574932315,-0.640557687300899,-0.7061535053519398,0.3963645525432556,-0.6528293986492507,0.24143309658733822,0.5927064798104975,-0.08804174536735249,1.0740122336339133,0.8361056248437485,Sleep stage W
-0.6492835960422118,-0.6418606011613381,-0.6408434854069248,-0.640615246353123,-0.6405173252409826,-0.7121016423846553,-0.2203106742813089,-0.6530216724678867,0.4758115658459506,0.28416822088802285,0.3469528952345998,2.0519994655017673,0.8361056248437485,Sleep stage W
-0.6492777095700102,-0.641884640163199,-0.6408625472195629,-0.6406332251460681,-0.6405354682791745,-0.7096644506907153,0.2748909088985657,-0.6529461174206496,0.4947836019681158,0.6198766981887447,0.47531102011302284,1.0936782592838572,0.8361056248437485,Sleep stage W
-0.6493540578773531,-0.6419119044650597,-0.6408888074534572,-0.640659312753423,-0.6405655747187798,-0.7130637681485464,-0.3880920632428131,-0.6530500840508712,0.16736844620881464,0.5148076481145243,0.34350177007461374,1.0394223465039432,-0.2730284121959196,Sleep stage W
-0.6490591031268997,-0.6419043792123882,-0.640883353584889,-0.6406543205001591,-0.640561808775889,-0.7107227830842917,-0.7210931978194086,-0.6529795610532227,0.6876169784869268,-0.11947395323709256,1.4809951134096813,1.1820090088024073,-0.2730284121959196,Sleep stage W
-0.6496075356877958,-0.6420222757035495,-0.6409994838676205,-0.6407700611778044,-0.6406761797057491,-0.7130086733136086,-0.40531638179691115,-0.6530482248228814,0.9962979650523593,0.14151503856198358,-0.11719555486234552,1.1051201963591266,-1.3821624492355877,Sleep stage W
-0.6494727499395401,-0.641917462903144,-0.640895309376732,-0.6406660263047512,-0.6405727898469386,-0.7160783256219386,-0.6965912495909626,-0.6531333883219193,0.7283494906999242,0.3195012180391512,-0.09933651640817555,1.2430361992599388,-0.2730284121959196,Sleep stage W
-0.6493755275057294,-0.6420244403404219,-0.6410041955200751,-0.6407753459305424,-0.64068329281036,-0.715464214733652,-0.19467174209533303,-0.6531169184265977,0.7382455166174209,0.3949545576383612,1.3125883756333323,0.8019243460064949,-0.2730284121959196,Sleep stage W
-0.6490752286682685,-0.6418693800443064,-0.6408468160666982,-0.6406172981520606,-0.640507958287191,-0.7093217830477865,-0.21801570076278304,-0.6529357481802006,1.3869940938201613,-0.84386373595372,1.1075095492268978,1.5459229779536683,-0.2730284121959196,Sleep stage W
-0.6491244218857045,-0.6418152805481008,-0.6407965934942017,-0.6405679245887428,-0.6404606364114548,-0.7075699148376795,-1.1711658993196832,-0.6528779848921239,0.8324559247281778,-0.518732286442447,0.6165165778837709,1.5755862575409876,0.8361056248437485,Sleep stage W
-0.6492620550800687,-0.6418356074612167,-0.6408106731962788,-0.6405807788244434,-0.640485935531205,-0.7087147595656366,-1.0521586796268732,-0.6529157508129975,0.7704013785830306,-0.13629509203078347,0.23835476634151057,0.7517231108506173,-0.2730284121959196,Sleep stage W
-0.6491645251548668,-0.6419913627679966,-0.6409696355087331,-0.6407404362443857,-0.640646546874908,-0.7129199053117112,-0.48138416655137,-0.6530456424575446,0.5792947572782584,0.5954313978882307,2.0018160350068928,0.7022126905507886,-0.2730284121959196,Sleep stage W
-0.6491266271150445,-0.6419400389173909,-0.6409208970289579,-0.6406921509782622,-0.6405859065008028,-0.7083496761902104,0.39467356760091454,-0.6529037721244318,0.6872348260283133,-0.2134472066132839,1.5823129097534967,1.1889406183057516,-0.2730284121959196,Sleep stage W
-0.6492764409907262,-0.6418743589473734,-0.6408525766169402,-0.6406232842522884,-0.6405163104439506,-0.712220302500691,-0.17690148405948192,-0.653025177557447,0.3872739311544337,-0.1485195205952324,0.41966631087397993,1.6550345650757636,0.8361056248437485,Sleep stage W
-0.6496326480444191,-0.6420262804596741,-0.6410027268243315,-0.6407731562391538,-0.6406788670949917,-0.7206257905234582,-2.3624792945156745,-0.6532450184128046,0.6363063289192297,1.0704629657559268,-0.24339023528019654,0.4402454100208686,-0.2730284121959196,Sleep stage W
-0.6492293481444142,-0.6419071987162664,-0.6408871590564318,-0.6406583478131697,-0.6405661036530905,-0.707372966526847,-0.8771759213275665,-0.6528714651736311,0.7500259742726471,0.26270405831821875,0.8370309957930852,0.4368927242015319,-0.2730284121959196,Sleep stage W
-0.6492615648704546,-0.6420115342651568,-0.6409895061022224,-0.6407602681117723,-0.6406684643693186,-0.7137395559411186,0.011309316712175405,-0.653069281569916,0.9774510506400349,-0.052500586610282195,1.762057392706456,0.06677627006471774,-0.2730284121959196,Sleep stage W
-0.6494427926845797,-0.6420073476262569,-0.6409824150378818,-0.6407525515555914,-0.6406600846376242,-0.7159734279023579,-1.1092023082326814,-0.6531306765590024,1.1663142644378692,-0.19016031666733008,0.6629031029857329,-0.062171508040995846,-0.2730284121959196,Sleep stage W
-0.6495121219246333,-0.6419858383079745,-0.6409612780455104,-0.6407315007732209,-0.64063957084847,-0.7105854655147146,-1.1355735284122124,-0.6529756772803689,0.6625176307945749,0.540636063445316,0.12049725827627819,0.345403230050233,0.8361056248437485,Sleep stage W
-0.6493427117833085,-0.6418723015931733,-0.640848873723093,-0.6406193170299589,-0.6405273361418651,-0.7048178223279952,-0.8965374818392481,-0.6527824651733887,0.7053664124873167,-0.010316877674931585,0.15650860608241143,1.288908758919509,-0.2730284121959196,Sleep stage W
-0.6488140677665216,-0.6417047111024388,-0.6406814850728357,-0.6404519398914088,-0.6403560023870521,-0.7018765499188904,-0.8700971183282495,-0.6526733246021984,0.6518669482328054,0.778896468378265,0.8812162268761707,0.8957903486221442,0.8361056248437485,Sleep stage W
-0.6493285481493029,-0.641844837644478,-0.6408246599123466,-0.6405956922057914,-0.6404886435856575,-0.7077499168933765,0.47557496325063164,-0.6528837838500572,0.4087958193993601,-0.1416583292819821,0.08895352583623024,1.7386969965932326,0.8361056248437485,Sleep stage W
-0.6494164370240318,-0.6419416871234506,-0.6409195117524255,-0.6406901965487759,-0.6405947408232929,-0.7134527842843994,-0.35109235039727005,-0.6530611529867755,0.6408236568141964,0.03380002494284354,0.2837941504722299,2.8892213382566942,-0.2730284121959196,Sleep stage W
-0.649479026610922,-0.6419183194735709,-0.6408940457000984,-0.6406642998827675,-0.6405698850119701,-0.7112883572603877,-0.8351997794031847,-0.6529969438354615,0.3897053181202902,0.6744260592690458,-0.13381275465610631,0.8615484612061187,0.8361056248437485,Sleep stage W
-0.6495633508061629,-0.6419664718780476,-0.6409414706829462,-0.640711581993777,-0.6406180804782867,-0.7165433588964293,-1.765927635092301,-0.6531456049557913,0.7697732398936027,0.3728583793251727,-0.25469470218458395,0.7730258276210545,0.8361056248437485,Sleep stage W
-0.6493582643402168,-0.6419455520293981,-0.6409228212595824,-0.6406933821949563,-0.6405966471233872,-0.7114407826520068,0.8634959112386673,-0.6530015385364195,0.9719834818476184,-0.06577196165924847,0.5643408541331245,1.381157191585713,-1.3821624492355877,Sleep stage W
-0.6496072776805709,-0.642000022876719,-0.6409784670867914,-0.6407493062238039,-0.6406544685759105,-0.7215911076660609,0.5946582039339461,-0.6532665930465317,1.1110077949862425,-0.11455182477043771,-0.2561785606630504,1.1913490056402245,0.8361056248437485,Sleep stage W
-0.6492351305235442,-0.6418840218917421,-0.6408613603718528,-0.6406319669775181,-0.640538156919449,-0.7125601526393021,-0.1977634529357436,-0.6530350800301681,1.1481825444615419,-0.21470945664606947,0.6259105258185926,0.572842519161226,-1.3821624492355877,Sleep stage W
-0.6496281022580114,-0.6420096628928528,-0.6409864120898916,-0.6407569103917813,-0.6406637533776942,-0.7152905465143221,-1.377710741560673,-0.6531123520845176,0.8724672668871495,0.21520399988536149,-0.32326285617984035,0.4244663053764969,-1.3821624492355877,Sleep stage W
-0.6490387283040416,-0.641784477440476,-0.6407607181474788,-0.6405310504340145,-0.640434239337929,-0.6997342339103274,0.44097346228282774,-0.6525891232175374,1.0877794909095435,0.16055533702655173,0.6759416722576297,1.4721175746493327,0.8361056248437485,Sleep stage W
-0.6493459646950058,-0.6418513439040743,-0.6408290169986708,-0.6405995295485459,-0.6404853312145347,-0.7096995369237322,-0.08312119705828716,-0.6529477814201485,0.2729043394366831,-0.18503810817581834,0.04775379713187464,1.3739472502874939,-0.2730284121959196,Sleep stage W
-0.6493679697806783,-0.6419469567118097,-0.6409219381307152,-0.6406919429250768,-0.640588997351982,-0.7156168068865645,0.694564809868756,-0.6531211950271936,0.28066368152486665,0.059194410969324276,0.5107604588662567,1.8261483182624192,0.8361056248437485,Sleep stage W
-0.6492622379199946,-0.6417905072069208,-0.6407703582385018,-0.640541434637725,-0.6404410746620525,-0.7051162401315775,-0.15067289461877204,-0.6527931568658328,-0.0038478934973753707,0.4740814171512093,0.059803284136499185,2.000348423375148,0.8361056248437485,Sleep stage W
-0.6493594857031001,-0.6418264409348058,-0.6408051295484568,-0.6405760310220732,-0.6404846047568045,-0.7114630600041351,-1.076504883434595,-0.6530024970864254,-0.004009740466229361,0.28590738852277703,-0.1016183469242103,0.7147883378513227,0.8361056248437485,Sleep stage W
-0.6492459863787651,-0.6419430654736809,-0.6409212700150587,-0.6406920490759623,-0.6405976215873161,-0.7125728416409688,-1.8716474539981187,-0.6530357554806278,0.9541958531456728,-0.06818579533130789,1.0513731827167365,1.067105939549912,-1.3821624492355877,Sleep stage W
-0.6494217631584637,-0.6418941026467009,-0.6408710183830045,-0.6406415285038122,-0.6405476017805211,-0.7151075422555356,-0.7632140826426527,-0.653107439136555,0.712592175951562,-0.01903924333443305,-0.022949393009601308,0.9401052491213765,-0.2730284121959196,Sleep stage W
-0.6493940506136779,-0.641919356991692,-0.6408975049440778,-0.6406683010191981,-0.6405754661490511,-0.7121758904773078,-0.6497918307341931,-0.6530239167005036,0.13158617256518446,0.7527971148396023,0.23699947538763033,0.17189395402119054,-0.2730284121959196,Sleep stage W
-0.6494206748576347,-0.6419662173642209,-0.6409436528976095,-0.6407143088392544,-0.6406233195765153,-0.7147054525840688,0.5852323185673496,-0.6530964720578614,-0.41510690814754053,0.9672805926943182,0.43955617339958775,-0.03967449908491116,0.8361056248437485,Sleep stage W
-0.64929444250629,-0.6419063518423177,-0.6408817869053749,-0.6406519279819527,-0.6405543706420306,-0.7124365005634155,0.118327119163107,-0.6530314899636199,0.9287665490417388,0.05533523750350915,0.5326050934372235,1.7235150109348973,0.8361056248437485,Sleep stage W
-0.6495308509472631,-0.6419481801375698,-0.6409255810265126,-0.6406962124299217,-0.6406022122686336,-0.7200337869568189,0.5581356470975322,-0.6532315235445711,0.8622276813929984,-0.06380909148807282,-0.18855834483076186,1.1981041892394337,-1.3821624492355877,Sleep stage W
-0.6495666137796181,-0.6419314138197801,-0.6409085986609953,-0.6406792067153494,-0.6405878063366369,-0.7170982434960801,-0.6927388750364826,-0.6531600388728963,0.7512175726656211,0.1284232181934395,-0.42815337167475676,-0.013348505081646663,0.8361056248437485,Sleep stage W
-0.6496264835284343,-0.6419819767736569,-0.6409584573518023,-0.6407289137293845,-0.6406387626707502,-0.719137241368509,0.18087367688640074,-0.6532104046356776,0.7850613894878837,-0.693056742321401,-0.4706241314200728,0.3851569895081239,-0.2730284121959196,Sleep stage W
-0.64944739114557,-0.6419688363725146,-0.6409463767178254,-0.64071705671089,-0.6406261032631955,-0.7150552959428926,-0.5925127491914562,-0.6531060131755161,0.5879421282865183,-0.0212522678742134,0.33292600738264805,0.6782280462616156,0.8361056248437485,Sleep stage W
-0.6491829240782792,-0.6420094036290661,-0.6409898065868972,-0.6407611045836696,-0.6406705581110581,-0.7129769264843391,-1.1402423522363219,-0.6530475477635258,0.4336669850057269,-0.025402736827027428,2.2186643649330087,0.8618498538254017,0.8361056248437485,Sleep stage W
-0.6491769543142781,-0.6420055957633891,-0.6409859752376857,-0.6407572709841,-0.6406675445600184,-0.7128573975396764,-1.2807336354999972,-0.6530437805920176,0.6289780488221459,-0.5699037833536456,2.1898183735103656,0.5421304233351948,0.8361056248437485,Sleep stage W
-0.6494874227867956,-0.6420243968858299,-0.6410028779383317,-0.6407737698936361,-0.6406838757752024,-0.7192966923781795,-1.2965406444088345,-0.6532141496682426,0.5428732593566512,-0.38932282834899506,0.6250430432152791,0.2527533426336873,-1.3821624492355877,Sleep stage W
-0.6492751113707041,-0.6419241782106274,-0.6409006205574622,-0.640671061395546,-0.6405808900789289,-0.7120633009499678,-2.7421776040302395,-0.6530203653271405,0.5463126067785595,-0.4758935580285535,0.7485320150801448,0.37989113417353926,-0.2730284121959196,Sleep stage W
-0.6493992895897192,-0.6419185786129731,-0.6408941156354795,-0.6406643476960143,-0.6405737433157392,-0.710086207380156,0.5931020585558913,-0.6529597436760659,0.9028403754810389,-0.5472258529592843,0.1913047423884567,0.5824389706293772,-0.2730284121959196,Sleep stage W
-0.6494225877097386,-0.6419625732702519,-0.6409381593601947,-0.6407083704085762,-0.6406145330313403,-0.7107899195729931,-0.21400226610395948,-0.6529817226291714,0.5678873940069616,0.259977200782091,0.38529607930301923,1.1463086856458347,0.8361056248437485,Sleep stage W
-0.649515059709118,-0.6419721660730993,-0.6409521014076978,-0.6407232699027596,-0.6406295898982163,-0.7135167928804155,-0.6708399298098147,-0.6530629177526426,0.7838213025341355,0.660582819188414,0.04879737535387886,0.4314050011528026,-0.2730284121959196,Sleep stage W
-0.6493652164147834,-0.6420004918926125,-0.6409778135450207,-0.6407483614824981,-0.6406485464115141,-0.7173360987746695,0.6670429182282339,-0.653166034553484,0.8603570632538188,0.8475487249740778,1.0403461729823962,1.2296651466143873,0.8361056248437485,Sleep stage W
-0.6493738210341999,-0.6419816712578124,-0.6409590702057276,-0.6407296775106532,-0.6406359590454359,-0.7159437794414449,0.1325851876805247,-0.6531298973123595,0.3100401925049424,1.1602161943632074,0.8022923896834201,1.1756123068459052,0.8361056248437485,Sleep stage W
-0.6495216509427456,-0.6419959943810949,-0.6409738542268194,-0.6407445401036587,-0.6406474201452617,-0.7154338356506241,-0.8078990143689222,-0.6531162864584306,0.8491720218990094,0.18775711976524934,0.16870501311747793,0.7439912698529505,0.8361056248437485,Sleep stage W
-0.6496664738487675,-0.6420490873492531,-0.6410282647115557,-0.6407992517570065,-0.640700907349484,-0.7248384480797043,-1.4002307812912935,-0.6533331748116785,0.8865620826976127,-0.482395307847169,-0.2660116306070874,0.600341659371173,0.8361056248437485,Sleep stage W
-0.6491772513656183,-0.6418697613661393,-0.640848415548821,-0.6406192889417919,-0.6405211006739777,-0.7116581630813782,-0.2939032410330778,-0.6530082120513047,0.3177225502119107,0.4296797368468079,0.7535122182544015,-0.1391775229541298,-0.2730284121959196,Sleep stage W
-0.6492285371744594,-0.6419333161975981,-0.6409150255765813,-0.6406865497990674,-0.6405894341241098,-0.7153641141235414,-1.0320164689694105,-0.6531143152419163,0.6442629594697895,0.013316443330155508,1.0777019867430042,0.27294051271851555,-0.2730284121959196,Sleep stage W
-0.64963655580404,-0.6419734580548317,-0.6409502984219688,-0.640720823707945,-0.6406281803218822,-0.7145639695155643,0.970665858962472,-0.6530921638259715,0.20882532564208914,0.23426476963545728,-0.559151344587437,-0.26038268559758976,0.8361056248437485,Sleep stage W
-0.6496068809044947,-0.6419764830232642,-0.640953650305481,-0.6407242308820906,-0.6406296414075321,-0.7194240546861849,1.1422895802270012,-0.6532172397562394,0.540564030099355,-0.469042071707002,-0.39714198094400555,-0.3112496197011047,0.8361056248437485,Sleep stage W
-0.6496938021643804,-0.6419415433368313,-0.6409157834461968,-0.6406856839480733,-0.6405864540222242,-0.7108020995010045,1.2698279178873466,-0.6529821756697736,0.7802884675733954,0.19313620920464827,-0.9513081868707033,0.6817897445660422,-1.3821624492355877,Sleep stage W
-0.6493664952690477,-0.6419532685862976,-0.6409328090692791,-0.6407038660174786,-0.6406063657824557,-0.7103481089779922,-0.12364891645120622,-0.652968129878855,0.5227066961311146,0.4122165811487132,0.6100887093128613,0.722767594636162,0.8361056248437485,Sleep stage W
-0.6496452110240426,-0.6420337387414342,-0.6410094268981499,-0.6407796835023406,-0.6406862520689675,-0.7163869021442991,-0.22895906246281883,-0.653141516325431,0.6402441763686048,0.6417163167190072,-0.27367448918019305,0.36185076917388526,0.8361056248437485,Sleep stage W
-0.649597313663591,-0.6419798666625091,-0.6409569430605988,-0.6407274720704524,-0.6406302042932465,-0.7209978635534785,1.4738274174734745,-0.6532533301318756,0.5156496571722136,0.09022603199624073,-0.33217557687640714,0.3109172503439542,0.8361056248437485,Sleep stage W
-0.6495287412964734,-0.6419899676126021,-0.6409694510817983,-0.6407404654199018,-0.6406379847725003,-0.7186829208092453,0.7947403795283349,-0.6531995463146826,1.1233020181363829,-0.8828968984222418,0.10089166597393577,0.41776966971074664,0.8361056248437485,Sleep stage W
-0.6493723171479417,-0.6419158294033466,-0.6408928602499228,-0.6406632974368985,-0.6405566156936348,-0.7103875367744507,-0.408408719534877,-0.6529693122457042,0.15104540738322228,-0.2287858689801262,0.2954853431050958,0.9277715269959628,-0.2730284121959196,Sleep stage W
-0.6494988112545118,-0.6419064354196263,-0.6408823467120242,-0.6406525040904508,-0.6405451678061167,-0.7147206371034528,-0.17539020603513444,-0.6530967390418136,0.20653989878899748,-0.6308454159082992,-0.2689388394419867,0.9847931759939691,-0.2730284121959196,Sleep stage W
-0.6497206378818918,-0.6420578122631859,-0.6410350873579307,-0.6408056717981707,-0.6407090028174965,-0.7285064794891242,0.7483543392171571,-0.6533976483667405,0.11376450200625267,0.024932868363988732,-0.5878263348951106,-0.049837665381765386,0.8361056248437485,Sleep stage W
-0.6494441107348967,-0.6419374781834826,-0.640911618334816,-0.6406815212829966,-0.6405855440429713,-0.7123907160759733,-0.47838188840464635,-0.653030081346039,-0.019102129975589674,0.5903003965886034,0.10767635099178952,0.00856494182034553,0.8361056248437485,Sleep stage W
-0.6495467657364038,-0.6420894461663806,-0.6410687050980993,-0.6408397009642381,-0.640740559542405,-0.7247386102451746,1.0355574311483633,-0.6533310519792236,0.11305182843020313,0.5142009136979335,1.102752142401997,0.09962900185043541,0.8361056248437485,Sleep stage W
-0.6495727870843019,-0.6419845034125137,-0.6409587467081143,-0.6407285697463558,-0.6406218108165733,-0.7155769669051857,0.5154938779961524,-0.6531200056369753,0.9671127497303489,-1.1277192123501787,-0.2029326587765095,0.8888853972638603,0.8361056248437485,Sleep stage W
-0.6493957395348297,-0.6419259310545142,-0.6409050917455863,-0.6406760731514504,-0.6405773725612578,-0.7163868515187927,0.017945188745752592,-0.6531416736416168,-0.20524867202750932,0.5519351904944001,0.27940575982958576,0.38556468644803715,-0.2730284121959196,Sleep stage W
-0.6495889719484974,-0.6419279047925331,-0.6409042019036797,-0.6406746200854035,-0.640583126586159,-0.7143915751298756,0.7188326150763406,-0.6530876562757931,-0.40057193253379175,-0.34315543408584726,-0.5420263676120429,-0.35182530458223854,0.8361056248437485,Sleep stage W
-0.6495125765589971,-0.6418508801227174,-0.6408233299155942,-0.6405928897566914,-0.6404995062261586,-0.7129075401509539,0.3551938081651598,-0.6530452214544344,0.04209854707517365,0.8315541959069889,-0.5471572118263243,-0.13930536781041591,0.8361056248437485,Sleep stage W
-0.6496406130415412,-0.6419985313917869,-0.6409731142989155,-0.640743141572981,-0.6406498187940979,-0.7194838793252439,-0.7815688622247171,-0.6532185772884329,0.6545633260990252,-0.17413696360403125,-0.46975968950755426,-0.41395030839094693,0.8361056248437485,Sleep stage W
-0.649729682363725,-0.6420514428948875,-0.6410275266584555,-0.640797899734185,-0.6407072450100177,-0.7138388052235548,-0.07880076934822586,-0.6530720436866163,-0.5608844921917412,1.9544607538580416,-0.6954561642246253,0.15752593251618976,0.8361056248437485,Sleep stage W
-0.6495550295506516,-0.6418569622963747,-0.6408292693668662,-0.6405988026608149,-0.6405061631976164,-0.7086985621782697,0.2014651356093038,-0.6529151825907014,-0.38778777514732166,1.8862926677784433,-0.6734975642544117,0.05780514662198416,0.8361056248437485,Sleep stage W
-0.6491393489308493,-0.6418396573283266,-0.6408177398702489,-0.6405884778038368,-0.6404934189473448,-0.7099408099799599,-0.5401469139356756,-0.6529552212331518,0.46183849320753856,0.5884705672755243,0.6876464821394931,0.09336445203645262,0.8361056248437485,Sleep stage W
-0.6495010442245565,-0.6419203858307241,-0.6408948741169386,-0.6406648948587301,-0.6405730554806683,-0.7148003382024741,-0.08925175455555054,-0.6530987766705927,1.232882447027763,-0.4749441224846035,-0.22089655931225188,-0.5889930355101578,-0.2730284121959196,Sleep stage W
-0.6496836880656387,-0.6420254289858296,-0.6410030462778037,-0.6407737390720163,-0.6406811128119918,-0.7193257110216333,-0.7096725848708247,-0.6532148422767237,0.7805252417221742,0.18227645718901342,-0.5431748078755918,-0.20998231159821937,-0.2730284121959196,Sleep stage W
-0.6494505026771413,-0.6418065474469271,-0.640781674302079,-0.6405517476251827,-0.6404522577667153,-0.7107104339977255,0.6956569770255441,-0.6529791467433748,0.8276749407928603,0.3013945271467936,-0.47615331356211793,0.128564764520541,0.8361056248437485,Sleep stage W
-0.6494965249439735,-0.64196744884466,-0.6409438592482489,-0.6407142209900152,-0.6406143460146005,-0.7144565123555735,-0.2047394478626777,-0.6530892613798317,0.2755588687674232,0.18199608333212183,0.0783018403508894,0.669314540733333,0.8361056248437485,Sleep stage W
-0.6494264500272227,-0.641948107828872,-0.6409232018332646,-0.6406933526410338,-0.6406024274714041,-0.7110854682943751,1.365712447325518,-0.6529908048619938,0.9836371686582983,-0.13434560649629465,0.2602443595816254,-0.7213484475419576,0.8361056248437485,Sleep stage W
-0.6496680439620204,-0.6419374931884958,-0.6409108738414431,-0.6406806484303181,-0.6405878927811983,-0.7168634679760322,0.27130235981187917,-0.6531537304740195,0.9895927215203788,0.33791227281485275,-0.8556331861891627,-0.600316579588288,0.8361056248437485,Sleep stage W
-0.6497375136191589,-0.6419968461783183,-0.6409718105904845,-0.6407419146859453,-0.6406466431253356,-0.719011372227393,-0.3446013566202444,-0.6532074610257879,1.2606529743295134,-0.32418629398032767,-0.9848148260832345,-0.17375779051121976,-1.3821624492355877,Sleep stage W
-0.6493831584004293,-0.6419103987986718,-0.640890817497911,-0.6406619799329304,-0.6405539507049134,-0.7153159985298776,0.060289197611566515,-0.6531130363075033,0.7344724097824545,0.040610107719781165,0.24340267044879788,0.6170113172452634,0.8361056248437485,Sleep stage W
-0.6495316537707311,-0.6419617891604895,-0.6409399828518864,-0.6407107579575804,-0.6406134121161866,-0.7207214481666827,0.4914243428331867,-0.6532473242783977,0.4954714267628308,1.1298748682064765,-0.10985997596727842,0.5051798527980217,-0.2730284121959196,Sleep stage W
-0.6489401995774666,-0.6419418618731587,-0.6409219514535689,-0.6406931648821534,-0.6406008491230435,-0.7109763685498957,-0.7839997045512037,-0.6529872954287861,0.527672639676122,0.5637792726138983,2.420793963883236,-0.1928324164571329,0.8361056248437485,Sleep stage W
-0.649050622880027,-0.6419836751343582,-0.6409629348808991,-0.6407339636756285,-0.6406414761782051,-0.7096810100061987,-0.1432975700785536,-0.6529471097688866,0.21361510477981013,0.8656048569729874,2.4915726596885497,0.45252747416024763,0.8361056248437485,Sleep stage W
-0.6495989685498128,-0.6420025241678886,-0.6409811864057167,-0.640752105143129,-0.6406604435037321,-0.7172884438017487,-1.3605442572292232,-0.653164798749652,0.4571638340917953,0.558308109161503,-0.1934650741375512,0.04865517405963894,-0.2730284121959196,Sleep stage W
-0.6496143783106527,-0.6420163715420667,-0.6409938966670783,-0.6407645876419984,-0.6406749027324181,-0.7199828616544015,0.0822728771997518,-0.6532302020136483,0.18676378887898729,0.7025430654601681,-0.1961090038677758,-0.3093602630598635,0.8361056248437485,Sleep stage W
-0.6495032149642913,-0.6419456057527172,-0.6409262216295032,-0.6406975847387407,-0.6406080093341086,-0.7161307393392322,-2.2824692181636,-0.6531347881670325,0.4523327512671324,0.3678423796770475,-0.0567896233789709,-0.5035693441897597,-0.2730284121959196,Sleep stage W
-0.649372390361902,-0.6419306784335581,-0.6409088630804405,-0.6406796578289301,-0.6405859210963866,-0.7098564501239067,0.26713848575787436,-0.6529525360355367,0.9090501368660291,-0.08096555895357653,0.4022951576959748,0.6973557995334829,-1.3821624492355877,Sleep stage W
-0.6495202474914792,-0.6419990912817716,-0.6409780024071646,-0.6407489611034098,-0.6406561638381074,-0.715723335228,-1.2816984735443477,-0.653124069883476,1.070407259362744,0.381275190348503,0.21058078794376317,-0.21290941430786825,-0.2730284121959196,Sleep stage W
-0.6495615073275557,-0.6420510819506666,-0.6410300143290313,-0.6408009842255245,-0.640709090655909,-0.7197170075806094,0.4676190879507048,-0.6532239592024855,1.2032152306249078,-0.3014005264217801,0.45246268633759884,0.11854422481683398,0.8361056248437485,Sleep stage W
-0.6496788497338832,-0.6419869229065442,-0.6409642195472185,-0.6407348282317218,-0.6406416262713387,-0.7183025734710349,-0.442992833514345,-0.6531902206634917,1.2125225639273147,0.24058277280395304,-0.7079586645867942,0.08749707808979987,-0.2730284121959196,Sleep stage W
-0.6492871189814555,-0.6418663255418989,-0.6408413362270083,-0.6406114443426152,-0.6405199610737717,-0.7080731540686593,-0.04709133363204074,-0.6528946662843129,0.3514823072983704,0.7609456285315702,0.3127799543602954,-0.09829293408344966,0.8361056248437485,Sleep stage W
-0.6496341497713126,-0.6420232349867239,-0.6409991032965051,-0.6407694385232515,-0.6406804484852515,-0.7157432874626752,-0.5764483169267677,-0.6531243996970819,-0.5883863312353551,-0.5545523446443286,-0.2777958596136,-0.7157294639436848,0.8361056248437485,Sleep stage W
-0.649455003449711,-0.6419506634763579,-0.6409261475320011,-0.6406963915006728,-0.6406074840443232,-0.7108987397120472,-1.6410455293944521,-0.6529848744798654,-0.33233902555473044,-0.9862529708259548,0.15265484101446022,-0.8246930094904226,0.8361056248437485,Sleep stage W
-0.6494310652609803,-0.6419761445268349,-0.6409530969330015,-0.6407236734896622,-0.6406348568066931,-0.7165520666055915,0.6026533186684347,-0.6531456225572303,-0.686322895710035,-0.5526792881462333,0.4640441201937251,-0.6288544876512158,-2.491296486275256,Sleep stage W
-0.6496110602959356,-0.6420544264098349,-0.6410331425261766,-0.6408041092945278,-0.6407157088989057,-0.7206160001730103,1.6630041404968623,-0.6532447594290508,-0.6567458209494741,-0.5502471817853201,0.14931277021461725,-0.6787239284032105,0.8361056248437485,Sleep stage W
-0.6495605115439556,-0.6419773381539088,-0.640954396306087,-0.6407249647297824,-0.6406325353682449,-0.7203173090280646,-1.5279065343631701,-0.6532379713375183,0.18575341999496767,0.12083146792489184,-0.16433830033040675,-0.14321001182673415,-0.2730284121959196,Sleep stage W
-0.6493264732196737,-0.6419560252957569,-0.6409327744803676,-0.6407032713489139,-0.6406127929890473,-0.7126312091828243,-1.4168551210753544,-0.653037074895001,0.03653063739577939,0.9062005015528652,0.7885558817930156,-0.15378434427262197,-0.2730284121959196,Sleep stage W
-0.6497490229153444,-0.6420257137492185,-0.6410025542686331,-0.6407730943358445,-0.640681820400273,-0.723908546297928,0.5894386188179933,-0.6533147006207725,0.18196026846831811,0.7805382408580553,-0.9346779680220733,-0.5147929336479429,-0.2730284121959196,Sleep stage W
-0.6495388981004935,-0.641909163708209,-0.6408843478190225,-0.6406545201299566,-0.640563837329887,-0.7143199405339347,0.1894263464991861,-0.6530854543971399,-0.09723979026630537,0.711412747958901,-0.41952136641425586,-0.5255775407305752,0.8361056248437485,Sleep stage W
-0.6495385274458585,-0.6420647434412621,-0.6410444117166986,-0.640815582753835,-0.6407268473852117,-0.7247906362128135,-1.396216400176161,-0.6533319746113935,-1.2063609228677556,0.621761958697457,0.7925114312042049,-0.6773381645088757,0.8361056248437485,Sleep stage W
-0.6495239662016119,-0.6418544199211346,-0.6408277199083517,-0.6405975090060197,-0.640508663987112,-0.7148103701524092,0.016343284520677577,-0.653098920910191,-0.8942110500701071,-0.5959847404843236,-0.5712322076723854,-0.8635883683597798,-0.2730284121959196,Sleep stage W
-0.6495983339062109,-0.6420397586521085,-0.6410164225322096,-0.6407869402608913,-0.6406983456918487,-0.7206612811861757,-1.2223055593545453,-0.6532456655315727,-0.745466893167378,-0.7856507120409536,0.0735420972551847,-0.6544904868370316,-0.2730284121959196,Sleep stage W
-0.6495811530612173,-0.6418181754961174,-0.6407933559073261,-0.6405635601310619,-0.6404748053643321,-0.7147467939955894,2.12903769308017,-0.6530971722149767,-1.082803596486744,0.7486582258590199,-0.8519511489492607,-0.7759251529930339,0.8361056248437485,Sleep stage W
-0.6496330422123717,-0.6419111639837025,-0.6408861733230041,-0.6406563368384621,-0.6405676106791655,-0.7181434854086358,-0.6327540241086819,-0.6531860146423442,-0.5715706162628011,-0.9393824043022762,-0.7871657125477095,-0.8139278202343527,-0.2730284121959196,Sleep stage W
-0.6495921938424687,-0.6419393105382524,-0.6409142153502797,-0.6406843373338293,-0.6405940816286031,-0.7144409247716669,1.1069872034344468,-0.6530889187273167,-0.6906391140902413,0.6021738734034804,-0.5159258170766129,-0.42507110775143564,-0.2730284121959196,Sleep stage W
-0.6496331440481563,-0.6420812173777881,-0.6410600929559873,-0.6408310898096952,-0.6407425512433501,-0.7232824225382561,0.7529680320298072,-0.6533022012912371,-0.8824668522818302,0.950209548930015,0.2811826048829807,-0.700663520982865,-1.3821624492355877,Sleep stage W
-0.649604933153581,-0.6419434606254341,-0.640918994582555,-0.6406892552978004,-0.640599572081973,-0.7126191363292594,0.5160218811348829,-0.6530365831986334,-0.3809179727492553,-0.5852260865684827,-0.5509073182232405,-0.6590956362124035,0.8361056248437485,Sleep stage W
-0.6494087975912911,-0.641880352825336,-0.6408549537738245,-0.6406249821116794,-0.6405318717349575,-0.7151419361750315,-2.213675722828835,-0.6531081159895348,0.46881498732707905,-0.36922036563720667,-0.0555414027388138,-0.3099132362228363,0.8361056248437485,Sleep stage W
-0.6495637407319276,-0.6419302531479012,-0.6409078840324255,-0.6406785404889432,-0.640581228533411,-0.7205735482184538,-0.34513549292171697,-0.6532437115228782,0.30483386999894446,-0.993118273772591,-0.41865687354677966,0.015111486748430892,-0.2730284121959196,Sleep stage W
-0.6495494666783845,-0.6418938485469461,-0.6408688340489882,-0.6406389020449403,-0.6405411499995372,-0.712866364429168,-0.6315355782575003,-0.6530439832882088,0.06045025790666393,-0.6284818884633541,-0.5211266043386473,-0.19904888480564292,-1.3821624492355877,Sleep stage W
-0.6490679337673018,-0.6419476243552701,-0.6409272195817208,-0.6406983470349792,-0.6406068361036612,-0.7143580975363321,-0.14677244287741906,-0.6530863803674887,-0.9295181000103957,0.8778076482851901,1.9146875398918581,-0.3012945351524987,-1.3821624492355877,Sleep stage W
-0.6496381305457881,-0.6418528456859469,-0.6408253705932356,-0.6405949746372872,-0.6405051251721746,-0.7147559089846118,-1.2785637287501799,-0.6530973868785772,-0.5201189509336159,-0.13383910219440778,-0.9671066549820755,-0.3214099167283842,-0.2730284121959196,Sleep stage W
-0.6495750086197717,-0.6419784701422001,-0.6409552386847589,-0.6407257772622336,-0.6406367528757428,-0.7186099601307983,0.14597325199079675,-0.65319759803441,-0.31731869683272895,-0.609376945701322,-0.23143352281253013,-0.7942861732958177,0.8361056248437485,Sleep stage W
-0.6496908882661451,-0.6419982264461674,-0.6409743455926595,-0.6407447415113978,-0.6406551928042101,-0.7215940559661945,0.2974130271960525,-0.6532664730024926,-0.49450635377218105,0.029078394958363143,-0.7280645401259827,-0.6493134199247478,-0.2730284121959196,Sleep stage W
-0.6496904384047026,-0.6419545654294538,-0.6409279552987505,-0.6406977612366648,-0.64060880035015,-0.7196669263612285,0.03432416864944317,-0.6532227430423678,-0.3231549655248216,-0.7727715606529478,-0.9002406091507367,-0.7897818336954776,0.8361056248437485,Sleep stage W
-0.6495715122877426,-0.6418606388722582,-0.6408357696826575,-0.6406059459966765,-0.6405166948479586,-0.7143086201815675,-0.23311067632789406,-0.6530851203420844,0.0028532022596148613,-0.3496824261649056,-0.7096442398962859,-0.6107800278540287,-2.491296486275256,Sleep stage W
-0.6496265707360196,-0.641962824518346,-0.6409388767366985,-0.6407092611803222,-0.6406204164076532,-0.7206689519651541,-1.6834777508048113,-0.6532458873399298,-0.061508102132304954,-0.9874519821485835,-0.5635175047297193,-0.7264106912042225,0.8361056248437485,Sleep stage W
-0.6496422119777017,-0.642044773100651,-0.6410220239659078,-0.6407926674356843,-0.6407036466487983,-0.7239161021005545,-0.782380034752889,-0.653314858728542,-0.12691962633124612,-0.11689354244846564,-0.1586694284568948,-0.45662707929798985,0.8361056248437485,Sleep stage W
-0.6496329379518931,-0.6419987303670973,-0.6409749219319876,-0.6407453347878075,-0.6406562752116388,-0.7199178797019494,0.4062729388464831,-0.6532285608937254,-0.3860609610869034,0.4712333572449823,-0.4174270927759284,-0.5867537458032598,-0.2730284121959196,Sleep stage W
-0.6495677170324199,-0.6418929468063596,-0.6408661949937521,-0.6406359681540451,-0.6405467417381885,-0.7108306628470801,0.08682923421638551,-0.6529829800075384,-0.2468281175942887,-0.7161668191865137,-0.6008880444634342,-0.7535056477956076,-0.2730284121959196,Sleep stage W
-0.6494451766770251,-0.6419407516162066,-0.6409190326308892,-0.6406898965025165,-0.640600602701619,-0.7189508523805413,-0.038503864388682904,-0.653205843066345,-0.13075782377290476,0.7038565851682093,0.15465805019192955,-0.6363154742024634,-1.3821624492356026,Sleep stage W
-0.6496968115286246,-0.6420589442836508,-0.6410367078073427,-0.6408074653807994,-0.6407186723835432,-0.7242437797147616,1.6282587184807356,-0.6533214237827274,-0.7351654644817668,0.24522949648494194,-0.41163218585856964,-0.6414903283005768,0.8361056248437485,Sleep stage W
-0.6496804809408525,-0.6420265957594253,-0.6410047254125394,-0.6407755595606494,-0.6406867691154838,-0.7246253298172336,0.0805696515331518,-0.6533287673063409,-0.38568516517722373,-0.5003939593214334,-0.5137630960108311,-0.7960428761346017,-0.2730284121959196,Sleep stage W
-0.6494103694882103,-0.6419630365580025,-0.6409428600424605,-0.6407140584054004,-0.6406251138891987,-0.7189434057182905,-1.263948004420331,-0.6532054903612661,0.2633605187478475,-1.1090823806914385,0.48640082536744234,-0.7485802599221838,-1.8007981606282735,Sleep stage W
-0.6496479313610128,-0.6420504946353984,-0.6410285729453485,-0.6407993971989115,-0.6407104202752013,-0.7248935666452906,0.15887981578442548,-0.65333386694188,-0.12976826883371603,0.29633369336308035,-0.14188532923833852,-0.7527508244163804,0.8361056248437485,Sleep stage W
-0.649666279704049,-0.6419854459509807,-0.6409618510201661,-0.6407323035811207,-0.6406429585314211,-0.7134288093806183,2.346377765034476,-0.6530602548202314,-0.03473282252052333,0.23130178341532423,-0.6551494233753954,-0.5802826796120983,0.8361056248437485,Sleep stage W
-0.6494151967461526,-0.6419756134875781,-0.6409521729495903,-0.6407226555676128,-0.6406333960566982,-0.7127658457617827,1.8446761356390406,-0.6530409906811874,-0.07199453801114958,-0.10082528714861141,0.5335392213772788,-0.5676813445712898,0.8361056248437485,Sleep stage W
-0.6494621618110693,-0.6419723274922086,-0.6409499154195136,-0.6407206222818476,-0.6406313401825126,-0.7189816723154349,0.6927055997575771,-0.6532064813319034,-0.07952443365731056,0.07958074997115402,0.2881401781816723,-0.5453753729958678,0.8361056248437485,Sleep stage W
-0.6493641769771922,-0.6420417769173291,-0.6410223589273283,-0.640793720762269,-0.6407048960495798,-0.7207518090523313,0.31661417153496385,-0.6532478063923327,0.26356138286126335,-0.9736186141534362,1.6558346268461448,-0.7148041930394758,-0.2730284121959196,Sleep stage W
-0.6496197769147322,-0.6420043379784895,-0.6409823142376883,-0.640753065750106,-0.6406577981355837,-0.7231941248604041,-0.15790439407303206,-0.6533002611317273,0.5107992977342881,-0.945811041796641,-0.3009510789620637,-0.022015370361945234,-0.2730284121959196,Sleep stage W
-0.6492681440337206,-0.6418750232667592,-0.6408522489154205,-0.6406228659225383,-0.6405334276677491,-0.708426572094771,-1.0749870633860188,-0.6529060082277868,-0.41900997178693494,0.36212703168813987,0.4465067618720018,-0.3274763546083365,-1.3821624492355877,Sleep stage W
-0.6493261339182241,-0.6418788938551113,-0.6408585013661637,-0.6406296281784837,-0.6405400585771425,-0.7121973737230556,0.688967869889628,-0.6530242396342523,0.30961114277216667,0.5703824638597093,0.2729881429075195,-0.5306945371976911,-0.2730284121959196,Sleep stage W
-0.6495836868454176,-0.6419314254993526,-0.6409068027798143,-0.6406770216280193,-0.6405878005679729,-0.7134989150517141,2.06520131215162,-0.6530621699830896,-0.32646358431357886,-0.364373078793753,-0.5100411487292662,-0.4841997364625002,-0.2730284121959196,Sleep stage W
-0.6494904653543857,-0.6419466452682014,-0.6409250151386925,-0.6406958644178219,-0.6406039393503467,-0.7131967181781322,-0.06457025376576758,-0.6530535076138533,0.2266696894572644,1.1843325091861296,-0.009504751149689919,-0.24787918011106957,0.8361056248437485,Sleep stage W
-0.6494659426828385,-0.641899845498627,-0.6408728102741732,-0.6406424720188233,-0.6405475525068366,-0.7167712399889369,-1.4173766804900276,-0.6531513526746829,0.42015799667074094,0.4586353343855799,-0.1876723817528346,-0.21890677205839965,-0.2730284121959196,Sleep stage W
-0.6495825153594574,-0.6420390989929584,-0.6410180796331054,-0.6407890799215853,-0.6406981996607853,-0.7192836258043497,-1.1403360740435353,-0.6532136102621948,0.45749493237163646,0.20354435130368057,0.1932129784998406,-0.7344284005721637,-0.2730284121959196,Sleep stage W
-0.6494312562712206,-0.6419839146751167,-0.6409636824135155,-0.640734817374142,-0.6406409527173733,-0.7194140256136039,0.09785009295500335,-0.6532167862490681,0.6569131213884376,0.7607238737684778,0.5584375969647735,0.3366358667774676,0.8361056248437485,Sleep stage W
-0.6494021874588437,-0.6418300769725449,-0.6408035094507926,-0.6405732665719093,-0.6404809078955003,-0.7096200306816377,-0.4386511136909949,-0.6529452249927273,0.5756932670296593,0.29308188668490465,-0.25078512566455224,0.8791789491028346,0.8361056248437485,Sleep stage W
-0.6494146332226717,-0.6419322384941302,-0.6409119442865693,-0.6406831013446008,-0.6405933016293585,-0.7183815251433183,-0.5920066158114001,-0.6531919205080857,0.2027414342956324,0.04385817578564687,0.24410299296457172,0.6159710234332434,-2.491296486275256,Sleep stage W
-0.6494996576193778,-0.6419136443221627,-0.6408881749641057,-0.6406582047448668,-0.6405686172140902,-0.7125466065370677,-1.221065426811663,-0.6530344750763821,0.1317728860845671,-0.27272094823210813,-0.2469793409219965,0.42033137167769086,-0.2730284121959196,Sleep stage W
-0.6492860956299962,-0.6417840837003953,-0.6407587927879871,-0.6405288611578234,-0.6404395678769549,-0.7099671439308144,0.5918942578893359,-0.6529559229750462,-0.3914318810544786,-0.06224673294102849,-0.06143401265195245,0.21894767618140568,-0.2730284121959196,Sleep stage W
-0.6495313717149516,-0.6420236758291482,-0.6409996253497139,-0.6407699810631802,-0.6406807535298948,-0.7174734437027229,-0.6185409791078913,-0.6531693522735503,0.4840447126337698,-0.8166469998366133,0.32791957219999024,-0.6993248129514779,0.8361056248437485,Sleep stage W
-0.6491492741989465,-0.6418251867981108,-0.6408018019741779,-0.6405722883734948,-0.6404829117807884,-0.7101193244163497,-0.7865376237630837,-0.6529607836267955,-0.3214899572281195,0.6961235190418696,0.5603396326794763,0.1388670468467412,-1.3821624492355877,Sleep stage W
-0.6493576494933923,-0.641911223567072,-0.6408870609674296,-0.6406573699587904,-0.6405674731802579,-0.7142565570720412,-0.28403077622804973,-0.6530837282438826,-0.14458478119313056,-0.03168610688543508,0.3166795420061045,0.5944945072267518,0.8361056248437485,Sleep stage W
-0.6493747926314912,-0.6418295867397368,-0.6408036808055526,-0.6405736135427331,-0.6404834989228005,-0.708259374702133,0.29753135801067765,-0.6529006284757248,-0.3013509565112061,0.23585528756616395,-0.16106332219874855,0.6397272752456756,0.8361056248437485,Sleep stage W
-0.6492267271102391,-0.6418492301924575,-0.6408269932751146,-0.6405977288500333,-0.6405079023804787,-0.7110631400685474,1.1889407444308109,-0.6529897659706909,-0.22049334900500295,0.5549997730364452,0.4461975724645322,0.20579419888271822,0.8361056248437485,Sleep stage W
-0.6496869212645463,-0.6418571825779144,-0.6408276096073381,-0.6405967131523969,-0.6405032066401593,-0.7086941959132362,-1.9498984029260653,-0.6529149718658714,0.7294674187059349,-0.04476820048325424,-1.1296117997328818,-0.01779862061534671,-1.3821624492355877,Sleep stage W
-0.6492900450849941,-0.6418030127358554,-0.6407755225591318,-0.640545109738888,-0.6404540270384717,-0.7092933611072508,-2.9733157737592766,-0.6529344524035713,0.24698458076453442,0.5515993596181548,-0.009644462062535332,0.01192772568771373,-0.2730284121959196,Sleep stage W
-0.6494826561851141,-0.6418621170827413,-0.6408372500779255,-0.6406074091467204,-0.6405155500647698,-0.7098674087995511,0.015409679954608782,-0.6529526915701199,0.8050948677612273,-0.025546242005322527,-0.3941186369390196,-0.44107851103684587,0.8361056248437485,Sleep stage W
-0.649490673894976,-0.6419149800031414,-0.6408937149176009,-0.640664665281923,-0.6405740055135308,-0.7168429275175072,0.23231361171735954,-0.6531533765955624,0.5469716693197495,0.9653242203248452,-0.17969665276334837,-0.27269286713672153,0.8361056248437485,Sleep stage W
-0.6496654643939994,-0.6420067805213835,-0.6409833925029215,-0.6407538811521433,-0.6406629459185873,-0.7234290918584609,-0.13454880361940857,-0.6533051139218475,1.0077721126734454,-0.20139412444752716,-0.5471004345781965,-0.63703049660842,-1.3821624492355877,Sleep stage W
-0.6496006116559988,-0.6419798814260947,-0.6409584109865902,-0.6407293056924508,-0.6406377107035779,-0.722273097356744,-3.855180817399924,-0.6532810097098685,0.46763897730679377,0.4965756383145228,-0.3388673527915209,0.08083237446887341,-2.9099321976679415,Sleep stage W
-0.6494141412561533,-0.6418586855417294,-0.6408324486051249,-0.6406023002469752,-0.6405101798299156,-0.7108101490695026,-2.09079903965966,-0.652982356425548,0.33858771021518447,0.7010813247245106,-0.17579785000485593,0.3503912589067898,-2.491296486275256,Sleep stage W
-0.6491534380496152,-0.6419171441552234,-0.6408947490898472,-0.6406653883914474,-0.6405692853641136,-0.7098301770459445,-0.14766224667773145,-0.652951452727519,0.7854324631745122,0.6718626140406433,1.2031617211272578,0.27030965934374096,0.8361056248437485,Sleep stage W
-0.649373353744803,-0.641914706962167,-0.6408937430976371,-0.6406647017734053,-0.6405683205173556,-0.7160553567513315,0.05068903498644855,-0.6531326605615573,0.738592786253919,0.22937349601261864,0.2995427230669521,0.6877984172552347,0.8361056248437485,Sleep stage W
-0.6495559920458828,-0.6420269456970557,-0.6410049118185841,-0.6407756781463866,-0.6406823138434655,-0.7181950833193562,0.9150004495389544,-0.6531873725231306,1.207251765933632,0.41256152922665273,0.23412876626340887,-0.17095758090201452,0.8361056248437485,Sleep stage W
-0.6494939977838239,-0.6420519371709035,-0.6410305694914596,-0.6408014701748319,-0.6407079569835307,-0.7206691789990987,-0.3291466490731258,-0.6532457957426588,0.679185416071433,1.3765468558549419,0.9127896344496651,0.06787350768507326,0.8361056248437485,Sleep stage W
-0.649465661540156,-0.6418152876865629,-0.6407914797409128,-0.6405618677676432,-0.6404707311821415,-0.7130514111265014,-1.1737436681649827,-0.6530497523987967,0.10631162130322032,0.722454786382007,-0.4922638250432779,0.20111770576505208,-0.2730284121959196,Sleep stage W
-0.6493013088277563,-0.6419322296787238,-0.6409101309235262,-0.6406808752588652,-0.6405877554749975,-0.7143980049206329,-1.8024661896572534,-0.6530880407527688,0.7522466659129902,0.5423396831318112,0.7148751851796047,0.33060009259701023,0.8361056248437485,Sleep stage W
-0.6494280126070766,-0.6419729105358022,-0.6409509906079303,-0.6407217526717268,-0.6406284366971658,-0.7168441978909913,-2.6301832624252586,-0.6531531904105287,0.8500112709448514,0.15834902930940578,0.46384030976037444,0.6727605916238641,-0.2730284121959196,Sleep stage W
-0.6490625021503533,-0.6418968146850842,-0.6408806015295663,-0.6406525994978113,-0.6405595974217053,-0.7131930162451565,-0.33610644821418995,-0.65305350767797,0.934822541100124,0.2683295150729348,1.4513614249459932,0.7545196958305528,-1.3821624492355877,Sleep stage W
-0.6494527746730954,-0.64193720373544,-0.6409159679134826,-0.640686890293672,-0.6405935934840081,-0.7178291876301217,-0.2798442770768542,-0.653178380256495,1.1554642032498696,-0.19934037111844896,0.10287508021690144,0.5160830756842982,0.8361056248437485,Sleep stage W
-0.6494218286008795,-0.6419973506652082,-0.6409760583596937,-0.6407469745743326,-0.6406525743935552,-0.7171495481347673,-1.155229586695464,-0.6531609330889548,1.2012868923978341,-0.12085029946767818,0.7213518621528792,0.4855070542052144,-0.2730284121959196,Sleep stage W
-0.6492279733346472,-0.6419434889050596,-0.6409215712515575,-0.6406923249928935,-0.6405972365113645,-0.7107218317578454,-0.05129869009579204,-0.652979339460886,1.1368637707846765,0.36963171257067,1.1337634817401743,0.4595820850454069,0.8361056248437485,Sleep stage W
-0.6492755806262859,-0.6418770492665274,-0.6408553893462502,-0.6406262000495315,-0.6405313844354341,-0.7092726178053622,-0.7277367144008959,-0.6529338194210732,1.3087451547196849,-0.31178947571891275,0.43973854051790423,0.6589628933423115,0.8361056248437485,Sleep stage W
-0.6494508546760418,-0.6420266000022985,-0.6410044266025237,-0.640775137387499,-0.6406800419779491,-0.7176879253855746,0.2684639482767402,-0.6531745649082941,1.3102478343387416,-0.3678958224402804,0.8589413246612881,0.8747504355168844,-0.2730284121959196,Sleep stage W
-0.6496615580694711,-0.6420386616305194,-0.6410175270361604,-0.6407884528679314,-0.6406923085971162,-0.7223815992212572,-0.012189180136135848,-0.6532833063548557,1.3200959524009548,-0.6254083067800057,-0.31360368953243584,1.098990996364638,0.8361056248437485,Sleep stage W
-0.6495616949166163,-0.6419338798733102,-0.6409115100628759,-0.6406821862436853,-0.6405878737705485,-0.7144539822756818,-0.557484813574408,-0.6530894568289198,1.1945663547207122,-0.3592054540357209,-0.39363734998665284,0.8977061299341577,0.8361056248437485,Sleep stage W
-0.6494983981653908,-0.6419682573224795,-0.6409443972064859,-0.6407147578495747,-0.6406208904088472,-0.71781599267573,0.30256256774158874,-0.6531777592073461,1.253232484615395,-0.18254363836525328,0.07251749258983248,-0.11695849465889735,-0.2730284121959196,Sleep stage W
-0.6496040744544122,-0.6419189286080093,-0.6408967079358477,-0.6406674259770139,-0.6405738061494536,-0.7125574562540143,-0.8784387170157062,-0.653034741063221,1.2430223760064538,-0.2529847745154273,-0.6322309995630031,0.8883571095758489,0.8361056248437485,Sleep stage W
-0.6491325791811199,-0.6420058346270283,-0.6409858048669625,-0.6407569818869936,-0.640663247761128,-0.7137665741397659,-1.1639548518553426,-0.6530698080062304,1.2269095993452903,-0.4477001529345996,2.432292032047603,0.8439905847286425,0.8361056248437485,Sleep stage W
-0.6495653757429464,-0.6420093353823887,-0.6409860427913264,-0.6407565211993224,-0.6406629570340068,-0.7170412807316545,-1.527844833264191,-0.6531582655819607,1.0357969262195899,0.37319877428094217,0.022471251030790625,0.30526257113229244,-0.2730284121959196,Sleep stage W
-0.6495249408336407,-0.6418637470035189,-0.6408396050426677,-0.6406098824120117,-0.6405141757472029,-0.713375760041355,0.01275761026051747,-0.6530586206931908,1.377705037910874,-0.3000916967782887,-0.5337576158225722,0.8958595275960191,0.8361056248437485,Sleep stage W
-0.6496991184297797,-0.6420347799181975,-0.641011682814049,-0.640782205739879,-0.6406887508049623,-0.724292864418209,-1.5431082228301265,-0.6533222292344161,1.2630171017325666,-0.5009561213878083,-0.5885301430346065,0.8322930003292109,0.8361056248437485,Sleep stage W
-0.6491789297749131,-0.6418251250130029,-0.6408015535005166,-0.6405719461851909,-0.6404778074407387,-0.7094298827372036,-2.3723107925865787,-0.6529386177657467,1.122926452153304,-0.28256928196020875,0.46321536402876506,0.8626616806250782,0.8361056248437485,Sleep stage W
-0.6496050682290622,-0.6419299808809301,-0.6409044198063157,-0.6406743956797729,-0.640579461759169,-0.7176089895040876,-1.312650750754282,-0.6531726712413093,1.3134499250991858,-0.6184153764185193,-0.6103502830865865,1.0794810047870536,0.8361056248437485,Sleep stage W
-0.6497632502786557,-0.6420606935137264,-0.641037697497476,-0.6408082392408813,-0.6407138807583621,-0.7240919552044148,-1.450476182744399,-0.6533182783241779,1.193971319250501,-0.15541057574952888,-0.8680982973176747,0.8153517391458892,-1.3821624492355877,Sleep stage W
-0.6495444282461276,-0.6418801794283184,-0.6408563859065919,-0.6406267446193555,-0.6405311722913186,-0.7146412578058214,-0.17859332263746772,-0.6530943163862498,1.1292881493227218,0.17681833851959103,-0.5459478602545172,0.8908306360931987,0.8361056248437485,Sleep stage W
-0.649489581314451,-0.6419849075657735,-0.6409631883314016,-0.6407339940809027,-0.6406396503582855,-0.7163619639121211,-1.326429270342276,-0.653140550480777,1.2212091307263009,-0.4036961579014752,0.2537894737244401,1.174602998986116,0.8361056248437485,Sleep stage W
-0.6494625543439831,-0.6419786755178053,-0.6409544107417506,-0.6407246554950217,-0.6406284587600363,-0.7150138648138424,-1.3222389043065998,-0.6531044131205119,1.394279169568742,-0.06294026840797104,0.3173263774268448,0.4555613625623452,0.8361056248437485,Sleep stage W
-0.6496535219532295,-0.6419599840519647,-0.6409354186401958,-0.6407056071967585,-0.6406098562578479,-0.7180883812220373,-0.19579924899276027,-0.6531847219930365,1.3674179351457139,-0.2921874500531286,-0.7037860714870485,0.4854292563824383,0.8361056248437485,Sleep stage W
-0.6494568000628261,-0.6419066811552263,-0.6408840212015819,-0.6406546199962333,-0.6405592085923874,-0.7108192041612986,-0.7752042357665199,-0.6529823104643199,1.2259872209010474,-0.26777793327128535,-0.0933175892298348,0.3920184862019683,0.8361056248437485,Sleep stage W
-0.6495933344257654,-0.6420601565543812,-0.6410391177725622,-0.6408100920150692,-0.6407171327455833,-0.7211800968480948,-1.6581145801761954,-0.6532572931103241,0.7210930653049089,0.3841590787970892,0.33499180278289203,0.7255147417735442,0.8361056248437485,Sleep stage W
-0.6494337282827234,-0.6420124612547631,-0.640991285148636,-0.6407622268844361,-0.6406687087590596,-0.7187172230848807,-0.0839890612171818,-0.6532001249315561,1.403977183202151,-0.5741086330072948,0.8136109294208554,0.777373155307555,-1.3821624492355877,Sleep stage W
-0.649568559742017,-0.6419606932637795,-0.6409380224161602,-0.640708638400311,-0.6406146827721646,-0.7177046302003245,-1.1249686129398186,-0.6531750995986509,1.3386255985872986,-0.6993020522609209,-0.2949065367296637,1.1546678286985994,-0.2730284121959196,Sleep stage W
-0.6495633087004097,-0.6420799007187528,-0.6410589278946635,-0.6408299407230996,-0.6407387504674232,-0.7239527604200057,0.8160870528147374,-0.6533155971753991,0.8790916732811525,0.6483756821218729,0.8118855981591667,-0.02656424808169426,-1.3821624492356026,Sleep stage W
-0.64967268125825,-0.6420471191040099,-0.6410245045808561,-0.6407951364686061,-0.6407018697800986,-0.7190103315427732,-0.980290227771724,-0.6532071402258501,0.7328242632895826,0.22998439054859407,-0.33783888402836326,0.5386417486668753,0.8361056248437485,Sleep stage W
-0.6493189673098968,-0.6419938886435873,-0.64097170432801,-0.640742381588424,-0.640647881973691,-0.7130903138207508,-0.6748193974228451,-0.6530507036734396,0.32763356301545593,1.0495007731802979,1.2180209113031244,1.2310560214031658,0.8361056248437485,Sleep stage W
-0.6495659750069307,-0.6419845694536123,-0.6409631901416211,-0.6407340817967833,-0.640639469045971,-0.7181663263247207,0.003968454581895888,-0.6531867708231971,1.506504442612774,-0.6977097145818387,-0.13532178739895978,0.8887897187312948,0.8361056248437485,Sleep stage W
-0.6496651652308004,-0.6420247163795396,-0.6410032894192861,-0.6407741724167325,-0.6406788443603385,-0.7235496034182433,-0.5427008617622123,-0.6533074610139256,1.5188863449078118,-0.9670095412712967,-0.430116180062766,1.153531078461066,-0.2730284121959196,Sleep stage W
-0.649509630651527,-0.6419319393057448,-0.6409090354336313,-0.6406795818594537,-0.6405844646547271,-0.7156733625267536,-1.2168914001612274,-0.6531225837635244,1.0842883268693444,-0.10213104742940578,-0.18334281769356126,1.0246469741800766,0.8361056248437485,Sleep stage W
-0.6492679721296608,-0.6418783303565048,-0.6408539679731343,-0.6406241962104464,-0.6405305979723869,-0.7109079353684851,-1.823505366624101,-0.652985236345555,0.6906604611199868,0.645655840227472,0.455458621897697,0.8392601390062346,-1.3821624492355877,Sleep stage W
-0.649619990879536,-0.6419655299999051,-0.6409430299747036,-0.6407136445153407,-0.6406176337405555,-0.7165486569267484,-0.9501729072431581,-0.6531459090872211,0.9817558204141267,0.33807377826192747,-0.512320551437144,0.8856141618781694,0.8361056248437485,Sleep stage W
-0.6492937743564142,-0.6419513620494416,-0.6409299298483395,-0.6407007858379181,-0.6406063150930273,-0.7148594107479485,0.004703766214624817,-0.6531002220776791,1.0043605541931315,0.5720007395751001,0.9163708828284322,-0.050626890842210455,0.8361056248437485,Sleep stage W
-0.6492220253175964,-0.6420107680197314,-0.6409901881478666,-0.6407612660899447,-0.6406688320110445,-0.717206548764278,-1.357077641391559,-0.6531625491907114,0.8842276685646079,0.10631265475818903,2.0002204370125516,-0.1674993692649389,-0.2730284121959196,Sleep stage W
-0.6495812707413501,-0.6420601653077174,-0.641037286926827,-0.6408078399276901,-0.6407118085677073,-0.7220437393204638,-0.6635104097020186,-0.6532762901856827,1.2125601524109229,0.27575863929214395,0.39440371529057555,0.42832851107115194,0.8361056248437485,Sleep stage W
-0.6495289716346059,-0.6420095704532802,-0.6409872590833807,-0.6407579286359584,-0.6406619957200973,-0.7195052231557498,0.14924628738980844,-0.6532190241337801,1.1451781260035594,-0.20601344159263607,0.23650355933877582,1.0577385853594587,-1.3821624492355877,Sleep stage W
-0.6491436562525483,-0.6419564087344316,-0.6409363271817969,-0.6407074583526541,-0.640613099177959,-0.7095276019851321,-1.7839613476933402,-0.6529418459883014,0.37751937786967926,0.6561651948573161,1.67692849285303,1.0384523664833762,0.8361056248437485,Sleep stage W
-0.6491306701007463,-0.6420176485647372,-0.6409965594649654,-0.6407674898326897,-0.6406729529519098,-0.7141300597610548,-0.5830256713782994,-0.6530801241133088,0.7327948070061353,0.8022248003032832,2.6298361324320956,0.7561136372565287,0.8361056248437485,Sleep stage W
-0.6495167026638397,-0.6419971124613639,-0.6409758182041547,-0.6407467259812804,-0.6406537445449656,-0.7198704824703601,0.027400992485741606,-0.653227581679241,0.6668120246269301,0.6810046306190864,0.2119012273897899,0.5045930666460059,0.8361056248437485,Sleep stage W
-0.6493329725413189,-0.6418598639835279,-0.6408369223319629,-0.6406074698911276,-0.6405142770698103,-0.7107833274808181,-1.920803869150915,-0.6529812249259973,0.6947298045775331,0.7695661401587155,0.13053602684102025,0.236898778052926,0.8361056248437485,Sleep stage W
-0.6493276078395107,-0.6419712907438065,-0.6409496042874355,-0.64072044011747,-0.6406271745219602,-0.7127204879981165,-0.5786595994374193,-0.6530396226285865,0.9834086750950325,0.9169590035117392,0.941207550219805,-0.032832861097155504,-0.2730284121959196,Sleep stage W
-0.649485482905259,-0.6418194418569415,-0.640795947135935,-0.6405663935258639,-0.6404738834259521,-0.7149284971343653,-0.4416954403568677,-0.6531023028270837,0.5389463797315458,0.4320628543824691,-0.5410086714383077,0.7329396579057958,0.8361056248437485,Sleep stage W
-0.6491862319624002,-0.6416681514849678,-0.6406435558896416,-0.6404137140673597,-0.6403187488966235,-0.7007925238669196,-0.438735197364791,-0.6526307120335327,0.39688089227571216,1.1426231910977998,-0.17728985143964665,0.7542716387051049,-0.2730284121959196,Sleep stage W
-0.6493634478339693,-0.6418911720608027,-0.6408686220658711,-0.6406392550450275,-0.6405449642768289,-0.7100453526018434,-0.27061087914414256,-0.6529585361734559,0.8752186883463682,0.4842904400545445,0.18734832143839478,0.4454294413741636,0.8361056248437485,Sleep stage W
-0.649267415541134,-0.641992818448326,-0.6409719021639736,-0.6407428608074002,-0.6406470709599972,-0.7158268248485762,-0.2324604205487503,-0.6531268029601915,1.044753908771735,-0.019941469116636364,1.4951679676816854,1.4671260799291248,0.8361056248437485,Sleep stage W
-0.649531875045956,-0.6419620588358579,-0.6409381318403837,-0.64070845396254,-0.6406129144246272,-0.7182617310884986,-0.3406016094841358,-0.6531892988880935,1.2756733330743162,-0.06925090741189781,-0.12451275184028093,0.4706771452986659,0.8361056248437485,Sleep stage W
-0.6494965484798912,-0.6419796136296992,-0.6409571806280364,-0.640727808187044,-0.6406291729901407,-0.7175542964651912,-0.18415137788006405,-0.653171388789862,1.260780658875989,0.05498810946333777,0.17243637202117096,0.7294590423828518,-0.2730284121959196,Sleep stage W
-0.6497176031554807,-0.6419476648229708,-0.6409222335884758,-0.6406922333951799,-0.6405967987400804,-0.7168766072748678,0.21234164882176795,-0.6531540946990118,1.5194815229379632,-0.06122987583975269,-1.0376032953039738,0.2720429310276905,0.8361056248437485,Sleep stage W
-0.6495354646120827,-0.6419923645744553,-0.6409699320750429,-0.640740574232387,-0.6406438005820386,-0.7154939982808538,-0.6132832828169152,-0.6531177277212521,1.4255387613445156,0.0012117073193074594,0.06621188461961917,0.15113478577871162,-0.2730284121959196,Sleep stage W
-0.6494169158895972,-0.6419379169537801,-0.6409177900373384,-0.6406889492921952,-0.6405944903374199,-0.7134122944678414,0.5850893357264237,-0.6530597077658199,1.0726918621220038,0.7032123806350475,0.2729635299428415,0.036473969623663095,-1.3821624492355877,Sleep stage W
-0.6494339618490544,-0.6418534145755826,-0.6408257428640873,-0.6405952240988415,-0.6404977442448111,-0.7115381604332514,-0.1717673856482243,-0.653004211312377,0.9378010682652087,0.02349422991903848,-0.27215752109633307,0.4806176960751703,-0.2730284121959196,Sleep stage W
-0.6495777679152962,-0.6419889985730919,-0.640965762612805,-0.6407362514089937,-0.6406412314866425,-0.7184116083716184,0.35414019282219455,-0.6531927076462694,1.0270986688053145,0.46143158171228854,-0.18210901957706782,0.2620994920599209,0.8361056248437485,Sleep stage W
-0.6495181309237716,-0.641926983795164,-0.6409051568535221,-0.6406759478902041,-0.6405820829536067,-0.7187869592602876,1.4095468623446468,-0.6532019167216894,0.731762476250472,0.6660688706435842,-0.23773887159223878,0.4583348704479785,-0.2730284121959196,Sleep stage W
-0.6494649582860741,-0.6419227623323703,-0.6408995278089585,-0.6406700068844436,-0.6405765180884222,-0.7149032660419424,-0.7692087311872507,-0.6531017035127801,0.5708446273053503,0.8471412183642859,-0.046163884470212614,0.23449405903752107,-0.2730284121959196,Sleep stage W
-0.6494459798181108,-0.6419880798838123,-0.6409657725953959,-0.6407364753598996,-0.6406444480415008,-0.7159455845904931,-0.08850718841532335,-0.6531295847629799,0.737762719695768,0.25248884564336854,0.4972845220394111,0.6152450393447227,0.8361056248437485,Sleep stage W
-0.6494712418254497,-0.6420210781404353,-0.6409990161604118,-0.6407697705027245,-0.6406782685760473,-0.71665131923859,0.3194369598597162,-0.6531481632042581,0.9423381383376416,0.42295357383239834,0.6782271537318911,0.050823729342459274,-0.2730284121959196,Sleep stage W
-0.6495919506860881,-0.64200817588816,-0.6409861371594732,-0.6407569140035942,-0.6406662867409944,-0.7191373926780602,-0.4138544487765189,-0.6532102076090383,0.5743862810689598,0.3738864882860082,-0.12249026948553479,-0.4406656370102226,-0.2730284121959196,Sleep stage W
-0.6494606528113257,-0.6419135270215794,-0.6408888190224578,-0.6406590347880409,-0.6405703026513045,-0.7126318007035246,4.210325451044615,-0.6530370645778315,-0.7806552574018736,0.8524997496611997,-0.08662989076114115,-0.8360128346724002,0.8361056248437485,Sleep stage W
-0.649482409996728,-0.6419112803259108,-0.6408879938135447,-0.6406585181188407,-0.6405699138554869,-0.7138907902986323,0.5982155235265637,-0.6530733197556599,-0.6180883178048344,-0.19081680599401182,-0.17649365193981242,-0.8777611774891916,0.8361056248437485,Sleep stage W
-0.6497445331796048,-0.6420685535578922,-0.6410468595066654,-0.6408177409866104,-0.6407292514094174,-0.7235275429164246,0.8917283098701324,-0.653307022456219,-0.8531573588646693,0.09582166653065137,-0.6816477832657785,-0.8508980638662782,-0.2730284121959196,Sleep stage W
-0.6496008842742245,-0.6419951300235245,-0.6409723281259354,-0.6407429502817009,-0.6406534322150674,-0.7157578728470131,-2.0988400943424925,-0.6531246488408532,-0.5729865301271252,0.4702248941868645,-0.26162393736274814,-0.6139759603229035,-1.3821624492355877,Sleep stage W
-0.6493832572685952,-0.6418633424656943,-0.6408425849427638,-0.6406136282786421,-0.6405229057765897,-0.7139053782755805,-0.5943965277064729,-0.6530738773044334,-0.40024054502902917,0.8645921546730457,-0.017139788003503482,0.2976490271369523,0.8361056248437485,Sleep stage W
-0.6495890505352183,-0.6420331398363979,-0.6410121600301161,-0.6407831261293289,-0.640688335522454,-0.7180925187333256,-1.141921367417793,-0.6531848159373029,0.7481760508636934,0.5760771137729551,0.09888878003604308,0.9119664730885529,-0.2730284121959196,Sleep stage W
-0.649130990536103,-0.6419119914517365,-0.640891969889187,-0.640663163295959,-0.64057197679381,-0.7092456470540899,-0.6877910854346901,-0.6529331332165003,0.9457579782491017,0.33979360691285315,1.2742830847613194,0.22106133719706195,-0.2730284121959196,Sleep stage W
-0.649372037158665,-0.6419765167181513,-0.6409547447138211,-0.6407255516891299,-0.6406328312065023,-0.718582087794177,0.17645733266767405,-0.6531969201913095,0.7243598707134145,0.1680901124035247,0.7720521268762639,0.8049894830702768,-0.2730284121959196,Sleep stage W
-0.6496365422454241,-0.6420029511667957,-0.6409807342127033,-0.6407514759645255,-0.6406593966406979,-0.7240197189788201,0.10483275784044971,-0.6533169003339668,0.782727099029757,0.08488344992264436,-0.4020939532261582,-0.3614759427053873,0.8361056248437485,Sleep stage W
-0.6493646475174258,-0.6419147864169636,-0.6408937622219016,-0.6406647635119697,-0.6405749083473415,-0.7159856845163732,-0.2647358521372762,-0.6531306685950714,-0.15025258823554494,1.2499384378265126,0.3351066750116488,-0.20147119828211968,0.8361056248437485,Sleep stage W
-0.6493801968273937,-0.6419029124940944,-0.6408807987211496,-0.640651561925386,-0.6405619587792889,-0.7145041354766358,-1.6393770388405062,-0.6530907153281653,-0.8433635920860797,1.4679582480512672,0.19232765487698503,-0.052338606808859205,-1.3821624492355877,Sleep stage W
-0.6497406427499411,-0.6420281260596603,-0.6410051518110214,-0.6407757568996668,-0.6406871156206586,-0.7201578761438479,1.1593944482809373,-0.653234240831035,-1.0110243680017035,1.9254426241947933,-0.8736783059893691,-0.8127876454002292,-0.2730284121959196,Sleep stage W
-0.6493400383804012,-0.6419722146209467,-0.640951000079874,-0.6407219667787496,-0.6406327803026748,-0.7135821297040745,-1.4205868092723986,-0.6530644751182099,-0.8796920671093034,1.566684091941613,0.8950188036918207,-0.5480342669028766,-0.2730284121959196,Sleep stage W
-0.6495762444739623,-0.642028460062308,-0.6410060032505348,-0.6407767153394243,-0.6406880401032589,-0.7221104910205807,-1.2389274718300618,-0.6532776081312239,-0.7145574057072837,0.9554827746487147,0.1211020166326305,-0.7410287646103211,0.8361056248437485,Sleep stage W
-0.6496603049207753,-0.642055827053014,-0.641034187825536,-0.6408050785133593,-0.6407166061577357,-0.7215826455754161,-2.463841954554313,-0.6532661857266638,-0.7095334448387021,0.5104033072071721,-0.17861412677567587,-0.8839218790710103,-0.2730284121959196,Sleep stage W
-0.6494112060266725,-0.641797943981724,-0.6407777784846289,-0.6405489725726636,-0.6404597820419913,-0.7060147786756487,-1.122214478684541,-0.6528244236937627,-0.9011383934404984,2.188538403753049,-0.36470410054245883,-0.2586256164498327,0.8361056248437485,Sleep stage W
-0.6496394846974007,-0.6420064767322516,-0.6409813620076827,-0.6407514940944242,-0.6406626597363497,-0.7203533006147729,-1.321481203704296,-0.65323880836267,-0.8280046176759144,0.4050692914395855,-0.4181784067208078,-0.8537110567301011,0.8361056248437485,Sleep stage W
-0.6495837433325006,-0.6420576846683028,-0.6410357071901707,-0.6408065223537474,-0.6407180161282043,-0.7226683504448775,2.1743523986821818,-0.6532894134546569,-1.0375550588713771,0.46455635919987776,0.3618273465266774,-0.7866624217054915,-0.2730284121959196,Sleep stage W
-0.6496568267382721,-0.6419315664921662,-0.6409065625168852,-0.6406767104691194,-0.6405866409303993,-0.7168242833926348,-0.23967262660933059,-0.6531528304240894,-0.47573811036807717,1.0175396913383743,-0.8204449084146161,-0.30091159990447525,0.8361056248437485,Sleep stage W
-0.6494759703894923,-0.6419077434819236,-0.6408849926641755,-0.6406556087710963,-0.6405661851773532,-0.7121904843840797,-0.6089395565345417,-0.6530240573874833,-0.6906645589864211,1.2218964199240203,-0.16478984482043668,0.16540714466095166,0.8361056248437485,Sleep stage W
-0.6495144734213391,-0.641938203782969,-0.6409157761870239,-0.6406864648756034,-0.6405954564017909,-0.7165865555528118,0.0880987125997069,-0.6531465228893661,-0.664231474150566,0.8983547075164402,-0.16851967983995225,-0.13200992516917034,0.8361056248437485,Sleep stage W
-0.6495892619623302,-0.6419297103416587,-0.6409052419808344,-0.64067550166277,-0.6405845643866158,-0.7168156402641485,-0.18004636348408556,-0.6531524698001151,-0.8109008141446354,0.7005016792215516,-0.5397367810899121,-0.48725325234421235,0.8361056248437485,Sleep stage W
-0.6494495653722907,-0.6420295797980412,-0.6410087482425835,-0.6407798109435403,-0.6406904421010584,-0.7212474130005185,-0.5575125030543531,-0.6532587711206712,-0.5104285982774146,1.1184777559713115,0.9215666510207008,-0.643113964686674,0.8361056248437485,Sleep stage W
-0.6495819987434494,-0.6419600797006906,-0.6409384577009265,-0.6407093498053233,-0.6406204182814087,-0.7200674308844153,0.2111141463354867,-0.65323199175593,-0.5600020388593111,-0.10089730611098739,-0.35439775440890137,-0.7474371448289384,-0.2730284121959196,Sleep stage W
-0.6494900014409589,-0.6419830833950632,-0.6409606697757888,-0.6407313854463829,-0.6406422596455342,-0.7136903430038166,0.4624243534122374,-0.6530676501671248,-1.241314248972383,1.0411247231989216,0.2311685841701414,-0.8139841728908986,-1.3821624492355877,Sleep stage W
-0.6495098809924699,-0.6419553599304118,-0.6409314227367334,-0.6407017981730148,-0.6406125972199983,-0.7140957212081377,1.179671802589352,-0.6530789449572905,-0.6098299155017519,0.26022716295404646,-0.062378947069336645,-0.900623023975372,-0.2730284121959196,Sleep stage W
-0.6496985348417061,-0.641969321051375,-0.6409466151881138,-0.6407172185466129,-0.6406199655971875,-0.721306257664487,-0.011397873641892046,-0.6532600357536132,0.4772442852711661,0.2777052802617094,-0.8734320204851064,-0.1654762296299929,-0.2730284121959196,Sleep stage W
-0.6496036149200347,-0.642016384414252,-0.6409966742581976,-0.6407679660100876,-0.6406782376054337,-0.72274385585895,1.0958543499340185,-0.653290971849669,-0.6832315880235554,1.0087002569131172,-0.11005704858508057,-0.5058366801636234,0.8361056248437485,Sleep stage W
-0.6493727941459737,-0.6419594736095732,-0.6409364154815468,-0.6407069880490938,-0.6406180440080353,-0.7164681478417961,-0.979178983058903,-0.6531435762156292,-0.5988843966309635,1.4186283895921639,0.6058054551007679,-0.5846902741681445,0.8361056248437485,Sleep stage W
-0.6494032352722582,-0.641949556167636,-0.6409263384207784,-0.6406968816754887,-0.6406082107335451,-0.7163917448522417,-0.07298644651347724,-0.6531414983130769,-0.5145550077816899,-0.39724129675265035,0.38864934072503465,-0.8674288500561035,0.8361056248437485,Sleep stage W
-0.6491495833774852,-0.6419425644478423,-0.6409247307156299,-0.6406964247590833,-0.6406081969455221,-0.7124565710663304,-1.1038928952416476,-0.6530318251896927,-0.7843570770981743,0.8003318839581421,1.5244610894768078,-0.8833804258027045,-0.2730284121959196,Sleep stage W
-0.6495278859878988,-0.6419823625053257,-0.6409622819275049,-0.6407335029667185,-0.640645067122352,-0.7172448577861511,-1.0575817531839091,-0.6531635281407068,-0.954187265305054,0.8369562842809353,0.05449927884558402,-0.7646728565286758,0.8361056248437485,Sleep stage W
-0.6495503389760636,-0.6420610814478784,-0.641041662216726,-0.6408130346891469,-0.6407248736062203,-0.7243843255660646,1.06916330150804,-0.6533240974069845,-0.8799622111777159,-0.20077585856578595,0.6737944428740694,-0.8701426752027372,-0.2730284121959196,Sleep stage W
-0.6496068796052765,-0.641946837312601,-0.6409229121903148,-0.6406933056591904,-0.6406046931554148,-0.7167378671273124,1.658983234177888,-0.6531503965330622,-0.8188545141475249,-0.28310228925131325,-0.542560683932006,-0.9430233598580348,-0.2730284121959196,Sleep stage W
-0.649493374722656,-0.642000142102908,-0.6409775121480297,-0.6407481445928278,-0.6406558775659493,-0.7148006889690598,0.1855052377237685,-0.6530987275284019,0.5258631086007145,0.947244844232363,0.3483706345306693,-0.10826548234090372,0.8361056248437485,Sleep stage W
-0.6494234466474283,-0.6420174660634618,-0.6409959329019381,-0.6407668410143987,-0.6406779394996127,-0.7192045306742348,0.3053044537290082,-0.6532117779115882,-0.8632719648818619,0.4707461659931033,0.9235538179177345,-0.4695345713690453,-0.2730284121959196,Sleep stage W
-0.649449552039223,-0.6420146444697048,-0.640993472819531,-0.6407644245360298,-0.6406731235911446,-0.7201178550886951,-0.664606905609467,-0.6532332537030661,0.41890197827531384,0.6888979359327903,0.7468812080169119,-0.24115061483181519,0.8361056248437485,Sleep stage W
-0.649119205276221,-0.6418331624881237,-0.6408148731090036,-0.640586416013779,-0.6404939987568039,-0.7099426020985792,0.1648310239537157,-0.652956227223905,0.6936412153381786,0.7699485991611502,0.7421994669102521,0.7582218360616468,-0.2730284121959196,Sleep stage W
-0.6494508221840247,-0.641940182218474,-0.6409160293229117,-0.6406863241687508,-0.6405942713870615,-0.7170784429666361,0.2846800212781268,-0.6531593093683539,0.778064762115657,0.08243922133908116,0.10790815886705882,0.3151910006709103,-0.2730284121959196,Sleep stage W
-0.6492901988782148,-0.6419192707864687,-0.6408976062666704,-0.640668431452185,-0.6405753033773823,-0.7129245620640993,0.7061367191991396,-0.6530454700860723,0.6020572392381001,0.2951215470928799,0.6662851341077529,0.9776730277098089,-0.2730284121959196,Sleep stage W
-0.6495138580991539,-0.6418687135912661,-0.6408452335310048,-0.6406156614990183,-0.6405208764408292,-0.7150825253367847,-2.145650303486177,-0.6531065529722005,0.8369314228440122,0.49236849380879844,-0.47430100777603995,1.204758554646193,-0.2730284121959196,Sleep stage W
-0.6492874206834816,-0.641991884674192,-0.6409689553548867,-0.6407395062102406,-0.6406458211495235,-0.7147266243272165,-0.25805663648797306,-0.6530967629555229,0.7075855659162029,0.37952338513600475,1.3490096111044652,1.1305612526748674,0.8361056248437485,Sleep stage W
-0.6492186747350667,-0.6418182348165151,-0.6407975731900692,-0.6405685718596817,-0.640472130322236,-0.705323238511905,0.5609235779016756,-0.6528003556370996,0.46698705129599716,0.8728708019875706,0.31841370885278825,1.1107562096986918,-0.2730284121959196,Sleep stage W
-0.6495792905853169,-0.6417951644867569,-0.6407657093762734,-0.6405347893278238,-0.6404361326050726,-0.7073605333647275,0.0294399249248593,-0.6528711032034967,0.8751263327117006,0.4984764484941771,-0.9089210124023359,1.6270072325197422,0.8361056248437485,Sleep stage W
-0.649638646449509,-0.6419589333235483,-0.6409343243422626,-0.6407044835713637,-0.6406068188992327,-0.7203242301695896,-1.7139266175509982,-0.6532382464278988,1.081860396314485,0.49388400284320777,-0.6395023403220157,0.7969382853436567,0.8361056248437485,Sleep stage W
-0.6492602949382779,-0.6419762494818962,-0.6409565632311303,-0.640727806845988,-0.6406336335018148,-0.7113329447795926,-1.787288734155535,-0.6529982486443308,0.8626380181488834,0.39750199604104297,1.3507530633767713,0.6421509294825917,0.8361056248437485,Sleep stage W
-0.6489369960232605,-0.6418990832787201,-0.6408779279225831,-0.6406488693946111,-0.6405566380550163,-0.7069355642224768,-1.7441142720845355,-0.6528561360879167,0.8001398523247074,0.33343719347323636,1.9067254160599882,0.6164230411024766,-1.3821624492355877,Sleep stage W
-0.6497345585103633,-0.6420058882903396,-0.6409812393369682,-0.6407514225928331,-0.6406586039964227,-0.7176782740714958,-1.3483357550890882,-0.6531745483972777,0.8213547067077245,0.5909476089163129,-0.9355879326049423,0.3148629905150181,0.8361056248437485,Sleep stage W
-0.6493827154316936,-0.6418265452941753,-0.6408007079745078,-0.640570620343556,-0.6404771804414773,-0.7073427090706864,-0.5185204244683399,-0.6528701895491683,0.9155954048635944,0.013902714556759082,-0.19813662361503112,0.8142513002183474,0.8361056248437485,Sleep stage W
-0.6495360736432086,-0.6419269367456348,-0.640901584681004,-0.6406716208952723,-0.6405786035342923,-0.7166408910153896,0.6307611502219469,-0.6531479437694436,1.112165732745298,-0.24553236993231023,-0.3335833110456685,0.5908900274812469,-0.2730284121959196,Sleep stage W
-0.6495571788164973,-0.6419908581761394,-0.6409663661004686,-0.6407365929986295,-0.6406435101249192,-0.7104902638755585,0.19066393977450966,-0.6529723247109793,0.7398677676431251,0.9987533661573683,-0.07411956152480814,0.22342102802081154,-0.2730284121959196,Sleep stage W
-0.649629239965968,-0.6419638009376365,-0.640939501449154,-0.6407097652776615,-0.6406163377869262,-0.7167063116098903,0.18137390263286166,-0.6531495264261186,1.0311430580142409,0.10293882840207659,-0.5736246328440472,0.2274910704626329,-0.2730284121959196,Sleep stage W
-0.6496641300479273,-0.6420844247590436,-0.6410629873601266,-0.6408338698725908,-0.6407389570378424,-0.7263340197001649,-0.49489692020257814,-0.6533605539436285,1.3261034764525765,-0.04935006175698383,0.06905573400301089,0.13281961811031684,0.8361056248437485,Sleep stage W
-0.6495338086609096,-0.6419732417379659,-0.6409493009712163,-0.6407196325097821,-0.6406249017097243,-0.7153391168389306,0.37024557180713646,-0.6531134194599971,1.3555463495121238,-0.0738997917393947,-0.06633214336368166,0.1823159048415522,0.8361056248437485,Sleep stage W
-0.6494505061937863,-0.6420032043438213,-0.6409838847462876,-0.6407552302647034,-0.6406615539906562,-0.7193674189774368,0.08386875521149234,-0.653215530269602,1.2415951590550256,-0.06881250831972704,0.6470860962013185,0.02729982949089631,-0.2730284121959196,Sleep stage W
-0.649554499939918,-0.6420245898933757,-0.6410047742807827,-0.640775997856839,-0.6406817512130255,-0.719565239449558,-0.7222415594845338,-0.6532202558492657,1.4294784359976451,-0.28662057772873,0.24609794149591505,-0.10282834061577005,-0.2730284121959196,Sleep stage W
-0.6495905830109083,-0.642002225510445,-0.64098046032494,-0.6407512637008511,-0.6406568859367231,-0.7158999858592873,-0.49392209389490127,-0.6531286573649854,0.9315345872084727,0.8377178544703054,-0.153237114000773,0.2849771618781778,-0.2730284121959196,Sleep stage W
-0.6495432604730972,-0.6419272448758321,-0.6409036816296103,-0.6406740736556958,-0.6405778100738662,-0.7085177083914337,-0.3086266051933457,-0.6529091182072453,1.096197567485994,0.2551813572102693,-0.352262760246944,0.9176345619239743,-0.2730284121959196,Sleep stage W
-0.6495322389557852,-0.6419697999704838,-0.6409452410465033,-0.6407154343570641,-0.6406210265963612,-0.7126863899377622,-0.24096657293367293,-0.6530385471730191,1.0524588130717756,0.04649056564635753,-0.084660300473715,0.4097691509646,0.8361056248437485,Sleep stage W
-0.649537032906909,-0.6419774255185522,-0.6409550301311421,-0.6407257041380305,-0.6406333554832953,-0.7151536386524193,-0.493898859109161,-0.6531084608161369,0.7979123079255163,0.322361681244983,-0.043519629640532194,0.6228388054291693,0.8361056248437485,Sleep stage W
-0.6496191320484827,-0.6419481407357335,-0.6409228209662815,-0.6406928506722932,-0.6405987029926935,-0.7171358147406051,-0.6020742823876715,-0.6531605333918723,1.0567941244114507,-0.16774037705933928,-0.5986182426222469,0.8233703368522496,-0.2730284121959196,Sleep stage W
-0.6494428376562336,-0.6419798399778551,-0.6409577573991982,-0.6407285257127482,-0.6406373979761399,-0.718982949016745,-2.7390875156556196,-0.6532065610726855,0.576634913180249,0.6811501422407947,0.44579465026592646,-0.025616502254882507,-0.2730284121959196,Sleep stage W
-0.649576613610011,-0.6419662533959248,-0.640943861188362,-0.6407145319176158,-0.6406199602783746,-0.7195015859303958,-1.0125410687149579,-0.65321931829128,0.16755156998334308,1.8909418878054487,-0.3016032037972013,0.22471867637770296,-1.3821624492355877,Sleep stage W
-0.6493415268307301,-0.6419652074171511,-0.6409410959101928,-0.6407114047235024,-0.6406195288490649,-0.7130990887186928,0.16238895669346515,-0.6530507694682637,0.3383407404237182,0.17684234418028028,0.7903381701432948,0.8598093884546725,-0.2730284121959196,Sleep stage W
-0.6497137739127481,-0.64206555861964,-0.6410436261058358,-0.640814411029221,-0.640721313513677,-0.7283324031993158,0.4577461076584555,-0.6533946831176518,0.6110164673707147,0.6417436617661989,-0.4809344082160829,0.12939575214658453,0.8361056248437485,Sleep stage W
-0.6490588130111549,-0.6417413430411991,-0.6407175675050616,-0.6404878983081844,-0.6403889747360042,-0.7045914325662929,0.7331292103681712,-0.652773797619385,0.8354039944549261,0.19417779619282194,0.4100099316578829,0.3135452564734728,0.8361056248437485,Sleep stage W
-0.6492860029283677,-0.64173194070984,-0.6407079054275936,-0.6404781407812044,-0.640376032460456,-0.7044115258882553,-0.6522875960741672,-0.652767531353306,0.2632824406231658,0.575484468120084,-0.23486539474632692,1.0185919023407783,-0.2730284121959196,Sleep stage W
-0.6495607407021712,-0.6418743329343443,-0.6408481911841841,-0.6406180365025121,-0.6405210851856498,-0.7132003327208273,-0.18421985112200967,-0.6530579777614636,1.0421333555907495,1.867982991900663,-0.6343931596164116,0.5214443927153664,0.8361056248437485,Sleep stage W
-0.6497078683003086,-0.6420459606701729,-0.6410223266397308,-0.6407927642705579,-0.6407015031192996,-0.7221256895428623,-0.2958821496789381,-0.6532781293225841,1.0488744687252658,0.45697882899574943,-0.5824711187918276,-0.5459195093190183,0.8361056248437485,Sleep stage W
-0.6494228025755516,-0.6419122867995513,-0.6408896665699714,-0.6406602898051295,-0.6405670780179338,-0.712596175062051,-0.38473109870179073,-0.653035902532889,1.459343814204773,-0.18542891682946036,0.0725876358518392,0.18874216441977157,0.8361056248437485,Sleep stage W
-0.6495840280705046,-0.6419744560975139,-0.6409537905411279,-0.6407248593700839,-0.640633530533798,-0.7175252830511801,-0.9708138491566282,-0.6531706405497124,0.7428875926415761,1.0559778520573817,-0.2810754730038737,0.11187296680934328,0.8361056248437485,Sleep stage W
-0.6493501627793874,-0.6417266189763446,-0.6407008763026065,-0.6404708338204754,-0.6403790098122285,-0.7029029023913226,-1.7196058111109556,-0.6527117046363429,1.1375272171967128,-0.12002247388368756,-0.42549557315496594,0.538775323010258,-0.2730284121959196,Sleep stage W
-0.649707177706455,-0.6419922530552079,-0.6409677949530664,-0.6407380469437782,-0.6406464536769395,-0.7217350116825451,-0.08083320059769458,-0.6532695522372737,0.8439967482049936,0.5965183752130403,-0.8407533779451266,-0.15746848177020853,0.8361056248437485,Sleep stage W
-0.6492246585839482,-0.6419130928539906,-0.6408903560064834,-0.6406609711221348,-0.6405694804182331,-0.7108478492055065,-2.0510144722900874,-0.6529833681973197,0.8133461919221272,1.1941640524627726,0.8763123943967438,0.16168071103668297,-0.2730284121959196,Sleep stage W
-0.6495443713262731,-0.6419664908287566,-0.6409432897990661,-0.6407138110055413,-0.6406221970481465,-0.7157124637182243,0.4179804193343676,-0.6531234336595572,0.5719156725972817,2.0209925661907095,-0.15237414189219597,-0.2501465303369937,-0.2730284121959196,Sleep stage W
-0.6496325620527345,-0.6419550792366363,-0.6409305030268013,-0.6407007262676211,-0.6406101502839961,-0.7117123680439422,-1.06510522285174,-0.6530097926254349,0.5323498495197808,-0.03403464926285458,-0.6271590905957406,0.047816178594659677,0.8361056248437485,Sleep stage W
-0.6494380549928612,-0.6419864608491793,-0.640966243158534,-0.6407374237055556,-0.6406471140268934,-0.7130819155834082,-0.47763404330226683,-0.6530501238111056,0.6209352676790206,1.045769170861659,0.5462272621709277,-0.3518516078642385,-0.2730284121959196,Sleep stage W
-0.6494618071888939,-0.6420088304163961,-0.6409856286329986,-0.6407561631587012,-0.6406659272411716,-0.7143087779096053,-0.25895521080505457,-0.6530849559726231,0.4461543931247114,0.8546772759759059,0.5934222509763044,-0.4317162720815868,0.8361056248437485,Sleep stage W
-0.6494710567608766,-0.6419017523704192,-0.64087578476139,-0.6406457031578389,-0.640554600329592,-0.7151965059129425,-0.059743728871767744,-0.6531095962574273,0.18401425551916265,1.3949299369589185,-0.19251010159489024,-0.22125239779994518,0.8361056248437485,Sleep stage W
-0.6495289927952707,-0.6419874111844366,-0.6409626563044785,-0.6407328391667422,-0.6406414775474215,-0.7149339939843314,0.3677000929328322,-0.6531023036534214,0.4197864133621786,2.0219537018506633,0.044410705709829114,-0.5259776277407935,-0.2730284121959196,Sleep stage W
-0.6494868314277904,-0.6419870893954644,-0.6409680834471816,-0.6407394832276736,-0.6406453804229206,-0.718771157129524,-0.021911483010878578,-0.6532049517968066,0.7775750036413862,1.2738171282590678,0.3112725654258995,0.04462914058287389,-0.2730284121959196,Sleep stage W
-0.649110051175967,-0.6419179235171246,-0.640899912606015,-0.6406715265311654,-0.6405792825491328,-0.7118243466461804,-0.5585801032468684,-0.6530155740679948,0.7348069017580693,2.5294008706648143,1.4393548429492584,-0.30525932093287345,0.8361056248437485,Sleep stage W
-0.6489932213703296,-0.6419101661650016,-0.6408932929330725,-0.6406651860081646,-0.6405763004991643,-0.711316124353221,-0.5793439998761197,-0.6529982769111339,-0.3501095555893477,2.435182083528707,1.8554742346879178,-0.4662179854147919,-1.3821624492356026,Sleep stage W
-0.6493026132222763,-0.6419741981443151,-0.6409519645158647,-0.6407226701886782,-0.6406293511609716,-0.7150603487184028,0.6099737950620902,-0.6531060511075957,0.5542533998449389,0.9087289968111444,1.0854590968375444,-0.6767757383312719,-0.2730284121959196,Sleep stage W
-0.6489085541727324,-0.6417431307023653,-0.6407277902539161,-0.6404999423877062,-0.6404026024284963,-0.7067174558414792,-1.0008499473780792,-0.6528650992027317,-1.170131938936263,3.2209027659165517,0.8800244516372209,0.43011225576982826,0.8361056248437485,Sleep stage W
-0.6493318875319506,-0.6420043921804299,-0.640982118903828,-0.6407528266567643,-0.6406587754950509,-0.710929201980585,-1.9659121804419484,-0.6529867595742492,-1.6322586459834505,1.9910611133331901,1.2723068711076662,-0.05035891454133477,-0.2730284121959196,Sleep stage W
-0.6494162145779976,-0.641857152086366,-0.6408315291206477,-0.6406015022921385,-0.6405072923589177,-0.7118805915311192,1.9609807361574716,-0.6530282926632648,-0.08025509393903808,2.2764377175001624,-0.18620653876089746,-0.0005419908322421403,0.8361056248437485,Sleep stage W
-0.6493088035590311,-0.6419249630713695,-0.6409030623554535,-0.6406738103381174,-0.6405776896041315,-0.7117773402420966,0.04045471327630863,-0.6530211508954632,0.9480572406604189,2.667751835915774,0.6292055496660167,0.04906913341451994,0.8361056248437485,Sleep stage W
-0.6492945980895415,-0.6418808505860141,-0.6408568065669931,-0.6406271166384037,-0.6405316840445928,-0.7103869614559118,-0.5358462242517333,-0.6529699886626092,1.2090891258581555,0.3955329817377508,0.3752312047231773,0.4098387744998765,0.8361056248437485,Sleep stage W
-0.6496672155839013,-0.6419829266894831,-0.6409587758372618,-0.6407290801026436,-0.6406350800292203,-0.7211202698155128,1.4424149986558228,-0.6532560409611824,1.5030872525027135,-0.1570873688021171,-0.6738228471915562,-0.3681652391590847,-0.2730284121959196,Sleep stage W
-0.6495345265308495,-0.6420317187464543,-0.6410115214815367,-0.6407826848803924,-0.6406892738056945,-0.7185103903109323,1.0123942580786667,-0.6531951385033298,1.5749795083761473,0.054695856339363226,0.4319163863820285,-0.37255229789815425,-0.2730284121959196,Sleep stage W
-0.6495732706165942,-0.6418668012368836,-0.6408396426609048,-0.6406092866083508,-0.640515827132034,-0.7072837788266414,-3.274230073823676,-0.6528681931517732,1.301453824733675,0.43763931371399495,-0.7059217143625136,-0.3565017126760258,0.8361056248437485,Sleep stage W
-0.6495042185207669,-0.6419119898972907,-0.6408893417115749,-0.6406599736625296,-0.6405668159907885,-0.7150792674944103,-1.6737992768877028,-0.653106376140526,1.2845854278282312,-0.08107867633385271,-0.2569879203739726,-0.3463547147605214,0.8361056248437485,Sleep stage W
-0.6494803027328542,-0.6419287102546241,-0.640902886066139,-0.6406728154819212,-0.6405784277312317,-0.7158868509596158,-1.3229847404761619,-0.6531281594879463,1.2692593347013583,0.10637778633072442,-0.09502385422250023,-0.04576113947649023,-0.2730284121959196,Sleep stage W
-0.6495914118621796,-0.6418909307223365,-0.640862632123148,-0.6406320130174618,-0.6405367923271449,-0.7167648723041062,-0.11656392597247886,-0.6531512486580903,1.240162552719507,0.19187934601211581,-0.7025027737487192,0.3504164965426241,0.8361056248437485,Sleep stage W
-0.6495347785091876,-0.641940884623253,-0.6409185145220154,-0.6406891826538422,-0.6405947344793086,-0.7182226249817786,0.6048139851122037,-0.6531881537452874,1.2098699724060396,0.2397537471066517,-0.24294838204839492,0.5448064333512755,-0.2730284121959196,Sleep stage W
-0.6490464694580684,-0.6417563802224727,-0.6407352344842112,-0.6405061873507307,-0.6404136952568845,-0.7089497128816221,-0.7273863968450989,-0.6529233606811519,0.7368258679936978,0.5007620419608245,0.5277056684787408,0.22601825769018083,-0.2730284121959196,Sleep stage W
-0.6493039839608405,-0.6419426942065001,-0.6409245291450797,-0.6406961238308295,-0.6406033935009731,-0.7157356508436258,0.516169723115207,-0.6531241413355138,0.36086767859282126,1.7420893174203527,0.8288964405558673,0.018213269865566737,0.8361056248437485,Sleep stage W
-0.6492723035065967,-0.6418642984646233,-0.6408412081944526,-0.640611696670501,-0.6405161122617361,-0.7101826103950262,0.4518585973163297,-0.65296280423701,0.38323962361386027,1.0494557030047273,0.36680570259336115,0.500463891757341,0.8361056248437485,Sleep stage W
-0.6493425105016349,-0.6418729237117438,-0.640846572942942,-0.6406163909713223,-0.64052343257354,-0.7098161560351782,-0.17414135928240237,-0.6529511543919648,-0.07268772252525527,1.41217035446079,0.14198450246256106,0.12317100342687401,-0.2730284121959196,Sleep stage W
-0.6495225316042164,-0.6418478066398797,-0.6408222904612964,-0.640592309652507,-0.6405012032267939,-0.7159771302355423,0.028462196074868207,-0.6531306137785379,-0.6684220237744004,1.3987418816198873,-0.5826768587385789,-0.1426838976022621,0.8361056248437485,Sleep stage W
-0.6495662603777596,-0.6419287541037323,-0.640902811279359,-0.640672738213237,-0.6405813114096812,-0.7158471257900308,0.4933109450591881,-0.6531270516975819,-0.3525909331169197,0.31113352262225097,-0.45465028972251187,-0.3615318873042294,0.8361056248437485,Sleep stage W
-0.6495547938280732,-0.6420030485513752,-0.640982616934332,-0.6407537513625325,-0.6406639359794373,-0.7222341091356218,0.3380168428363946,-0.6532803291720342,-0.335678322212313,1.2449018864821177,0.059762304375644955,-0.13864755040096757,-0.2730284121959196,Sleep stage W
-0.6495781968248494,-0.642021253819786,-0.6409968996521953,-0.6407671680172798,-0.6406747160020686,-0.7172789671278347,-0.3493619521446537,-0.6531644078318651,0.05930675265312381,-0.15816461637920878,0.03143436033797894,-0.3598391007800747,0.8361056248437485,Sleep stage W
-0.6493524195245141,-0.6419818406266015,-0.6409610713247279,-0.6407321211080153,-0.6406425342679762,-0.7154354695813934,0.14383883371732184,-0.6531162902126418,-0.10991174730835566,0.29873930275788246,0.9337751733545908,0.06455516890343216,0.8361056248437485,Sleep stage W
-0.6494840540905438,-0.6420413551451356,-0.641018471127175,-0.640789080964156,-0.6406995613092764,-0.7193629688079876,-0.5191259398905479,-0.6532156454935669,-0.5857567189656195,0.40619852374641513,0.8194038954083283,-0.6834437688133709,-1.3821624492355877,Sleep stage W
-0.6495611721335454,-0.6419866150427674,-0.6409648821213632,-0.6407357468154345,-0.6406469869140657,-0.7187550969225318,0.7324887914383255,-0.6532011833060811,-0.9779754742619443,1.6918400282571613,-0.10044644262306517,-0.6861309755076486,0.8361056248437485,Sleep stage W
-0.6496976365383315,-0.6420492048420618,-0.6410266145458613,-0.6407972954897496,-0.6407084917882466,-0.7260186259471424,-0.8185936515785749,-0.6533549876826689,-0.6567104641634119,0.6177841201894333,-0.4873103948975409,-0.5849002523154724,-0.2730284121959196,Sleep stage W
-0.6493424789188482,-0.6419101336515998,-0.6408874519608762,-0.6406580663265146,-0.6405660758577154,-0.7092223433705394,-0.6334766332673413,-0.6529321974338261,-0.10516132061845271,0.866437947289208,0.3818180154265604,0.22387795095473959,0.8361056248437485,Sleep stage W
-0.6496393261323564,-0.642066850265783,-0.6410466241259233,-0.6408177991867154,-0.6407277085846718,-0.7232871480896926,0.4845768405509102,-0.653302330561893,-0.06408944091420574,-0.10703809130970109,0.08724736513887499,-0.3697959754286177,0.8361056248437485,Sleep stage W
-0.6496482931771589,-0.642046680978449,-0.641024591088246,-0.6407953627725356,-0.6407054828531551,-0.7220647687020268,-1.4609117811217278,-0.6532766131933332,0.27776853779088295,-0.77469946173972,-0.17679543649404997,-0.5147556334230411,0.8361056248437485,Sleep stage W
-0.6495405336211973,-0.64205206066833,-0.641031421912274,-0.6408025213541043,-0.6407137932286022,-0.7238535270988722,-0.3402575611051897,-0.6533136942689486,0.1784475357535845,-0.5196151877429914,0.6113059825008424,-0.5904165747616623,-1.3821624492355877,Sleep stage W
-0.649592210343094,-0.6420359875004801,-0.6410148772753085,-0.64078587809041,-0.640697093560083,-0.7248434768035354,0.5144584205521254,-0.6533329757255172,0.28787821575249417,-0.9062969188637601,0.1027128058632412,-0.7228376220300782,0.8361056248437485,Sleep stage W
-0.6495978143290446,-0.642042020286161,-0.641019211748241,-0.6407898351973264,-0.6407010094809652,-0.7185937770864799,0.045135397858141885,-0.6531971445440717,0.24876779406254101,-0.5253514538142526,0.10256181912710144,-0.6036389657054395,-1.8007981606282735,Sleep stage W
-0.649650780591157,-0.6420535202457375,-0.6410305566307988,-0.6408011489620931,-0.6407123433997126,-0.7189778963948097,0.6977367731741898,-0.6532064305983126,0.14295385103096808,-0.9028864403259994,-0.14646082630262622,-0.5592576836777204,-1.8007981606282735,Sleep stage W
-0.6493197336562315,-0.642023887184517,-0.6410018986495144,-0.6407726958510432,-0.6406839727092964,-0.7113107765319214,-0.6539816121725308,-0.6529975116883188,0.13147147055980096,-0.5608975172097999,1.6069718732105676,-0.6353646488595048,-1.3821624492355877,Sleep stage W
-0.649461124159993,-0.6420392810724389,-0.6410187007097994,-0.6407898128618797,-0.6407007554480011,-0.7214672650962661,0.9668914059076551,-0.6532635726136333,-0.5121707240582506,0.4891995119956344,0.9746946454058683,-0.4299893802371279,-0.2730284121959196,Sleep stage W
-0.6496702522426652,-0.6419938613999753,-0.6409715598493272,-0.6407422963384566,-0.6406532400251645,-0.7200232503423482,1.0089684738903353,-0.6532311455780785,-0.3148581408713893,0.63844718635913,-0.6301479425951154,-0.4178487398560905,-0.2730284121959196,Sleep stage W
-0.6496946757585922,-0.6419884360199009,-0.6409652814408677,-0.640735831590076,-0.6406468481385587,-0.7211442391796241,0.43693239796951616,-0.6532564628154793,0.39458202146157323,-1.0786129401922218,-0.7850762769092964,-0.49645735021134496,-1.3821624492356026,Sleep stage W
-0.649494783823983,-0.6419860839333442,-0.6409623289925759,-0.6407327465532722,-0.6406435191665683,-0.717670816705623,-0.8677502812537671,-0.6531742782104853,0.47849514665606285,-0.4365494946260942,0.2173150707900601,-0.451742434183055,-1.3821624492356026,Sleep stage W
-0.6497078831759624,-0.6419180533193793,-0.6408920788710069,-0.6406620065260116,-0.640572833548432,-0.7124181399599211,-1.0582385579071019,-0.653030820649884,-0.4734161828415728,0.2426113757859761,-1.0722106108043299,0.5697517999647197,-0.2730284121959196,Sleep stage W
-0.649475723423852,-0.6419269826956355,-0.6409030290334415,-0.6406734049009915,-0.6405844397415815,-0.715683428011691,-0.21661452697608624,-0.6531227432472934,-0.07525874960137612,-0.13649235828026782,-0.07294355791044353,-0.24611833815546666,-0.2730284121959196,Sleep stage W
-0.6496053908323802,-0.6419253546249193,-0.6408994528228311,-0.6406693757761945,-0.6405783544245259,-0.7134912414368351,-0.9053710230669436,-0.6530620768184559,0.17031727625257573,0.6779284415002799,-0.6305688767175346,0.7223309127592559,-0.2730284121959196,Sleep stage W
-0.6496218342808774,-0.6420144622138076,-0.6409912649420487,-0.6407618024322075,-0.6406718618288931,-0.7192384441463908,-0.5935406596326993,-0.6532126381492904,-0.24075190183611325,0.6925622038431576,-0.25731225934991625,-0.8422713552435169,-0.2730284121959196,Sleep stage W
-0.6494085022900734,-0.6420070111836702,-0.6409840099035597,-0.6407545906242081,-0.6406649465134527,-0.7170501741779457,1.908769993619779,-0.6531586764996937,-0.33654148338841927,0.1678439951301703,0.8716847799575224,-0.794938547477836,-0.2730284121959196,Sleep stage W
-0.6494670848698091,-0.641948365997709,-0.6409244118534916,-0.6406947729517968,-0.6406044038284842,-0.7125837332881647,0.6012686104036807,-0.6530355598618243,-0.4523518670971804,2.2297693132195944,0.08835214455606671,-0.3624676629776048,0.8361056248437485,Sleep stage W
-0.6491036390271447,-0.6419143377790428,-0.6408912164763002,-0.6406617055427962,-0.6405671729697578,-0.7109807740157866,-0.07923605467621024,-0.6529875407240908,0.21610458297505244,1.2946858938554362,1.372100069027856,0.5568103825724513,0.8361056248437485,Sleep stage W
-0.649529546019621,-0.6419196625194988,-0.6408937766523184,-0.6406637042448728,-0.6405716692447914,-0.7116279237182265,-1.1122017738510228,-0.6530072219928452,0.2667667016329716,0.7494797997130139,-0.3425178269996471,0.11022962470664416,-0.2730284121959196,Sleep stage W
-0.6495650872739887,-0.641986882883854,-0.6409655445394153,-0.640736467846025,-0.6406447055192549,-0.7175069444810767,-0.26003708649644747,-0.6531701669021872,0.09530783201722103,1.4974683141681358,-0.11570402978938579,-0.37685394265812866,0.8361056248437485,Sleep stage W
-0.6495479724447121,-0.6420268637348605,-0.6410028836248877,-0.640773224368346,-0.6406806293804012,-0.719584620198248,-0.3975497183045131,-0.6532208863283807,0.662014634333492,0.09249396580646857,0.2598403001622961,-0.20491662448724063,-0.2730284121959196,Sleep stage W
-0.6496410860422102,-0.6420010503005686,-0.6409769860138441,-0.6407473238996224,-0.6406557202565063,-0.7217540065559577,0.8237050981884428,-0.6532701030744719,0.3826067208498909,0.15806186997112026,-0.449840037679227,-0.3049766407330074,-0.2730284121959196,Sleep stage W
-0.6495531619127901,-0.641968646773606,-0.6409457552708655,-0.6407163535642598,-0.6406252404064546,-0.72187087933815,0.13246127128347746,-0.6532725774473133,-0.17428649037565597,1.6490901904377433,-0.17955257240615657,-0.2535747946642685,-2.4912964862752704,Sleep stage W
-0.6496250113833771,-0.6419952278062278,-0.640972708987048,-0.640743395428836,-0.6406530666383842,-0.7209031512991895,1.2818876788519753,-0.6532512490023734,-0.27750428869733273,1.4834210065726188,-0.3861820703117517,-0.47202306943813177,0.8361056248437485,Sleep stage W
-0.6493892326289649,-0.6419209196694914,-0.640896416657026,-0.640666646854476,-0.6405757288727091,-0.7110379192483234,-1.1345672265935067,-0.6529892789521303,-0.7066252210573846,1.9928166857923664,0.2463834894654971,-0.6449901565841666,-0.2730284121959196,Sleep stage W
-0.6491401192841034,-0.6419490222216218,-0.6409274062236513,-0.6406982662879417,-0.6406074042553405,-0.7095538451873454,0.43372236502835976,-0.65294254991885,-0.44078069305110307,0.6801416679313601,1.5875549638992494,-0.5268327199877825,-0.2730284121959196,Sleep stage W
-0.6495923040581859,-0.6420683354247138,-0.6410469101431809,-0.6408178368375365,-0.6407282875675915,-0.7239841174229049,0.4016024504304368,-0.65331628535395,-0.6307648722586523,2.023618795986926,0.4309997726593953,-0.6995676769048211,0.8361056248437485,Sleep stage W
-0.6495502460117419,-0.6420360086073316,-0.6410141083242453,-0.6407849362542272,-0.6406956698087332,-0.7210672722738832,0.5019302585026868,-0.6532548052449562,-0.3540944200503981,-0.45124649492502056,0.35646068694001326,-0.8978514382115252,0.8361056248437485,Sleep stage W
-0.6495594871812393,-0.6420108452958908,-0.6409913863024258,-0.6407627342165734,-0.6406729504472015,-0.718567117466796,0.04872258669000746,-0.6531964405772436,-0.18072705454426974,-0.543866807522401,0.1034341125343803,-0.7679882579469398,0.8361056248437485,Sleep stage W
-0.64965561374147,-0.6419628896011715,-0.6409394296445201,-0.6407099172280668,-0.6406202689328131,-0.7225628779187967,1.1367118572566015,-0.6532872123677071,-0.36213371411495693,-0.03683128276028908,-0.6968771144947054,-0.7243989205848176,-0.2730284121959196,Sleep stage W
-0.6495195380735119,-0.6420204143688123,-0.6409999152396155,-0.640771038861808,-0.6406816591597349,-0.7219420881117036,0.062424203753281345,-0.6532741095821071,-0.7037032144513514,0.02689362090582547,0.4073351611125049,-0.6026790840861962,0.8361056248437485,Sleep stage W
-0.6494187030870537,-0.6419986512888423,-0.6409777358009607,-0.640748765147454,-0.6406593737675127,-0.7167864826710445,-0.04322634966524504,-0.6531517444642595,-0.46328620988600094,0.7033593833791822,0.7555171046133456,-0.768059902169819,-0.2730284121959196,Sleep stage W
-0.6495341819013043,-0.6420471124517042,-0.641024764403966,-0.6407954801898218,-0.6407055644554842,-0.7190285866505609,0.6645652544150888,-0.6532076349214289,-0.4593677920257196,0.8863055750280631,0.5714482466002164,-0.6142187568515377,-0.2730284121959196,Sleep stage W
-0.6492560088463708,-0.6420160409565572,-0.6409954294189324,-0.6407665234417305,-0.640676821649796,-0.7170840581084491,-0.060369615167655245,-0.6531593924270552,-0.8466169384644944,1.5475572311892172,1.8870334686393817,-0.40540875861963405,0.8361056248437485,Sleep stage W
-0.6491717901187745,-0.6419622351636464,-0.6409397689593452,-0.6407104436989755,-0.6406192322470595,-0.7139756202205743,1.1258863167952842,-0.6530757616946633,0.020211585885957114,0.6706375624616667,1.579420312744648,-0.3585470474084689,-1.3821624492355877,Sleep stage W
-0.6495588011845013,-0.6419432990849557,-0.6409177573277031,-0.6406877743420264,-0.6405975717654739,-0.7069581625635244,-0.659777818614651,-0.6528569145279707,-0.41625420661002716,0.9055585952817519,-0.3553936919885889,-0.8401434158241974,-0.2730284121959196,Sleep stage W
-0.6496232417263852,-0.6419776388889968,-0.6409552937341801,-0.6407260243399975,-0.6406365884088866,-0.7187892058213523,-1.8617851986787888,-0.6532019090712384,-0.7444148972724749,0.8577883432910497,-0.46904920730050786,-0.8369705422231393,0.8361056248437485,Sleep stage W
-0.6496078577047957,-0.6420700353913459,-0.6410474292312209,-0.6408181059575078,-0.6407286524992577,-0.724066325192085,0.18502558054163498,-0.6533179005057522,-0.28781017078881577,-0.18988235283630464,0.32041142057624944,-0.7688871826285925,-0.2730284121959196,Sleep stage W
-0.649593602583675,-0.6419391122642994,-0.6409135907777511,-0.6406836057072096,-0.6405924397471915,-0.7153415574414222,-1.4758192547553612,-0.6531134124195557,-0.004909679650612865,0.4880784303400453,-0.5250420238767469,-0.3206550059027997,0.8361056248437485,Sleep stage W
-0.6495766738022641,-0.64200090503888,-0.6409777126461604,-0.6407482497425803,-0.6406577052268665,-0.7216505051627043,-0.1363743235504643,-0.6532678615986866,-0.35752479829093803,0.17456135839358636,-0.0986315344061192,-0.5831414713568667,0.8361056248437485,Sleep stage W
-0.6497181370107246,-0.6420049588063937,-0.6409799956779987,-0.6407501642603078,-0.6406610661659957,-0.7241040521304002,0.7491714137992392,-0.6533185770595304,-0.20965113230271865,-0.43607727600311547,-0.8514699027301368,-0.7503038398690803,0.8361056248437485,Sleep stage W
-0.6496759792590239,-0.6419553653754377,-0.6409297567845225,-0.6406997809857222,-0.640610930631443,-0.7203405618785256,-0.05426572022917604,-0.653238346280544,-0.18454824562029912,-0.4416299775629675,-0.8281894285267428,-0.8734681546389728,0.8361056248437485,Sleep stage W
-0.649464587872124,-0.641874812201515,-0.6408465652126054,-0.640616009352004,-0.6405268118318707,-0.7137638308762393,0.8699992664225912,-0.6530697942046859,-0.699420238224416,0.5086765096839736,-0.29700506270274546,-0.7969441963809659,0.8361056248437485,Sleep stage W
-0.6494159242553971,-0.6420206362887403,-0.6409978350365371,-0.6407684689681686,-0.6406798126854177,-0.7153801072622523,2.1979224645843356,-0.6531145219374985,-0.48496531804108,1.2359900014272902,0.9861231373022519,-0.8073591390841488,-0.2730284121959196,Sleep stage W
-0.6495964491955065,-0.642055186670669,-0.6410329635751464,-0.6408037237623992,-0.6407151435448211,-0.7220616128910339,1.4953548917220016,-0.6532764978584049,-0.7638540822606621,0.7357785981331258,0.24502428663512804,-0.7476460842180382,0.8361056248437485,Sleep stage W
-0.6495832661056429,-0.6419148320465029,-0.6408899141199333,-0.6406600809888264,-0.6405712314494868,-0.7121284102837141,0.21436622197618024,-0.653022136899993,-0.10557749216867315,-0.6369336644359487,-0.5749663472183343,-0.8255952928555358,-3.600430523314924,Sleep stage W
-0.6497441407309972,-0.642089430087481,-0.6410674893786316,-0.6408383193277871,-0.640749754280991,-0.7273131484921684,0.7468119319708538,-0.6533776372617853,0.016365863467696026,-0.6720567870632199,-0.5347652509373645,-0.8708822347786244,-0.2730284121959196,Sleep stage W
-0.6497193899647937,-0.6420400089393796,-0.6410163931745779,-0.6407868559706142,-0.6406980549418585,-0.7230606122247331,-0.5122691844428867,-0.6532975435057775,-0.05567416339744718,-0.24621794196344177,-0.6895738866778939,-0.90393451806874,0.8361056248437485,Sleep stage W
-0.6497193364059062,-0.6420015309223073,-0.6409768463593315,-0.6407470720853407,-0.640658289741812,-0.7223281365987839,0.8423507510783386,-0.653282247021319,-0.3100391302188027,-0.34760152316323584,-0.8700560797503769,-0.8222248762106001,-2.4912964862752704,Sleep stage W
-0.6496286590754857,-0.6420127007580803,-0.6409896428194749,-0.6407602261266968,-0.6406714858152197,-0.7211246044160166,0.15730059157414963,-0.6532560569249952,-0.16858982973070727,-0.628432522150073,-0.30604279968700615,-0.8455675389538342,-0.2730284121959196,Sleep stage W
-0.6496232389711205,-0.6419823441690007,-0.640957652184858,-0.6407278813734596,-0.6406390269586187,-0.716991564874913,-0.4976253340967642,-0.6531569389698264,-0.1820999925417026,-0.3433272130334441,-0.4597535434910588,-0.8765912138307741,-0.2730284121959196,Sleep stage W
-0.6495970768044744,-0.64199513185395,-0.6409714618261689,-0.6407419033242023,-0.6406531722392965,-0.7075675401326421,-0.18946589029143956,-0.6528772825908042,-0.0038110151336824935,-0.4176360929531795,-0.2480174916993869,-0.8678556223982117,-1.3821624492356026,Sleep stage W
-0.6497543209410908,-0.6420713742283858,-0.6410479654993794,-0.64081846956637,-0.6407294426566659,-0.7242447596078795,-0.5681192535421211,-0.6533213887185962,0.07749452341425755,-0.7121393373528284,-0.7487746752687736,-0.788114388345002,0.8361056248437485,Sleep stage W
-0.6496478938684866,-0.6420275783481003,-0.6410050917103136,-0.6407758022965286,-0.6406873004580238,-0.7239417758496427,1.4011003965140851,-0.6533154118860311,-0.468928575082554,-0.20403188108678458,-0.31679420847289064,-0.9768568053359322,-0.2730284121959196,Sleep stage W
-0.6495333417393329,-0.6420230911295749,-0.6410007271698994,-0.6407714579178369,-0.6406828373655641,-0.7194643564123868,-0.40675503535190854,-0.6532179289620041,-0.5177574273663118,-0.516818235075706,0.32989583700611025,-0.795739616323304,-0.2730284121959196,Sleep stage W
-0.6495141088144033,-0.6419987541610594,-0.6409731113783078,-0.6407431282413197,-0.6406542848976609,-0.7175828028047682,-0.8949352473648139,-0.6531720691955423,-0.5487422740533624,-0.29443879125848615,0.19688575947804202,-0.8323382337032028,-1.3821624492355877,Sleep stage W
-0.6497073118218847,-0.6420729840344503,-0.6410503472698161,-0.6408210182136994,-0.6407321309696931,-0.7266926425842644,-0.00041544698753546565,-0.653366821177016,-0.36242099907985936,0.40988647078754303,-0.38439443890409597,-0.7746300688270557,-1.3821624492356026,Sleep stage W
-0.649616143803716,-0.6419963671934468,-0.6409741419056031,-0.6407449018335556,-0.6406562591087032,-0.7230451322212257,0.25303321046031535,-0.6532971989757658,-0.5473773349994072,-0.24663064718549027,-0.33071638287307864,-0.7823334630604603,-0.2730284121959196,Sleep stage W
-0.6494949156921143,-0.6420299371807492,-0.6410083243882436,-0.640779219459391,-0.6406907717300843,-0.7210212673531052,1.0624365444455552,-0.6532537312023319,-0.5410085686959724,-0.34686508084811407,0.6380963119498969,-0.9138487370529935,0.8361056248437485,Sleep stage W
-0.6493492478690995,-0.6419627300936881,-0.6409376864401181,-0.6407078291736111,-0.640619062177857,-0.7108623247429527,0.35960445036354366,-0.6529836329770227,-0.7388277787036052,-0.06741024966625646,0.7223561096332504,-0.8810724586109753,0.8361056248437485,Sleep stage W
-0.6496082786577949,-0.642017879056336,-0.6409952829942547,-0.6407659600106796,-0.6406772723556219,-0.7173025326243999,2.204643261057027,-0.6531649431789677,-0.8823067662652821,0.4584254074540865,-0.15159281685283157,-0.7395722876535238,-0.2730284121959196,Sleep stage W
-0.6493963636281606,-0.6419162843901268,-0.6408970441644749,-0.6406684434360255,-0.6405801195871949,-0.7160705385681115,0.015974455514856562,-0.6531330651502474,-0.7833017206715029,-0.20605774496227217,0.22806405362307305,-0.7351259324559292,-0.2730284121959196,Sleep stage W
-0.6495544970463738,-0.642008240835802,-0.6409836926646176,-0.6407539485172111,-0.6406651872367666,-0.712564103355161,-0.6384602969453795,-0.6530349034136664,-0.5119956303471266,-0.45598394811757753,0.06271043901767052,-0.8870981270665002,0.8361056248437485,Sleep stage W
-0.6495957208709237,-0.6419844924247837,-0.6409622472214987,-0.6407329927505514,-0.6406442825930473,-0.7183804656008649,0.159367843762174,-0.6531918159317829,-0.693422186079202,-0.23761564497866397,-0.29367429136322953,-0.7716600182909472,-0.2730284121959196,Sleep stage W
-0.649598372322545,-0.6420283678894898,-0.6410084917951141,-0.6407797558536251,-0.640691093940237,-0.7205290532674907,-1.1545160641500767,-0.6532426375390528,-0.29187415865389227,-0.39364041193497423,0.012453542348644197,-0.6581154260536414,-0.2730284121959196,Sleep stage W
-0.6494566163988319,-0.6419830691930358,-0.6409608734388373,-0.6407316364754849,-0.6406428245772607,-0.7119526826040413,1.815230717124019,-0.6530169023218814,-0.21774084260374565,-0.647818533041678,0.4018680313766163,-0.7913290036296393,-1.3821624492356026,Sleep stage W
-0.6491940818391132,-0.6418097338987118,-0.6407813988394998,-0.6405508206419919,-0.6404613778555504,-0.706502014385529,-0.2835067994277535,-0.6528411455041605,-0.11134307162070402,-0.4948612721767969,0.30839571732675,-0.7180627002920165,-0.2730284121959196,Sleep stage W
-0.64955565046965,-0.6419961833280665,-0.64097316739685,-0.6407437478280026,-0.6406536204794198,-0.7188803893345238,2.0199257122637584,-0.6532040930635978,-0.4201364088271974,0.5213374847723657,-0.017714551680624798,-0.8332102976319525,0.8361056248437485,Sleep stage W
-0.6493086566649714,-0.6418962914475518,-0.6408719285042669,-0.640642181676757,-0.6405495370176937,-0.7103336613851863,-0.9660127246225383,-0.6529672196972952,0.23997133372281998,-0.4657026057628971,0.413603849144964,-0.5756129871343137,0.8361056248437485,Sleep stage W
-0.6495477149886056,-0.6420243677795853,-0.6410018412946676,-0.640772521646261,-0.640681751799952,-0.7202202795679598,0.05634907122735142,-0.6532356465418652,-0.4634802925350974,0.17857861390934332,0.25484458981668445,-0.685061201037923,-0.2730284121959196,Sleep stage W
-0.6496449932566736,-0.6418762906164844,-0.6408491695177004,-0.6406188275837769,-0.6405249734896457,-0.7166428277857101,2.004817170992518,-0.6531482211422892,-0.3233038011669297,0.17283858267794266,-0.935606974267283,-0.6207014772059473,-1.3821624492355877,Sleep stage W
-0.6495570210549422,-0.6420171268458561,-0.640994668966572,-0.6407653275108616,-0.640668668649802,-0.7218155729795643,1.327237590457186,-0.6532712456656066,0.26494445484494106,-0.25436094491861605,0.13895322736094837,-0.5999690918476429,-0.2730284121959196,Sleep stage W
-0.6495102020908332,-0.6419779607363589,-0.6409552685162776,-0.6407259036654044,-0.6406333390700648,-0.7193357158960456,0.657860634395952,-0.6532148609085195,0.1449039093760503,0.2540700518023844,0.09053613904814807,-0.663760197086328,0.8361056248437485,Sleep stage W
-0.6494068972976874,-0.6419515202843145,-0.64092679978226,-0.6406969950233035,-0.6406057937760987,-0.7162343071004424,0.37579583035514963,-0.6531374462938194,0.21155705919105072,-0.6613477727116558,0.373118723091042,-0.8049906408948336,-0.2730284121959196,Sleep stage W
-0.649459208645331,-0.6419163684132685,-0.6408907715397008,-0.6406608017431298,-0.6405719429925799,-0.7127137730660988,-0.7697423119522155,-0.6530393806378894,-0.8741335679618883,-0.043965719514325874,-0.07170866700297479,-0.8655899779858413,-1.3821624492355877,Sleep stage W
-0.6496566066158448,-0.6420130173313913,-0.6409898945699217,-0.640760456415169,-0.640671847218948,-0.7223432076011164,0.4554844770958282,-0.6532825771591357,-0.8195147075833784,-0.3155990594761354,-0.4620782835298497,-0.7523911679727526,0.8361056248437485,Sleep stage W
-0.6496516719177491,-0.6419275232805507,-0.6409006213750988,-0.6406703568905174,-0.6405813893084277,-0.7158866978695021,-0.9435217388888452,-0.6531281558052898,-0.7161826044022505,-0.17067432638311453,-0.8190452551482745,-0.6809877291770661,0.8361056248437485,Sleep stage W
-0.6493618193506087,-0.6419185173636119,-0.6408944743278524,-0.6406648340215026,-0.640576136388691,-0.7126184690909831,1.0225085690155216,-0.6530364790170675,-0.7617723542384052,-0.10694264264647316,0.3470011465404101,-0.7257126098749926,0.8361056248437485,Sleep stage W
-0.6494057858549384,-0.6419188696948905,-0.6408957823659902,-0.6406663555531538,-0.6405776803197375,-0.7151169827874452,1.3062654003144154,-0.6531073792772574,-0.791943649857101,-0.20802500715983407,0.1766053385053976,-0.7302961576915952,-0.2730284121959196,Sleep stage W
-0.6496557267304057,-0.642018137279975,-0.6409944763919438,-0.6407649221990599,-0.6406758965121837,-0.7219461404157708,1.4094020381512864,-0.6532740495373592,-1.0006622794628377,0.47213687394694337,-0.4311227125407162,-0.4330307728963565,-0.2730284121959196,Sleep stage W
-0.6495028554938101,-0.6419517634229396,-0.6409294344153595,-0.6407001726310857,-0.6406116859944919,-0.7184608110284746,1.5089322504566904,-0.6531938732223782,-1.2256970083450485,1.1817040945669752,-0.04001336726609446,-0.6581525860030729,0.8361056248437485,Sleep stage W
-0.6495207192028486,-0.6420276132944314,-0.6410055170526338,-0.6407763115719057,-0.6406878227614858,-0.7228144290093218,0.48974404045221015,-0.6532925171379504,-0.6916707842566353,-0.297031419128221,0.4516230119139221,-0.9055038639136301,0.8361056248437485,Sleep stage W
-0.6495694341484449,-0.6420172821516952,-0.6409930872967854,-0.6407634181911166,-0.6406746777784939,-0.7190121920570446,0.6354071322689964,-0.653207243232964,-0.7358522244451692,-0.14074228217403406,0.05209618254977645,-0.8587041795183075,-0.2730284121959196,Sleep stage W
-0.6495495730396111,-0.6419039143349592,-0.6408763243996207,-0.6406459123833389,-0.6405568367218953,-0.713737533210995,-0.06894097620706281,-0.6530689426086075,-0.6322753086835955,-0.01967348807118244,-0.4955673595200811,-0.789552318604941,-1.3821624492355877,Sleep stage W
-0.6496172426955561,-0.6420137593252654,-0.6409911496813414,-0.6407618285549544,-0.6406730677201452,-0.7172640979026204,-0.4088881436615236,-0.6531640850349097,-1.1097695239567495,1.1387117196556888,-0.23115251923559965,-0.7247742601829051,-0.2730284121959196,Sleep stage W
-0.6496741120743175,-0.6419741729585211,-0.6409499209653459,-0.6407202180112641,-0.6406291166051805,-0.7164016039452475,-0.7554977948485356,-0.6531416670360026,-0.6210547801243559,0.9528066021105287,-0.7444374805061047,-0.3158584980560563,-0.2730284121959196,Sleep stage W
-0.6494311124067114,-0.6419590076387955,-0.6409362253998454,-0.6407068346025158,-0.6406160217699074,-0.7092551259214025,0.7868744017750743,-0.6529332434683398,-0.8669886478086524,1.2694968780263216,0.3338599713171074,-0.03485481983707505,0.8361056248437485,Sleep stage W
-0.649500645592715,-0.6419867380301844,-0.6409622077719351,-0.6407324535291197,-0.6406435251967084,-0.7159863025857165,-1.0403290301324222,-0.6531309338485434,-0.7251296326966822,0.3472622293508169,0.18534205919867586,-0.6332895542265448,-1.3821624492355877,Sleep stage W
-0.6495473991822022,-0.6420124305120164,-0.6409912662698619,-0.6407622569269398,-0.6406737523377355,-0.7220830221443062,-1.0124417417657834,-0.6532769909687365,-0.3890297649883067,-0.47520114047165024,0.16813144603402863,-0.8258145044819327,-1.3821624492355877,Sleep stage W
-0.649507353855219,-0.6419200027669743,-0.640893631846467,-0.6406634687139355,-0.6405744516460129,-0.7076763274877297,0.35172339442405953,-0.6528811807958788,-0.4312686317627431,-0.13951693556130593,-0.2534869019788723,-0.6606052531349761,-0.2730284121959196,Sleep stage W
-0.6496613925178564,-0.6420541454590918,-0.6410311205456425,-0.6408017068428415,-0.6407130328374422,-0.7229445602724599,-0.12868227799017262,-0.6532951173642949,-0.28005395780511805,-0.37949808362083887,-0.21345391848954018,-0.886704101973118,-0.2730284121959196,Sleep stage W
-0.6495864371726406,-0.6420246671085459,-0.6410027518948143,-0.6407735819342985,-0.6406850072970028,-0.721699428482197,0.314376455569598,-0.6532686345188573,-0.4193627651358884,-0.2169207596375162,0.03400194826833951,-0.7501470320621484,-0.2730284121959196,Sleep stage W
-0.6495183859478922,-0.6419859196590643,-0.6409618790135895,-0.6407322365145467,-0.6406434598931684,-0.7166915146226276,0.23092263882863634,-0.6531494277071948,-0.34453402619262924,-0.12786904276736305,0.0938116860297574,-0.8023744858419167,-0.2730284121959196,Sleep stage W
-0.6495842692956926,-0.6419681044688298,-0.6409448157940184,-0.6407153392958281,-0.6406256827802521,-0.7178026308108436,-2.2557412528645733,-0.6531776692908134,0.2749623855374136,0.29417801004212973,-0.3341293809540685,-0.5970243196287346,-2.9099321976679415,Sleep stage W
-0.6495561177614855,-0.6420298308867057,-0.6410058083894241,-0.6407761719244247,-0.6406874385001784,-0.7159127666311101,1.186080393493967,-0.653128887697742,-0.6189489001198747,-0.21297143797799548,0.23747290870404061,-0.6783171050651989,-0.2730284121959196,Sleep stage W
-0.6495595142746591,-0.642020402595013,-0.6409969357150065,-0.6407674319461281,-0.6406788544356562,-0.7197194795138038,-0.8610348944193333,-0.6532239250536729,-0.5851405390776157,-0.24293527443268645,0.1415258984258513,-0.9648607903916642,0.8361056248437485,Sleep stage W
-0.6496927943626323,-0.6420159908504108,-0.64099092186156,-0.640761067301947,-0.640672296612742,-0.7212474884748005,1.08482520455443,-0.6532587475386636,-0.418964987300828,-0.4194932033342121,-0.6630736768097748,-1.0021678280391848,-0.2730284121959196,Sleep stage W
-0.649716365164843,-0.642059136836649,-0.6410359100766737,-0.6408064554485917,-0.64071775596413,-0.7229947041604963,-0.12087589222403743,-0.653296269760538,-0.5507336819123949,-0.18409211621586716,-0.553866321532844,-0.8376796303221359,0.8361056248437485,Sleep stage W
-0.6496474475624301,-0.642000077035491,-0.6409777289272764,-0.6407484608710281,-0.6406598450175869,-0.7213259997712412,-0.15006097558758857,-0.6532605724689096,-0.6511913989228627,-0.06710171017332124,-0.4779744184655037,-0.7677020944400827,0.8361056248437485,Sleep stage W
-0.6495000477915113,-0.6418734576831446,-0.6408457346527853,-0.640615298778528,-0.6405262648276036,-0.7148437988110352,0.6648567620900268,-0.6530997502637701,-0.5494025499440567,-0.011199361389329077,-0.426520184205889,-0.7792115907557491,0.8361056248437485,Sleep stage W
-0.6497214685696817,-0.6420788695013973,-0.641056218954817,-0.6408268914488834,-0.6407383415975273,-0.7224918282846312,-0.6560958364165344,-0.653285527491435,-0.6291028121922262,0.33803578517008676,-0.44497981662610425,-0.8765997199607872,0.8361056248437485,Sleep stage W
-0.6495905193687157,-0.6419902430525917,-0.6409676406752604,-0.6407382995657603,-0.640647835129824,-0.7214621269019466,0.6033761467652821,-0.6532634822236052,0.36835350735556327,-0.4889948447892462,-0.2355965055388688,-0.597769136133483,-1.3821624492355877,Sleep stage W
-0.6496764177502309,-0.6420763915819032,-0.6410542598406719,-0.6408250486727379,-0.6407366336278029,-0.7246584766037634,-0.7908077088047211,-0.653329432155861,-1.0635000698812573,0.7001755236800523,-0.1175293983172075,-0.9472747551378773,0.8361056248437485,Sleep stage W
-0.6492700360080903,-0.6420073700780898,-0.6409862812975898,-0.6407572877583952,-0.6406689238811819,-0.7166721480438434,-0.7550910782695672,-0.6531487775912898,-1.1482949074648916,0.8805836805939209,1.6714869340988192,-0.8998371698179489,-1.3821624492355877,Sleep stage W
-0.6497013533912606,-0.6419336767906993,-0.6409078224385826,-0.6406777955322965,-0.6405888699822199,-0.7209038494142779,2.8426626487866553,-0.6532510948203375,-0.9923440433491402,0.521306393464912,-1.0058203620278319,-0.7734261147510312,0.8361056248437485,Sleep stage W
-0.6496214191774601,-0.642064066403999,-0.6410414631579374,-0.6408121436910688,-0.6407235352487992,-0.7224484831295175,1.2048299488777305,-0.6532847449704545,-0.973983750732838,0.7857008741710084,0.15800991805648257,-0.7277603956571116,0.8361056248437485,Sleep stage W
-0.6495447019108298,-0.6419595624843392,-0.6409348946962742,-0.640705125442588,-0.6406163233086466,-0.7177327781242894,0.2991500282862135,-0.6531758958060707,-0.8840313698586156,0.2278024916669633,-0.2033425054767391,-0.7816361927528345,0.8361056248437485,Sleep stage W
-0.6496144857328088,-0.6419432832409672,-0.640919007011904,-0.6406893169395005,-0.640600543490422,-0.7132937221962858,-0.27276512779832157,-0.6530563426449191,-0.8836044982951392,0.44260622540560945,-0.5926312264870695,-0.7468653389552896,-1.3821624492355877,Sleep stage W
-0.6495154836368139,-0.6419278285388911,-0.6409013479842235,-0.6406711718067369,-0.6405820919866342,-0.7148074488775441,-0.3995491002808212,-0.6530990187313805,-0.628184182895307,-0.1423642986046291,-0.25023642817795294,-0.8392080953704381,0.8361056248437485,Sleep stage W
-0.6496941903181775,-0.6420245430559931,-0.64100119685056,-0.6407717163859648,-0.6406830023536588,-0.7224192353743928,0.14561224507589157,-0.6532841092319682,-0.6728767590510129,-0.13043071167480802,-0.616735435242375,-0.8082876574579031,-0.2730284121959196,Sleep stage W
-0.6496479817378077,-0.6420102125016242,-0.6409862215919298,-0.6407565972298697,-0.6406678100890116,-0.7194054358426756,0.862520143950842,-0.6532164904042735,-0.7568464798283616,0.13934250256025657,-0.43584205286085953,-0.7944734363228567,-1.8007981606282735,Sleep stage W
-0.6491553924656384,-0.6419544961664388,-0.6409337110241013,-0.6407047728169979,-0.6406162549369426,-0.7112365568079194,0.21047371291640815,-0.6529952778429373,-0.7358921549422035,0.1293095793429315,1.5906279550420737,-0.8637270713937173,0.8361056248437485,Sleep stage W
-0.6497121508993756,-0.6419855761493112,-0.6409591713840357,-0.6407290239258582,-0.6406400279516192,-0.7187274349384286,-1.2078005093707656,-0.6532004593525755,-0.8775589890308976,0.9772772184964724,-0.8993214904083031,-0.9664366510321128,-1.3821624492355877,Sleep stage W
-0.6494736227207697,-0.6419908441220457,-0.6409672865187607,-0.6407377594952929,-0.6406490251784904,-0.7192347409541295,0.4220173910958906,-0.6532125540111338,-0.558266852335945,-0.07181472965202895,0.36519933725541315,-0.9158842692677391,0.8361056248437485,Sleep stage W
-0.6495712947047997,-0.6419346504932875,-0.6409112134882408,-0.6406816990204579,-0.6405924283519232,-0.718170937844423,-3.482805414056233,-0.6531868397473651,-1.6460273534014036,2.6378606603383994,-0.4372949795619005,-0.643966295860465,-1.3821624492355877,Sleep stage W
-0.6495583799420135,-0.6419486068548993,-0.6409257812362165,-0.6406964046685911,-0.6406067671329148,-0.7173601379400317,0.8699826875955566,-0.6531665218862248,-0.7768882629256079,0.1988325484756879,-0.31145958610484903,-0.7760629800264084,0.8361056248437485,Sleep stage W
-0.6497554773548575,-0.6420327133711257,-0.6410081037095986,-0.6407783520197194,-0.6406896876358597,-0.7218551823131435,0.10052781240773637,-0.6532720399767892,-0.6378487075288143,-0.30539384976249306,-0.9523882272972477,-0.9877520894761204,0.8361056248437485,Sleep stage W
-0.6495836496897927,-0.6420359095779579,-0.6410142220469108,-0.6407850990419299,-0.6406966798300475,-0.7199166387009662,-0.762513663684571,-0.6532286876305256,-1.1836683222369748,0.08715366071278753,0.14928648276734835,-0.8319074891133592,-0.2730284121959196,Sleep stage W
-0.6496784442609461,-0.642000964924103,-0.6409764079444028,-0.6407466575002626,-0.640657907667288,-0.7205928741124021,0.0971583006766261,-0.6532441983990085,-1.1321657933077347,0.025223123204649155,-0.6531973920905713,-0.6955375370957032,-1.8007981606282735,Sleep stage W
-0.649694874793983,-0.6420141707819963,-0.6409907392276808,-0.6407612388143177,-0.6406725332875223,-0.7234435045003207,-0.1542726646636647,-0.6533052998528311,-0.5704216019126948,-0.20400444316182365,-0.6739733239459554,-0.8617996545829463,-2.491296486275256,Sleep stage W
-0.6496072142884451,-0.6420866225236638,-0.6410641800385747,-0.6408348978356279,-0.6407462887096452,-0.7191265443522982,1.4444783803696597,-0.6532100268530225,-0.7875193245251662,-0.20506301901291216,0.5356411936595734,-0.8565556116550413,0.8361056248437485,Sleep stage W
-0.6490873909282157,-0.6419549496502228,-0.6409359553721806,-0.6407074136186437,-0.6406190903370134,-0.7139469986647814,1.0240797289748091,-0.6530749313481675,-0.8343670691291118,-0.2326078220357897,1.9372405152872958,-0.8925308374725873,0.8361056248437485,Sleep stage W
-0.6494418975354931,-0.641922065697107,-0.6408953392892153,-0.6406651029345428,-0.6405760534609619,-0.7105426541752586,0.579150884246356,-0.6529738023151658,-0.7529003454021254,-0.3631344160665651,0.02160000547452727,-0.8357622791542625,-0.2730284121959196,Sleep stage W
-0.6494457372150144,-0.6420223532406607,-0.641002709009275,-0.6407740256193599,-0.6406855911207229,-0.7178299026071309,1.2729897408686335,-0.653178210641661,-0.9272901380835765,-0.04214556182358168,0.875819221765408,-0.8145348714504813,-0.2730284121959196,Sleep stage W
-0.6495862550293406,-0.6419952732794357,-0.6409723702083346,-0.6407429833784627,-0.6406543339954298,-0.7132230338867784,-0.17405290363787415,-0.6530542430930238,-1.0306700711393728,-0.05555427054057198,-0.18437589856628048,-0.7889602064074737,0.8361056248437485,Sleep stage W
-0.6496636284660244,-0.6419852245881403,-0.6409603381165677,-0.6407305160004437,-0.6406416299938362,-0.718046133726043,0.7006746010958937,-0.6531835765272752,-0.7800633929556399,-0.1680778301805737,-0.6497122836560313,-0.7929403634626311,0.8361056248437485,Sleep stage W
-0.6496337157393756,-0.6420750944155929,-0.6410530027060742,-0.6408237964630519,-0.6407350432701024,-0.7185721390932651,-0.5723525620198312,-0.6531965975016482,-0.7072688118867853,-0.14016079905415676,0.19248900311496037,-0.8780139131077292,0.8361056248437485,Sleep stage W
-0.6495030990229768,-0.6419690173869497,-0.6409450670331484,-0.6407154563980999,-0.6406267018216856,-0.7166672593010928,0.4357135586431165,-0.653148613539567,-0.5278851860543426,-0.32364079951127683,0.054363536076319226,-0.9456867054821431,-0.2730284121959196,Sleep stage W
-0.6492870290106604,-0.6418795215361938,-0.6408550792364138,-0.6406253522043875,-0.6405366172739845,-0.7079118362893806,0.2700074929193446,-0.6528890558165972,-0.6271898888501779,-0.2255822011225087,0.39224276505313466,-0.8514726958302461,0.8361056248437485,Sleep stage W
-0.6491743205370651,-0.641922967690523,-0.6409012743148791,-0.6406721013620786,-0.6405808867992295,-0.7057429927242779,-0.8748986168421186,-0.6528148608030586,-0.158368705010718,0.9977065286171791,1.1769858432768106,0.0788011869299729,-0.2730284121959196,Sleep stage W
-0.6495161113270607,-0.6418465797942806,-0.6408186475154184,-0.640588083982451,-0.6404931706773032,-0.7072838473381576,-0.4345649823510816,-0.6528686316140353,0.6439127607717714,0.6012294579888562,-0.5741169464270189,1.2003297211236792,0.8361056248437485,Sleep stage W
-0.6496048177245828,-0.641943291512903,-0.6409206592582068,-0.6406912597775132,-0.6405961101489752,-0.7191012310627068,-2.9294867134989313,-0.6532094720073136,0.7124259581800519,0.3366599054185826,-0.5417179985499242,0.6333760004871696,-0.2730284121959196,Sleep stage W
-0.648976280490409,-0.6418346604202538,-0.6408126960757371,-0.6405834272687249,-0.640487905570188,-0.7084697783354624,-1.1447870187594926,-0.6529077355522194,0.5180647021956066,0.6099679073736036,1.1965012851760977,0.9911926477728809,-1.3821624492355877,Sleep stage W
-0.6493609632604955,-0.641918613754375,-0.6408931782674072,-0.6406632122746112,-0.6405726957787163,-0.70953269702349,-0.33975718724587467,-0.6529423166380681,0.043368985739362424,1.3011264298791108,0.3401837576225002,-0.004168658615906477,0.8361056248437485,Sleep stage W
-0.6494557926749421,-0.6420010664221419,-0.6409801359805853,-0.6407511626784554,-0.640661699652993,-0.7150277420592759,-0.6418746188218805,-0.653104809461146,0.21225632103063907,0.6690790248764128,0.5783574273165429,-0.4799484714430291,-1.3821624492355877,Sleep stage W
-0.649399184534751,-0.6419046445670507,-0.6408830018281806,-0.6406538340001948,-0.6405610681348046,-0.7139995882173032,-1.2347217784972049,-0.6530763375258212,0.322972581534295,0.35181658137392746,0.13062511231275667,0.6431243036202838,-0.2730284121959196,Sleep stage W
-0.6491772169590634,-0.641946708537933,-0.6409262626294652,-0.640697344025119,-0.6406029193068524,-0.7133480552519789,-0.22244484874903908,-0.6530578649730825,1.0090481464433252,0.1869617223416362,1.4106318440151238,0.7794568279708386,0.8361056248437485,Sleep stage W
-0.6492462435683476,-0.6418247274336571,-0.6408007271522607,-0.6405709870122048,-0.6404719735344836,-0.7083638478493355,0.07956057018975841,-0.652904285291624,0.780611292383675,0.18695292364192043,0.2420318580729283,0.5710730835088275,0.8361056248437485,Sleep stage W
-0.6495404316702627,-0.6419413798700628,-0.6409163384280685,-0.6406864352326721,-0.6405937673462699,-0.709128197550272,-1.3056670171807954,-0.6529291990001372,1.043412004388215,-0.009796631043704958,-0.2815856606160382,0.3354107513221916,0.8361056248437485,Sleep stage W
-0.649375290246398,-0.6418665278962767,-0.6408435552597734,-0.640614088928286,-0.6405210185647385,-0.7092582149624761,-3.2980400259019507,-0.6529335355973117,0.6742377078586983,0.2682713325795837,0.013571489332006045,0.9636216183701629,-2.491296486275256,Sleep stage W
-0.6491097233321159,-0.641915661355491,-0.6408943206175578,-0.64066521776179,-0.6405709046055786,-0.7129689426633136,-2.104024281387848,-0.6530468659240798,0.9397258139108052,0.5386390927935121,1.3802055132419804,0.770234525306667,-1.3821624492355877,Sleep stage W
-0.6492660133417467,-0.6419952970320777,-0.640974441619047,-0.640745433455674,-0.640651579757247,-0.7136452481312299,-2.24620920411267,-0.653066539431344,0.6839864019385681,0.48532352168343657,1.5351166031560193,0.711832887231579,-1.3821624492355877,Sleep stage W
-0.6490410022039209,-0.6418440948771191,-0.6408171823015595,-0.6405868752467041,-0.6404936938728475,-0.7099714615279842,-1.5261697712355924,-0.65295654069619,0.6861243756931028,0.761522146636767,1.0056095598918866,0.3027068246338149,0.8361056248437485,Sleep stage W
-0.6495350379872007,-0.6419323894447111,-0.640908069863059,-0.6406783416172301,-0.6405851696145993,-0.7137155645367937,1.171822127871086,-0.6530686295944784,1.4198288970372257,0.7056734208871983,-0.29784824646122987,-0.723674457588106,0.8361056248437485,Sleep stage W
-0.6496042383578624,-0.6420010519284856,-0.640977406388567,-0.6407478253260412,-0.6406559005946223,-0.7194204438864351,-0.266654909940716,-0.6532171584824636,0.6153039798921582,0.31192380071699066,-0.24930230734240078,0.20316224980992842,-0.2730284121959196,Sleep stage W
-0.6493269493868499,-0.6418346732064641,-0.6408090340416204,-0.6405789418906267,-0.640476563137863,-0.7116047393968048,-0.43635357919819884,-0.6530069278666105,1.3339945188679272,0.5947624798117686,0.017157099036399535,0.5725556117687841,0.8361056248437485,Sleep stage W
-0.6492753324927274,-0.6418982908884548,-0.6408754312359312,-0.6406459015874695,-0.6405418973139544,-0.7094554938026062,-0.08784512591776455,-0.652939427200625,1.3427334086623437,0.6029248023079813,0.5668407904719243,1.2702948675703072,-0.2730284121959196,Sleep stage W
-0.6489667523947679,-0.6418792334712261,-0.6408605171528209,-0.6406318772784169,-0.6405254069598085,-0.7086811558979703,0.5522384054078439,-0.6529147398055063,1.229300637065934,0.37237243100645356,1.6268090694411488,0.8221403286981972,0.8361056248437485,Sleep stage W
-0.6495341396510432,-0.6418854254897921,-0.6408581224131463,-0.6406277301634496,-0.6405340707595201,-0.7113895153873788,0.8744530874453061,-0.6529998147550622,0.881762769213285,0.5403215276351924,-0.50463193494212,0.14611586725111203,-0.2730284121959196,Sleep stage W
-0.6494637461454349,-0.6419901847394182,-0.6409683188104381,-0.6407390795647395,-0.6406425841089773,-0.7178801490658526,0.6538529910918031,-0.6531795446184318,0.9734339805843699,0.8509327097779287,0.428181366889372,0.44516615642655866,0.8361056248437485,Sleep stage W
-0.6494469269042339,-0.6419671964202893,-0.6409442345559605,-0.6407147731503366,-0.6406205144219271,-0.7085314812271064,-0.9484244849439009,-0.6529096270304525,0.6886555547869126,0.8040848302147814,0.3182156272930117,0.3703571476589123,0.8361056248437485,Sleep stage W
-0.6492666349185626,-0.6420126169302665,-0.6409909101492659,-0.640761721269467,-0.6406669607916761,-0.7163392496606262,0.01497378797071831,-0.6531398749539554,1.06383862044018,0.3943935393361441,1.7549491574624767,0.058161766572535634,-0.2730284121959196,Sleep stage W
-0.6491698226086767,-0.6418896956190275,-0.6408676191458181,-0.6406383631078522,-0.6405467235875522,-0.7076083023963433,-0.4521895757990024,-0.6528789115736063,0.38330825872189467,0.441433343282453,0.9166413523645339,0.08644100022918791,-0.2730284121959196,Sleep stage W
-0.6493868819083156,-0.6419374360669489,-0.6409157312948691,-0.6406865290047926,-0.6405922901275977,-0.7108640940075693,-1.354830627682113,-0.652983927666313,1.0221246534874766,0.7002268540996164,0.3876747753673723,0.04011810461657796,0.8361056248437485,Sleep stage W
-0.6493006218609761,-0.6418705285587986,-0.6408486406696946,-0.640619408231468,-0.6405253765830198,-0.7145996549117916,-1.0039875906311624,-0.6530931857536414,0.8535317083125867,0.06933246906968327,0.30898257291908027,0.4256051798479132,0.8361056248437485,Sleep stage W
-0.6496380467882015,-0.6418982864773427,-0.6408702800907864,-0.6406396903387016,-0.6405419032894957,-0.7167217677252691,-1.293913895681106,-0.6531500364866597,1.02244843530122,0.3823526214476551,-0.8554012390541677,0.41716926604122945,-0.2730284121959196,Sleep stage W
-0.6496506198349207,-0.6419636906016194,-0.6409381303966626,-0.6407081101531211,-0.6406153193479744,-0.7163981041768872,0.42737704200012,-0.6531415657535838,0.7535804111862147,0.5173195991300523,-0.6805014275253038,0.23869517577677388,0.8361056248437485,Sleep stage W
-0.6496249158493063,-0.6420404041165989,-0.6410165345752167,-0.6407868891360475,-0.6406933901646289,-0.7214844271996018,0.026274356357769188,-0.6532640013908181,0.9376805372828315,0.5246564255359366,-0.0938891031544969,0.4772003610123032,-0.2730284121959196,Sleep stage W
-0.6490879497794533,-0.6419121539742771,-0.6408901925086602,-0.6406608920878806,-0.6405625542393723,-0.7095685467447088,0.03094017953516447,-0.6529432187847157,0.8732402012400045,0.7040100044524109,1.4282905576290985,0.5241276238094206,-0.2730284121959196,Sleep stage W
-0.6496364683418828,-0.6419729209947492,-0.6409477467220156,-0.640717820677165,-0.6406236598768611,-0.7158814953268682,0.5990183990690666,-0.6531280078442514,0.9359335703525703,1.2332783605272024,-0.5722980627278144,-0.021624687434819247,0.8361056248437485,Sleep stage W
-0.6496069330701014,-0.6419472403941244,-0.640924571833302,-0.6406952053562447,-0.6406034499600858,-0.7206756462920597,-0.2164180291519244,-0.6532460029188952,-0.21497949777609535,0.7817239016093253,-0.5345146756113391,0.013276989421836643,-0.2730284121959196,Sleep stage W
-0.6495003631908668,-0.6418623180611115,-0.6408378222141242,-0.6406080561313421,-0.6405163952893895,-0.713911433044968,0.28123503996529003,-0.6530740204869193,0.9660943205498314,0.8240106959633678,-0.45380238057292926,-0.10396449834203761,-1.3821624492355877,Sleep stage W
-0.6492931520203454,-0.6419294605245188,-0.6409081967529544,-0.6406791100740808,-0.6405849724667599,-0.7138205319740282,-0.7092999138109869,-0.6530714985705798,0.9196530776116019,0.7923646149808538,0.735896762472306,0.49029521095935963,0.8361056248437485,Sleep stage W
-0.6495877414182404,-0.6419882631311598,-0.6409631178544041,-0.6407331944838164,-0.6406399809169214,-0.7184180126919751,-0.5082923378486175,-0.6531927677844409,0.8259423415050602,0.5303612970647468,-0.2516401288853979,0.28132588281408505,0.8361056248437485,Sleep stage W
-0.6493072213895473,-0.6419456595752407,-0.6409251437718364,-0.640696192996369,-0.64059912171874,-0.7130891434306842,-0.08757411483312524,-0.6530503278577834,1.2544652046735711,0.4529006542031699,0.8152124547385323,0.6080957900572925,0.8361056248437485,Sleep stage W
-0.6493966136133688,-0.6418156125288721,-0.640792187113348,-0.640562625274482,-0.6404693941718028,-0.7073848804910079,-0.08256083105702802,-0.6528719230380032,0.9977753796866418,1.076658825226091,-0.27212148834269295,0.3568257719041547,-0.2730284121959196,Sleep stage W
-0.6494381501800998,-0.6419839807415088,-0.6409623562527293,-0.6407331896727179,-0.6406363953604665,-0.7183714302888354,-0.3811845369847529,-0.6531915729560713,1.052813426746554,0.35021279681891254,0.5090453047061535,0.4424267268873626,-0.2730284121959196,Sleep stage W
-0.6495857729616208,-0.6418346403790163,-0.6408081750973913,-0.6405779670542259,-0.6404846409031143,-0.7138934964243842,0.67228651512787,-0.6530735933596289,0.6552453106421049,1.0709965321428343,-0.8323717319324815,0.16040681622632005,0.8361056248437485,Sleep stage W
-0.6496678988533424,-0.6419755326161456,-0.6409510239355685,-0.6407212296511806,-0.6406267195544905,-0.7120865987395527,-0.13410351302201282,-0.6530208193689441,1.21078938833669,0.42736541996274297,-0.7099879892679565,0.1850794608588092,0.8361056248437485,Sleep stage W
-0.6494765656706661,-0.6419959506903117,-0.6409715222811269,-0.6407417721049056,-0.6406491423046972,-0.717593480643456,-0.5909551061693012,-0.653173746254283,1.0665210578754414,1.2671726773181593,0.3836572966577006,0.09829586582021614,0.8361056248437485,Sleep stage W
-0.6495169676964361,-0.6420162120695301,-0.6409927108254707,-0.6407631641282158,-0.6406709563389632,-0.7192530612913185,-2.1931487248315134,-0.6532134362985627,0.5575841142331581,1.4222667362745032,0.34937997712570074,-0.08941974453624922,-1.3821624492355877,Sleep stage W
-0.6496813929037999,-0.6420233084352179,-0.6409997197897666,-0.6407701632041064,-0.6406793086912249,-0.7177022111195762,0.289208721229096,-0.6531750543873772,0.576981465457526,0.8529464547990689,-0.5497854969185154,-0.29380277073757993,-0.2730284121959196,Sleep stage W
-0.6495236729203192,-0.6420084994923093,-0.6409851971403454,-0.6407556969660076,-0.6406638609197839,-0.7185100083659662,-0.8909164982642368,-0.6531951637255379,0.9753511163823263,-0.418541838907279,0.24684877026718194,0.03750362672992592,-0.2730284121959196,Sleep stage W
-0.6497068772120204,-0.6420631909676463,-0.641039254815658,-0.640809607259773,-0.6407168964172543,-0.7255071096071031,-2.8609597493101973,-0.6533455545150333,1.103440899195687,0.11873177412919919,-0.4662268635660625,-0.6177521545445509,-1.3821624492355877,Sleep stage W
-0.6492571848930643,-0.6420203398131585,-0.6409968586705936,-0.6407673142556308,-0.64067461259269,-0.7145241318496894,0.5867290043292831,-0.6530910068443937,1.763578995795234,-1.2414047795209604,1.8927800243924155,-0.6729871162170912,-0.2730284121959196,Sleep stage W
-0.6442064477777468,-0.6420207697120941,-0.6410154913059855,-0.6407898092652463,-0.6407007944185861,-0.6718872133577156,-1.1440142853820585,-0.6511448629285985,0.22543087782089916,1.6278447517817602,34.50937976493522,-0.5960645057301973,-0.2730284121959196,Sleep stage W
-0.5776582805224945,-0.5418021105959083,-0.537363083117071,-0.5363783970910238,-0.5359723502459532,0.32020008879963696,1.1031197937097128,-0.17551446615857255,0.07117906036016801,1.1519923627296031,-0.9142650087878372,0.2478845710569512,-0.2730284121959196,Sleep stage W
-0.6479043141074929,-0.6391841106933454,-0.6380313313691999,-0.6377731987139585,-0.63766732668895,-0.5004845340494075,0.5302638051511042,-0.6279406792853289,0.5645553030723195,2.983734251799475,-1.014904484112751,0.01973320525884969,0.8361056248437485,Sleep stage W
-0.6446401015216379,-0.6320435408463402,-0.6306766895997905,-0.6303715779646919,-0.6302434820397042,-0.4927074259098835,0.8816737690615405,-0.6263045091239055,0.7011923036568276,1.96558269167925,-1.190607409484421,0.142578555066044,-0.2730284121959196,Sleep stage W
-0.6274984356228938,-0.618669695377784,-0.6171366597176272,-0.6167940607767847,-0.616651780508976,-0.3485161860539876,-2.24570394495863,-0.5867706007136507,1.0120924534953564,1.2656784895367772,-0.5817105016903261,0.0385882615364043,-1.3821624492355877,Sleep stage W
-0.28936571563617236,-0.34357704258541866,-0.3435594899997752,-0.3435342982235374,-0.34352285360188217,0.35699057881679225,-0.18885865589999384,-0.14200549042449015,0.7663011750273955,0.8459418461193525,-0.17603842098926295,-0.34090336345972755,-2.491296486275256,Sleep stage W
-0.05920736504723313,-0.2011046899813393,-0.2043579613258119,-0.20504915156062042,-0.20533660028230444,0.522295584791014,1.1797102807746185,0.02255479814467639,0.8488122493029174,1.1004881565515308,0.026305312389193734,-0.39243588067517704,-1.3821624492356026,Sleep stage W
-0.15189502213715425,-0.2578780834921366,-0.2585796878242718,-0.25871476566216745,-0.2587676951182519,0.396270592254333,0.3463277857091115,-0.10497694623262226,0.8312418749848803,1.3587106083651321,-0.04766111209078805,-0.16846918101399194,-0.2730284121959196,Sleep stage W
-0.13304582379844432,-0.2885938430465242,-0.2932622795253792,-0.29426413595781564,-0.29467966836948517,0.2589229062684253,-0.21082209011178407,-0.22879888018375824,0.9917312717824918,1.7168862905633655,0.21836041003736756,-0.4597938609630884,-0.2730284121959196,Sleep stage W
-0.05079853609212027,-0.3718209808116981,-0.3773696486230165,-0.3785441418450257,-0.3790299489245204,0.22594819746684222,0.13175755327331742,-0.25618161235050224,0.3954326890558829,1.3315873190176069,1.3395606375310063,0.3353159272917343,-1.3821624492355877,Sleep stage W
0.6998669205314689,0.08117040304157648,0.07062295956680294,0.06838418067243184,0.06745433455935419,1.0155182642979368,0.3978470001592965,0.6497013881132754,0.9172542731814572,0.9321567947749685,0.8017599039728506,-0.39986432046405773,0.8361056248437485,Sleep stage W
2.0682104703716946,0.906274821417977,0.8766332139320504,0.8702676817181693,0.8676307938802355,1.4266753719350669,0.17635650336019856,1.3283809373924695,0.23491527440553567,1.345200347142867,0.6543165654643469,0.011291471522080663,0.8361056248437485,Sleep stage W
2.2380931288721846,1.2891907153172038,1.2593070478869919,1.252871005315647,1.2502016368722517,1.652664915938748,-0.28438895582466767,1.7617600262030217,0.5687492284442172,0.3811628467802144,0.2669384535227898,0.418702919326453,-0.2730284121959196,Sleep stage W
2.752459096522882,0.6584844419663456,0.6324302746248504,0.6269217238559335,0.624634939164753,1.6307077601302016,-0.2676208364154175,1.7177847100463752,0.3973761594474877,0.6677716265444942,1.9069387932294077,0.44223296042897936,0.8361056248437485,Sleep stage W
1.5229519118775041,0.720430244603323,0.7138815554241866,0.7125470011704387,0.7119966717974662,1.3685874385064751,-0.46299334076723186,1.2239050446552449,1.0378885264401452,0.11601200283893098,0.38072730330742105,1.2672500884407816,0.8361056248437485,Sleep stage W
2.4969217133337596,1.382215346682664,1.3634592797769938,1.3594364657502371,1.357755530438171,1.652218305122296,1.4173838932321072,1.7608827370733982,1.1393249140455342,-0.033094496492598595,0.3350973762776921,0.17467575749116743,-0.2730284121959196,Sleep stage W
1.39986828844129,0.9603402076639456,0.9498143747318941,0.9475706563425945,0.9466200385642023,1.3775701124372095,-0.20891126349101982,1.2398708760990071,0.6666978852394542,0.2277143151993185,-0.06516903304384923,0.6795502084427728,-1.8007981606282735,Sleep stage W
1.2448809436277617,-0.04986165988919282,-0.060152848327791095,-0.062305588178949864,-0.06320260612042372,1.0208114830535546,-0.25350875718737537,0.6575295433720791,0.5560132720770568,-0.17546288219588957,2.743281306506605,0.22607320458854097,0.8361056248437485,Sleep stage W
1.7540198234231676,0.227076249533315,0.20571970731932196,0.2011890074754505,0.19931198652768742,1.1711587598234086,-2.0605049089473115,0.8899383617256136,0.22288834485806192,-0.15240496139869905,2.1489313461100035,0.5990182303714507,-2.9099321976679415,Sleep stage W
1.8653842185145402,0.6366981939142541,0.628072339937188,0.6262348288729228,0.6254652731112798,1.3504843459301488,-2.4737392269837377,1.1919216858411266,0.8515162882700898,0.44967950249313754,0.9180389331722457,0.17217060093007255,-2.491296486275256,Sleep stage W
1.7072594043030165,1.3252406630288713,1.3086744377767439,1.3050853139542076,1.3035864711319942,1.4479399931837462,-0.7323973009252739,1.367322040658751,0.904625407603115,0.386589574184365,-0.1771197926645978,0.13604596199342361,-1.3821624492356026,Sleep stage W
1.9592331872112414,1.3422086206552055,1.3331840411802889,1.3312640029137095,1.330467370329774,1.5777001436518305,-0.12035829744492729,1.6132630367346021,0.9060172818475226,-0.16596771335828336,-0.019028736287583163,0.2835500983465593,-1.3821624492355877,Sleep stage W
1.8055131622258778,-0.18052509278652187,-0.1869114591430705,-0.18822212881983724,-0.1887627324079718,1.1217714012292728,0.43666524259543976,0.8115022119958839,0.4048088506333618,0.37666454465179033,5.785052682648734,0.24844411336401764,0.8361056248437485,Sleep stage W
2.12970985211977,-0.019307448416464916,-0.03856799993575191,-0.04261658368796806,-0.04429694798195873,1.11609816422025,-1.72698728551451,0.8026270999130116,-0.8516199032969985,0.5896725557410427,4.6840351322426885,0.24746222671756524,0.8361056248437485,Sleep stage W
2.0736810592663595,0.21572845374685648,0.18663782626918315,0.180457330120612,0.17789861197439746,1.174014227528282,-2.6202758585075276,0.8945175481848483,-1.7448696793055336,2.244538084508108,2.8017945629922183,-0.2862043613933406,0.8361056248437485,Sleep stage W
2.507414320644732,1.3741191071656567,1.3593670424559214,1.356241160395731,1.3549724713933453,1.734716388507383,-0.19609376663743242,1.929730149252729,-0.3951268345003136,0.20092628308508095,0.3460981931377375,0.35832254823858,-0.2730284121959196,Sleep stage W
2.766654086842733,0.2241171353988132,0.18222484467260375,0.17330004361702905,0.16962347980900627,1.3198998491975744,-0.5077422270342488,1.1385092054773434,0.6681396988053688,-0.16818423720925468,4.047739405594986,0.5284105589511613,-0.2730284121959196,Sleep stage W
2.353405075185394,0.5123881677525203,0.4858230422224791,0.4801929793945172,0.47786975413956423,1.3990447805437947,-0.34632865001380464,1.2783397264181386,1.002940796285833,-0.19355974867696726,1.9002091959266143,0.35335502812391584,-0.2730284121959196,Sleep stage W
1.7931521879689751,0.08588125882144752,0.07647982467045612,0.07455074886023917,0.0737600081422291,1.2785463418783296,0.64581325798015,1.067538011688265,-0.5703854305780728,1.042496893312553,2.941463076736077,0.07047457829983403,-0.2730284121959196,Sleep stage W
3.2069467160022676,0.5053107229413379,0.46324150998533564,0.45427326149087094,0.450554775720593,1.5321636882580896,-0.3311398284991839,1.5253594047424435,-1.856327515797829,1.175419310938885,3.093146034208391,-0.028090031892002074,-1.3821624492355877,Sleep stage W
0.729177694053031,-0.46888741221376107,-0.4721429615224112,-0.4728017231393376,-0.47308954572198825,0.475255196539825,1.0004336824777142,-0.026618759900101006,-1.301673106337879,0.8924132061127271,9.71450471702553,-0.785855351378841,0.8361056248437485,Sleep stage W
2.253602448006818,-0.159849541282204,-0.1720976918458727,-0.17466876303769593,-0.17571555191675095,1.1480613985370105,-0.1416415862542319,0.8529765033718056,-1.5222212303048426,1.3995700022695712,6.922204106774901,-0.22801347462491858,-0.2730284121959196,Sleep stage W
0.7633733794987106,-0.21732200294776746,-0.21603105831875982,-0.21567412238139366,-0.21548897525668723,1.2526411405127444,0.8558213642888101,1.0237674478617051,-1.073219027491903,0.8312199905969856,2.812054058025561,0.9253197223992574,-0.2730284121959196,Sleep stage W
1.1778367162314862,-0.18895219713669428,-0.19408434505339786,-0.19512134604249554,-0.19554759456299128,1.0499324207041767,-0.29040238490862347,0.6976436200243862,-1.249007320903949,2.500066402134515,3.919335835078415,-0.3097485217044577,0.8361056248437485,Sleep stage W
1.6710638182274031,0.6964160350260178,0.676352516358247,0.672060601309368,0.6702802614079673,1.3666995719730421,0.6286759193740281,1.2205076058312971,0.18285662859739787,0.886083530973424,0.6105302259254866,0.22817296714492094,-0.2730284121959196,Sleep stage W
2.4825021194841552,1.3854166967969685,1.3639629361601182,1.359364908239804,1.3574463332381947,1.6581969406964958,-0.11142936856333864,1.7729117971218007,0.23860273354130138,0.9797497609364678,0.32497576453758603,-0.04762761940009535,-0.2730284121959196,Sleep stage W
1.8036015187887116,1.6470025380174254,1.6384067625608092,1.6365158279963172,1.6357069167951601,1.6113435123329145,-0.2025277515916207,1.6793234132164407,0.08908681576226551,0.2757894521359055,-0.3667582183166829,-0.2935579276755056,0.8361056248437485,Sleep stage W
1.9426434148222131,1.6972102186297469,1.6789836391018234,1.6750028535933525,1.673326090147816,1.5807594215433367,0.10494610627342969,1.6192096726627372,0.1321181880319991,-1.1313839199569347,-0.30710659473327917,-0.5592409305845855,0.8361056248437485,Sleep stage W
1.7381755669727532,1.9495569893060434,1.9485800915632925,1.9483158329523533,1.9481916878778518,1.6535051882973557,-0.3549755413940456,1.7634589563726173,0.07117885652570029,-0.6307807939809384,-0.5861745993709427,-0.7665463297832432,-0.2730284121959196,Sleep stage W
1.4197049181870154,1.902901122587836,1.9131087432146958,1.9152597517157883,1.9161569138110566,1.6364661765751494,0.0421898106062371,1.7292788294467571,-0.12715208843834078,-0.4685748449017707,-0.7456594114239485,-0.7996874320096894,0.8361056248437485,Sleep stage W
1.3914114156711996,1.7791801271026195,1.784187054803745,1.7852047599015017,1.785642920473472,1.6029488691427618,-0.057128931962609895,1.6627577177389534,0.16255300340678683,-0.8410564371047135,-0.7007333788062851,-0.8582789351290662,-2.491296486275256,Sleep stage W
1.7825829339625907,2.1412380017175887,2.145075989779528,2.1458490229925102,2.146163666963943,1.767361273779411,-0.4695560950861892,1.998108952988798,-0.1610036402867069,-0.5426419094409903,-0.656158026196843,-0.9058699637651413,0.8361056248437485,Sleep stage W
1.8607579711321733,1.8079234020233674,1.7955099727022472,1.792769711034502,1.7916242313732798,1.6233145182446964,-0.37849551987496216,1.7030571845047977,-0.2988225849074279,0.7777929812089671,-0.43142130253331956,-0.9676355667233031,0.8361056248437485,Sleep stage 1
1.9276717059873993,1.5092263750298622,1.4821655063446009,1.4762599077365908,1.4738243441968493,1.555668165953173,-0.35171397562422524,1.5705109664682513,-0.2465024995514016,1.0964101242666868,-0.1683817651359041,-1.035122037827686,0.8361056248437485,Sleep stage 1
1.7680037213524513,1.55975848226172,1.5437792624186097,1.5402801852092947,1.5388365029784121,1.5725938732964657,0.6939168467551807,1.6033151314441048,-0.46130706438041796,2.7515641406715403,-0.3225855713387015,-1.0817408777572832,0.8361056248437485,Sleep stage 1
1.8579080737591183,1.241081563574381,1.2155027247609798,1.2099567252916783,1.2076574867629775,1.4822111850975388,0.08376231015131558,1.4309021939790663,-0.4551850915578279,1.4415517589713025,0.02622128712844859,-1.0733975022095028,-0.2730284121959196,Sleep stage 1
1.61911898007693,1.2560095117451227,1.234394153733089,1.229682918208787,1.2277362003797225,1.4086798875223634,-0.907432368802254,1.2956982901189866,-0.6726637969071362,2.940568386723188,-0.17470992414041517,-1.0492121614371732,-2.491296486275256,Sleep stage 1
1.4922340086275299,0.9273977157084348,0.9056817539186355,0.9009820771386133,0.8990266998783731,1.2840035303340607,-0.09210248432111938,1.07682545857096,-0.563388202813081,1.1147126124602338,0.07481801720335113,-1.0494545629140526,-1.3821624492355877,Sleep stage 1
1.5119097389803966,1.120469151716157,1.1015934031033632,1.0974897783639324,1.0957833389803917,1.3330876265469362,-0.9882217638268397,1.1614387669920492,-0.7719968494339858,1.1807601612011718,-0.13145129106355355,-1.053820504819387,-1.3821624492355877,Sleep stage 1
1.483782774935033,0.750297118934913,0.7255357633118114,0.7201925867080508,0.7179620347838683,1.2231849036406044,0.3891499816862325,0.9747709780791747,-0.9282334565411846,3.6388811122849973,0.32723015226593694,-1.048828427167818,0.8361056248437485,Sleep stage 1
1.5207878806506945,0.7484166353696586,0.7242038966837515,0.7189888664234567,0.7168159542185658,1.1908824247092131,0.4161382428125832,0.9218334704239182,-1.4619924410423017,4.228051226934464,0.3677117378914764,-1.0423561220956172,-1.3821624492355877,Sleep stage 1
1.4741838246696912,0.894815612810607,0.8733343124410833,0.8686919273666145,0.8667471694687827,1.2657118184928133,-0.21184395884017815,1.045796580926931,-0.8962724684746759,2.5797878908148353,0.09995916833161088,-1.0732925865665368,-0.2730284121959196,Sleep stage 1
1.446342227524552,1.0866962996019942,1.0719589016324123,1.0687627831625757,1.0674235582508702,1.327088161174316,-0.26276590753613377,1.1509761922292603,-1.0338161989296486,2.3241853554745484,-0.15616119013403096,-1.05098454671088,0.8361056248437485,Sleep stage 1
1.3697480027416453,0.8189167950522588,0.795017755504173,0.7898374038776513,0.7876859773978255,1.2233546292706738,-0.7731374841090238,0.9750525656462025,-0.9985366207543209,0.9276312653132668,0.10639796996529086,-0.9146203044092562,-2.491296486275256,Sleep stage 1
1.0552162727809178,0.7016843422884899,0.6836672239235629,0.6797523982004774,0.678125777040842,1.0920706360566375,0.09724646584467089,0.7653109497814831,-1.3039003782084855,3.304615803541134,-0.06417927357774687,-0.9467975701905974,-1.3821624492355877,Sleep stage 2
1.0700962896763084,0.6763453117338605,0.6610329378477726,0.6577191637800415,0.6563296637023337,1.0904877750279909,-0.4736332758582435,0.762878401128114,-1.173390302969979,1.5653842060418346,-0.016958400302511306,-0.9945359539553513,0.8361056248437485,Sleep stage 2
1.0144504282228761,0.7069375346370126,0.6907446740949045,0.6872210405722162,0.685761239268425,1.0740126851287084,-1.6297947514357494,0.7375956003799994,-1.5166583498892063,1.878199412600488,-0.1179027488085653,-0.8960593180426895,-0.2730284121959196,Sleep stage 1
1.0336687069169246,0.6571331956549945,0.6413742377059409,0.6379612511679104,0.6365313811371731,1.0946016014695512,-0.6891092196860116,0.769239043710925,-1.1781265744012448,1.6186086474527428,-0.028319093055765323,-0.9789537640465878,-0.2730284121959196,Sleep stage 1
1.2029957245480312,0.9746624668962058,0.9601704677424646,0.9570089895249884,0.9556846570090924,1.2300732070246727,1.5335096950875833,0.9861746275192125,-1.1133946626233522,0.24659549463066832,-0.25036277056508877,-0.8607717171509586,-0.2730284121959196,Sleep stage 2
1.0986045381444312,1.033223830260487,1.0248099263375605,1.0229571454318904,1.0221889282586327,1.2527156772083876,-0.05566872530137508,1.023935109987928,-1.168904601259241,1.3592486569579278,-0.4042312068873165,-0.7258793523651109,-1.8007981606282735,Sleep stage 2
1.050910980007224,0.9285879103546729,0.9168332651641127,0.9142569008895555,0.9131810430414244,1.1943442538807476,0.13054522386259435,0.9274545656114112,-1.1350522020733753,0.10674510333801862,-0.3436690946300307,-0.8936014273286836,0.8361056248437485,Sleep stage 2
1.0852677874213235,1.053763096996903,1.0456540872851314,1.0438616210526976,1.043115646970673,1.2458357073729946,1.4051991780555704,1.0124149187056322,-0.6995985860772488,-1.6117339269909932,-0.4338918924413778,-0.5118999051148828,0.8361056248437485,Sleep stage 2
1.2087724219180622,1.1718047129480507,1.161845881439373,1.1596502147726246,1.158736225357825,1.3085398122423306,2.1308726054764584,1.11885533025718,-1.1422590520882052,-1.091005382034322,-0.4305373667143686,-0.6418751272495035,-1.3821624492355877,Sleep stage 2
1.0346537377828426,1.0243701507618383,1.0188261727089003,1.0176033473828456,1.0170747796051043,1.2422007814386211,-0.13360188354697244,1.00633750818262,-1.2751794069295326,1.2766625903982423,-0.45400599645786127,-0.8544097462340153,0.8361056248437485,Sleep stage 2
0.6451170250179213,1.163010030617183,1.1833716546615218,1.18778277489029,1.1896070847981042,1.2826727282295594,0.6969320308624609,1.0745471280359957,-0.5132227876014762,0.4932311527478481,-0.8893396644780842,-0.8444978974966536,-1.3821624492355877,Sleep stage 1
0.7970200319376259,1.1122753328650943,1.1248496191374242,1.1275802360448588,1.12870010931237,1.2571216077278187,0.1698733731118239,1.0313280291781808,-0.5158906131309537,0.7355214274164598,-0.7336266856631157,-0.8344039838430258,0.8361056248437485,Sleep stage 1
1.4978805543010716,1.4303353121377815,1.4336143597813507,1.4343294386649155,1.4346055987509918,1.5025065979787067,0.789654893717652,1.4690326115324552,0.16867813284721334,0.47236221573660114,-0.426732717624693,-0.4126926495131092,-1.3821624492355877,Sleep stage 1
1.0536205051977778,1.0826781217553152,1.0799460980052134,1.07933749281927,1.0790687474782892,1.2669160744727073,-0.7605003611364598,1.0478438409214406,-0.6050105435996479,1.7044143201976851,-0.48999802320748387,-1.063607619585766,-0.2730284121959196,Sleep stage 1
1.0783781610881795,1.2266750461251594,1.2265979382647105,1.2265472110147952,1.2265160489567093,1.2905077803068494,0.09033559259629491,1.087917226561109,-0.5669152633015642,1.4186957969751641,-0.5817258312835285,-0.8693616687790536,-1.3821624492355877,Sleep stage 1
1.221176477145238,1.270724389097111,1.2660711907508562,1.2650322065009987,1.2645765773209454,1.3339239646194085,-0.14122890180914527,1.1629022504889541,-0.3794868048081213,0.5260880039299863,-0.502119100468684,-0.9468378109615329,0.8361056248437485,Sleep stage 1
1.0955413855386,1.2272517660739377,1.2294725630418617,1.2299194898398598,1.230106315944568,1.3338159707367054,0.27693268996046944,1.1627042792215188,-0.7179381992847291,3.6513117318906603,-0.5710992256282659,-1.0316627528459223,-0.2730284121959196,Sleep stage 1
1.0620941154152734,1.2812769149769614,1.2836412037134184,1.2841179694939984,1.2843113044820929,1.3388062686787379,-0.09148978113176634,1.171443255102125,-0.7579038494370639,2.5941706352116007,-0.632883039712447,-1.0031204950439814,-1.3821624492355877,Sleep stage 1
1.0462625703236177,0.9914668550863418,0.9843806589632668,0.9828213031876328,0.9821628369883021,1.2053167503830793,0.3842546982694411,0.9453865328631766,-0.7655830979165814,4.245557682631917,-0.41309390001153845,-1.0240894073458968,-0.2730284121959196,Sleep stage 1
0.9416292164112339,0.8613225482185687,0.8603023709997212,0.8600678508112682,0.8599654963926207,1.1859085132528397,0.5532300231366676,0.9137607857991101,-0.5374409447706341,2.0259228353328584,-0.3908474841995949,-0.676629740618177,-0.2730284121959196,Sleep stage 1
0.6831400898307098,1.0600641470810135,1.0707961726311748,1.0730932346712323,1.0740442298216877,1.179076943340579,-0.2881975488168838,0.9027034162079611,-0.08655706436168262,-0.431326585648624,-0.7908649339791319,-0.9586732660941139,-1.3821624492355877,Sleep stage 1
0.6965901876711967,0.717682530605987,0.7135391766291275,0.7126148643539049,0.7122335283677271,1.0626925030917629,0.22930585212557927,0.7203758770800227,-0.637153309185255,1.8052021557156337,-0.4836132210488636,-1.0803200330885863,0.8361056248437485,Sleep stage 1
0.5302086146919167,0.5280433048563284,0.525651488139816,0.5251227671495067,0.5248885308173892,0.9050524816234068,0.8285711367339087,0.4915203311117717,-1.149616567393905,1.5517406760746684,-0.45918535536487837,-1.0233629323081992,-0.2730284121959196,Sleep stage 1
0.4900771203514017,0.4171051008096493,0.411029520068693,0.40969981094487273,0.409137568130454,0.8181027571016677,-0.024850498049437984,0.37419460627430823,-1.1357286916896534,2.38721419487034,-0.35587709883563495,-1.0159905871304176,0.8361056248437485,Sleep stage 1
0.3411178569638192,0.5077664047294947,0.5169950245414114,0.5189967743398507,0.5198259634587212,0.9595397807714411,0.4198697076979837,0.5682658057600817,-0.26255008427138565,0.08500797772416681,-0.6823829019318814,-0.5868344963060521,-0.2730284121959196,Sleep stage 1
0.43153393736036827,0.8822607003277896,0.9051415911064916,0.9101147230761854,0.9121905980407147,1.2168730351963941,-0.27351751251519224,0.9643592458695628,-0.004722714243057223,0.9689224528350112,-0.9048191085935043,-0.8314760711581456,-2.491296486275256,Sleep stage 1
0.42727802911208357,0.6084511703328587,0.617370610912346,0.6193026728245117,0.6201082150978258,1.0533756636803946,1.5104755784024944,0.7062691175632836,0.1873045065844164,0.4554853856618265,-0.6818567173310068,-0.8236034785097778,-0.2730284121959196,Sleep stage 1
1.6148877886876944,0.6712751446235148,0.6561146152228982,0.6529055691890915,0.6515674539522003,1.3396943750877752,-1.371548414557103,1.1729903234384036,-0.2377085941599247,1.950454165373085,0.5860558593029765,-0.5450486916039224,-0.2730284121959196,Sleep stage W
2.4395015790320804,2.676861634842857,2.6788472503741523,2.679222622532072,2.6793725572685414,2.0115246215375047,2.601253692563514,2.5379767020103206,0.08072126135767062,0.7519575581223936,-0.5745692759665746,-0.5647522324650562,-2.9099321976679415,Sleep stage 1
2.504570824132665,2.629010712607075,2.619231669274846,2.6170335752712774,2.616123801822425,2.0003658355224028,-0.2386054814624109,2.512205803133056,-0.6825614277795774,2.259331200796776,-0.5211501749373862,-0.9085836231074191,-1.3821624492355877,Sleep stage 1
2.4643655178764705,2.2240125145352176,2.203499382548883,2.1990006722947117,2.197127989308841,1.915262769116278,0.9887165527390439,2.319176831616033,-0.7428484141127332,2.8764559481203986,-0.3394427408737583,-1.010340019607894,0.8361056248437485,Sleep stage 1
2.189212040217595,2.3278940048731305,2.3220146606678647,2.320675354350353,2.320122267681157,1.8701867168361144,-0.2967216981575257,2.219368023043057,-0.5825578238165378,1.9569334875853834,-0.534732514968041,-1.0143951603821784,0.8361056248437485,Sleep stage 1
2.1039125153899394,1.5472441858864607,1.524243006052221,1.5192480082589204,1.5171750938611506,1.5916735916656837,0.30785542602814586,1.6405991709313459,-0.7221822077326154,1.839978862149989,-0.08718778501063208,-1.0605118728124037,0.8361056248437485,Sleep stage 1
2.1088149516431325,2.0052650942305323,1.9908038090651399,1.9876225890499026,1.9862881764295452,1.759121833407462,0.11856503410243102,1.9807808465784118,-1.3779409183616902,3.904832136246052,-0.4060953813337092,-1.0374730181929492,0.8361056248437485,Sleep stage 2
2.134120946556047,1.87713796509962,1.860007696918766,1.8562460854473697,1.8546863589049654,1.698259099564062,0.922672895643321,1.8544095403656795,-1.1033389845569357,2.8050978276917853,-0.31358951380800754,-1.0337630727794835,-0.2730284121959196,Sleep stage 2
1.9537183018696616,1.935844768103774,1.9252066129425813,1.9228528138365257,1.9218502127326569,1.6854333112252449,-0.40201469878031726,1.828168514371093,-0.8618975811075337,3.352004193704705,-0.45419719919047963,-1.0059114229496093,0.8361056248437485,Sleep stage 2
1.8929730800572857,1.4089472614201626,1.3838800625574126,1.378434022280245,1.3761676059472576,1.5189241136070089,-0.7495577546794648,1.500134953432233,-1.46445017620675,2.5989993268742118,-0.10922633570554711,-1.0157048486755014,0.8361056248437485,Sleep stage 2
1.9061902452195834,1.7195262412970342,1.7118515015987874,1.7101742966120133,1.7094751573210571,1.6459207489352936,0.3553691418023439,1.74822448249847,-0.5980718524628672,0.029615540400672574,-0.3527745097739053,-0.5595246117559356,0.8361056248437485,Sleep stage 2
1.8042706718045731,1.9932269388824762,1.9924255904484207,1.9922093477183973,1.9921106182542052,1.6940532453678476,-0.08185669642794914,1.8457976181016544,-0.2948231065647788,0.017306464241942328,-0.5724092352985483,-1.0579500713372592,0.8361056248437485,Sleep stage 2
1.8068252698428344,1.1867811768700216,1.1756579354085228,1.1732632480567604,1.1722773495507413,1.5014428090303868,-1.4293264361696345,1.4670216784524057,-0.7175644818314961,0.46736657639387436,0.025149925492244887,-0.5697043992212247,0.8361056248437485,Sleep stage 1
1.8573021993588297,2.2722346688350004,2.285715370675422,2.2885997849916397,2.2897968858760125,1.8448595129526166,3.049871749808506,2.164056487423059,-0.7180400954618174,0.10194578539584687,-0.6802652817384105,-0.9537826539404004,-0.2730284121959196,Sleep stage 1
1.696177859680755,2.217980338817139,2.2331081324987774,2.236345831569442,2.237693091617146,1.8086470494068596,-0.9866354854582874,2.0858906390904153,-0.4242123418549115,0.3588659717687989,-0.7375365169887694,-0.9064709967369967,0.8361056248437485,Sleep stage 1
1.6298713412644852,2.0683861317122116,2.0796226583309583,2.0820068448806386,2.0830079347705555,1.7639584749919084,0.29647851726845353,1.9909385274111544,-0.19325979258370854,-0.4690117941992075,-0.7065807775258323,-0.9903003397851013,-0.2730284121959196,Sleep stage 1
1.73433016519857,1.7286000505004673,1.722236385944156,1.7208057975991289,1.7202266064337628,1.6548425498459933,-0.508687885694734,1.7661643318694193,-0.22611393759398776,0.07626056842236267,-0.4627140125923522,-1.0531359093864672,-0.2730284121959196,Sleep stage 1
1.7407300919174409,1.664754150605028,1.6522906874455954,1.6495413831834238,1.6484058318081867,1.568938447422864,0.24603091435581304,1.5962251792257969,-0.9780941028029816,2.7259371273059747,-0.41429997367905314,-1.0622603063095173,-0.2730284121959196,Sleep stage 1
1.6044127093111862,2.3231272507447978,2.3632369028309053,2.3719648957465673,2.375607887408839,2.005768717854392,-0.2327737942622938,2.5246819519897112,-0.5962026322246675,0.5368985340920656,-0.8326089602886871,-0.7158939875929189,0.8361056248437485,Sleep stage 1
1.1929305184922685,2.005196658922952,2.053977713124324,2.0646121895821765,2.0690403522119802,1.864020063951087,-1.4268837196475268,2.2058632613350615,-1.1161549083431046,1.1739435597068344,-0.9275829429497677,-0.7943934562924716,0.8361056248437485,Sleep stage W
1.8077490052898313,2.902475142810181,2.9445862734690573,2.953699891727494,2.957483619342455,2.006372489643448,0.1610983672951788,2.5260600576589347,-0.49590812690934927,0.3702313379871818,-0.9239388366296802,-0.6452517683673278,0.8361056248437485,Sleep stage W
1.6763334357144262,2.6011032265492617,2.636014718540918,2.6435567435574296,2.646685700067115,1.922421874083857,-0.19606314202786693,2.335179756965478,-0.4929702780464059,0.9039695083082736,-0.8891924801768161,-0.99917529936131,0.8361056248437485,Sleep stage 1
2.143669823208814,1.8784983680683611,1.8622549700544349,1.8587012312193503,1.8572228340901236,1.7323608352851378,-0.7904968934297568,1.9248271309151816,-0.2479945144383996,-0.14618059123926055,-0.3097282779083004,-0.9901408985017115,0.8361056248437485,Sleep stage 1
1.6486841232702258,1.626016737392673,1.6204970134181274,1.619272300324282,1.6187659785642874,1.5751153247867498,-0.33170564815231035,1.608234226181439,-0.8906035849477603,2.5139546121689365,-0.45216123801247393,-1.041576741852285,0.8361056248437485,Sleep stage 1
1.9241626605150415,1.5673977687458855,1.550143165996746,1.5463863706099958,1.5448069490479455,1.5582897944214382,0.4104091915235764,1.5755889552969582,-1.1980134635556292,3.998183285928023,-0.22590935044597943,-1.0427212441498588,-0.2730284121959196,Sleep stage 1
2.1603292278510593,2.1352368084438056,2.1246097494983687,2.1222626211597286,2.1212646610894295,1.8010196601833273,0.10532809118809298,2.0695925238027377,-1.180386998927874,2.200782839578494,-0.45209926935947387,-1.0592512600414394,0.8361056248437485,Sleep stage 1
1.7540111221080534,1.272024554084515,1.2488159598981805,1.2437687990090518,1.241677989047602,1.4326406851739688,-0.03069435552954577,1.3392719914775832,-1.4826047038416215,3.396369567464518,-0.08623260711943695,-1.01982258926423,0.8361056248437485,Sleep stage 1
1.8001051327993733,1.5678949169784475,1.5495866253703183,1.5455761575790214,1.5439115035700155,1.5790644964106824,-0.5470354569676721,1.6159317155487365,-1.5246485512535664,1.1011559962959498,-0.30560795862030105,-0.9157522386543376,0.8361056248437485,Sleep stage 2
1.4218981125382497,1.324737773834038,1.3131527077936753,1.3106054893414771,1.309547601583332,1.3903288345199085,0.5989685515332351,1.2626847092033027,-1.2352570575261916,-0.8661575726825894,-0.3889768470445433,-0.7579421132889492,0.8361056248437485,Sleep stage 2
1.5433238498574136,1.586416360792436,1.580409508370191,1.5790720979475656,1.578492123276874,1.5017402741655426,-0.34298410525429945,1.4675906223655937,-1.2489336421374735,-0.3220832873492302,-0.4932771475688847,-0.8276152381623855,-1.3821624492355877,Sleep stage 2
1.5195992134762355,1.7459526182512015,1.7471175358777278,1.7473202081430057,1.74739880289136,1.5747278529513522,0.11468195125980667,1.6074772104136945,-0.8205728352159576,-1.4538302791507691,-0.6058588539566384,-0.592264950693984,0.8361056248437485,Sleep stage 2
1.54769346442987,1.472347637772634,1.461051194885531,1.458557537983767,1.4575179775507932,1.4774840464960672,-0.07445399664384535,1.4220987750993572,-0.9309408086277634,-1.7837072223632595,-0.41005851563264906,-0.5001324653704171,0.8361056248437485,Sleep stage 2
1.5756614648340472,1.609591723839957,1.6025552893990391,1.600995361693126,1.6003211076717545,1.5179552529583915,0.2113121041796999,1.4982892248757291,-0.606966236351381,-1.8705579751045587,-0.48653457292165486,-0.7581262480441071,0.8361056248437485,Sleep stage 2
1.5085345892735744,1.7139948213369225,1.7145770376718077,1.714661726464589,1.7146802902341454,1.5350372068647584,0.9556446627473579,1.530858724414069,-1.1319870470632707,-1.1793231083603621,-0.5946822976846327,-0.7108690070327196,0.8361056248437485,Sleep stage 2
1.343715581969664,1.322081491118568,1.3151541186923799,1.313622924787306,1.3129653559235672,1.3931154683316818,3.8168365177509673,1.2676890861688583,-0.6196673829789585,-2.2069184023668216,-0.4479231176658265,-0.5470224408297731,-1.8007981606282735,Sleep stage 2
1.4996870373799842,1.6521217821341254,1.6495562619284267,1.648956315860601,1.64869584391296,1.5279483856018128,3.373492547734677,1.5173112734913932,-0.8362309524756062,-1.8463148475713786,-0.562933529837369,-0.6610649052540899,-6.927832634433943,Sleep stage 2
1.6497362714469082,1.760884883287217,1.7570972488379435,1.756231764089083,1.755852336139979,1.5745543708977767,0.4637847364484744,1.607150879974596,-0.8455388749589795,-1.944594858855381,-0.5337924136100652,-0.5944100091438863,-1.3821624492355877,Sleep stage 2
1.582871993899893,1.6066248958325595,1.5983744116491634,1.5965419375741043,1.595768815417494,1.510758262687507,0.004397623875829111,1.4846429967576518,-1.018812390480558,-1.8326675562755554,-0.4791789015488148,-0.6626851578776769,0.8361056248437485,Sleep stage 2
1.5031109944729892,1.5449603568810737,1.5396205804048833,1.5384214967463534,1.5379320742493428,1.5001083551666392,-0.7047290848824714,1.464524069099744,-1.0623038376061456,-1.7122166176461258,-0.49331568495723155,-0.6712562419649428,0.8361056248437485,Sleep stage 2
1.4591218914293822,1.4866301138271378,1.4780333201218527,1.4761168364646646,1.47533732293901,1.4902568204078632,-0.20418902654420795,1.445988104347127,-1.1372442367437936,-1.7240223617326007,-0.48157027357061516,-0.6605799482672073,-1.3821624492355877,Sleep stage 3
1.716770619915997,1.6745554832904477,1.6637172889190304,1.6613087346969246,1.660323174604561,1.585464077849069,0.4479213499573137,1.628426654095019,-1.3122317238660757,-1.249618864778563,-0.4365783576053902,-0.7174802610947778,0.8361056248437485,Sleep stage 2
1.8335932768330214,1.684128853980415,1.6695892396264511,1.666394631569605,1.6650620826881102,1.607399749371122,-0.14419030768474034,1.6715453236964664,-1.010444831322433,-1.637950163086321,-0.3681160344751457,-0.8119695872498414,0.8361056248437485,Sleep stage 2
1.5147597051758426,1.7233071061428777,1.723337516926241,1.723299962886024,1.7232736697199431,1.5333320875550398,0.1101209803974088,1.527594695866686,-1.099623040704394,-1.7331537432200712,-0.5956951215929581,-0.7101277014955274,-0.2730284121959196,Sleep stage 2
1.7232308167386718,1.7340534971044173,1.7253301530613794,1.7233982627060362,1.7225702365115068,1.5778712520995264,0.2625172265957628,1.6136133442559903,-1.1017578695834451,-1.8341427864817037,-0.47093001822623326,-0.6531256904453857,0.8361056248437485,Sleep stage 2
1.474064522481267,1.755658845676293,1.7581386180541634,1.7586221712750145,1.7588207535553135,1.562542346785818,0.2066131706947686,1.5838180786688831,-1.3118863652101744,-1.5550201452195573,-0.6387812509098939,-0.7526143589047833,-0.2730284121959196,Sleep stage 3
1.6753112989513785,1.4792111370394416,1.4616582521857486,1.4578115392646778,1.4562128774890881,1.5197226205170369,-0.36233961858941366,1.5016527081208928,-1.2706022489527542,-1.5577465730480595,-0.3234542725188768,-0.7723857671330793,0.8361056248437485,Sleep stage 3
1.697988302799503,1.8997230982518678,1.9001952823965513,1.9002591940452915,1.9002739160013697,1.6465996857587977,-0.07810019610718433,1.7495926520625757,-1.406426374093621,-1.369602038163032,-0.5838784083143377,-0.8046867353694855,0.8361056248437485,Sleep stage 3
1.6659349567304595,1.4767467674186538,1.4604086632092577,1.4568275844351142,1.4553254245826255,1.4817503464218196,0.03186944360249667,1.4300651953427452,-1.4558469698718057,-1.3569346449309085,-0.329046299957202,-0.7932120509132754,0.8361056248437485,Sleep stage 3
1.4593305497574585,1.3888723458379657,1.377492977591037,1.374986375786063,1.3739356214799325,1.4297152476280348,0.0731198716495834,1.3339414820894464,-1.4540419516087075,-1.3459117572957426,-0.4106845863202772,-0.8085108488266848,0.8361056248437485,Sleep stage 3
1.727585049321718,1.5393163825639906,1.523573176606676,1.520131049611379,1.518677847997758,1.4899864643136171,-0.058500897411350526,1.4454886645992995,-1.508117061106615,-1.1996741568354417,-0.3344359653476968,-0.785369637584293,0.8361056248437485,Sleep stage 3
1.5543597166202447,1.5937412839814817,1.5878647984724292,1.5865561594867084,1.5859844407161743,1.513391805633485,0.4082187580503136,1.4896217881170382,-1.3556028811097436,-1.335958076888189,-0.4909614141786454,-0.8592592391754265,0.8361056248437485,Sleep stage 3
1.5113030578272102,1.4145328529089964,1.401160772809132,1.398219982494815,1.3969928755961303,1.4218630814001778,0.7428783760949584,1.3196236288004668,-1.4057044933828486,-1.348666918968656,-0.3914765587401728,-0.8223291976710191,0.8361056248437485,Sleep stage 3
1.6351274642843836,1.4988879001133313,1.4845208015051272,1.4813659002698611,1.4800489367790932,1.526190713985047,0.4944543060657713,1.5139641699862516,-1.5385568346852212,-1.1889937860830808,-0.367663597064799,-0.7986377774926267,0.8361056248437485,Sleep stage 3
1.7742981419317017,1.759511303097222,1.7497883245090708,1.7476333453511406,1.746739866629013,1.6041663480741286,0.12060122831287252,1.6651743667965442,-1.5553228252705484,-1.0780822594961545,-0.4550821566263529,-0.8146908481943352,0.8361056248437485,Sleep stage 3
1.5431019108612358,1.4294230210839656,1.4149831402036523,1.4118124366573184,1.410487943090621,1.4592504601951914,0.8071707482632361,1.3882090195833088,-1.6820880595330285,-0.8714508120370267,-0.37947983527527557,-0.8378807193625317,0.8361056248437485,Sleep stage 3
1.7088312779808974,1.5712939472882523,1.5569843764938325,1.55383969318918,1.5525279440278388,1.5164547288921129,0.47782819069098004,1.4954433572865082,-1.6332639984830801,-1.0007660153602826,-0.37045126566299713,-0.8002260176680436,0.8361056248437485,Sleep stage 3
1.5752892493128814,1.6884673664690573,1.6810967825310816,1.6794363113278605,1.6787587360521792,1.5848516833565705,1.008671533641918,1.6272325663157072,-1.611787880381073,-1.0212504271419809,-0.5342640678444711,-0.8516798829955624,-0.2730284121959196,Sleep stage 3
1.476638969621531,1.4271049103429059,1.416161683193832,1.4137483777079083,1.412738478252606,1.4434654529125326,-0.013884226819276948,1.359109469067311,-1.6252158719504464,-1.052129063575968,-0.4266960412997776,-0.8738720965166855,-0.2730284121959196,Sleep stage 3
1.6174946968927995,1.5299426541802796,1.518504416732822,1.5159879973476553,1.5149340347616924,1.5065967435231855,0.17455100551022484,1.4767606005207043,-1.7054759421569994,-0.7089435298399347,-0.40369600053145926,-0.9044030982362979,-0.2730284121959196,Sleep stage 3
1.5439351212222077,1.6547519622048297,1.6482472999668942,1.646778758544603,1.6461810250578457,1.56410635038289,0.25769566989831705,1.5868537421208966,-1.684801352045842,-0.8961654045410521,-0.5342904494683707,-0.854959709414744,-0.2730284121959196,Sleep stage 3
1.70774713275875,1.521879470813029,1.506051077483225,1.5025853148609782,1.5011321031038873,1.5048210406793914,-0.06418421223787017,1.4734071145636396,-1.6794031587874134,-0.9196838216644385,-0.33478935824491873,-0.8825540479170787,0.8361056248437485,Sleep stage 3
1.6547752550722408,1.5948732962163845,1.5816197860557375,1.5786978535040428,1.577476403738754,1.520525893217582,0.3816915342744053,1.503174604673279,-1.599410049930663,-1.0325786681468625,-0.4219632411949914,-0.835928153461691,0.8361056248437485,Sleep stage 3
1.469149216618541,1.422540716999651,1.4110980336438919,1.4085709401945141,1.407520935454978,1.4451337647776157,0.5694502161888516,1.3621645662250688,-1.6467089015227137,-0.9879578995436068,-0.4281635349885924,-0.9163503749710592,-0.2730284121959196,Sleep stage 3
1.5893444602789903,1.436900684720482,1.42241826835142,1.4192429494879335,1.4179170010178974,1.4655683743940142,-0.05921839052560359,1.3999309237655053,-1.6751492474182197,-0.9639879142840669,-0.35316364493159474,-0.8716245648877857,0.8361056248437485,Sleep stage 3
1.585669665612642,1.4327354312119005,1.416969104573767,1.4135104971850763,1.4120680392071374,1.4817311093056342,0.4512198797831064,1.430043253573639,-1.7172851517949717,-0.7478573205902569,-0.35140660456570916,-0.9182147261853726,-0.2730284121959196,Sleep stage 3
1.668377657991551,1.4587843259956959,1.443730965629117,1.440440291000441,1.439050839791437,1.4602633866523114,0.5929858352558134,1.390098943747214,-1.7137094294231674,-0.8922534593147008,-0.31508018890932754,-0.8612939180162063,-2.491296486275256,Sleep stage 3
1.5021820680655307,1.4722673888521893,1.4617957015940233,1.4594857466611435,1.4585121461897257,1.4641128831243921,0.002190136751232762,1.3972236956236666,-1.6999130645728917,-0.8959192936491898,-0.4413832766447695,-0.9390682262177025,-1.3821624492356026,Sleep stage 3
1.4269704227113864,1.3704812975829028,1.3581992438560975,1.355489999372778,1.354366394223817,1.4016635037627516,0.08774084486914925,1.283067480417586,-1.597953481374607,-0.9625523970581998,-0.41916788520336973,-0.8630094032023528,0.8361056248437485,Sleep stage 2
1.5082711898660521,1.5659356902956205,1.560796289262347,1.5596426558252292,1.5591456103715662,1.4952018970640983,-0.06141029365498806,1.4552799958538476,-1.7939053514361083,-0.6397115699600148,-0.5034775066284325,-0.8244453431721682,-0.2730284121959196,Sleep stage 3
1.546985323680655,1.4327980801410531,1.4197888668532452,1.4169339392411453,1.4157424703831827,1.4727917376581332,0.4650355935288952,1.4133486400382012,-1.6501263100116066,-0.9942688032820289,-0.3805717255012592,-0.8941797479112548,-1.3821624492355877,Sleep stage 3
1.411198533816858,1.3958404891017058,1.3904259570448676,1.3892312627346557,1.3887517033693606,1.4969826819387528,0.15011894615306914,1.4586455435114758,-1.7483612331787004,-0.7018511943339221,-0.45464020918464454,-0.9041119656798119,0.8361056248437485,Sleep stage 3
1.498817226781605,1.161027213758712,1.1390568613652767,1.1342582178340037,1.1322740964490456,1.3503044884510629,0.4752279972259455,1.1916105261408283,-1.8070841238154405,-0.5928709859322281,-0.17835557518733788,-0.8537982615706086,-0.2730284121959196,Sleep stage 3
1.5290595003982095,1.3144291330542,1.2974753070363814,1.2937647610320753,1.2922234653912716,1.437008084852408,0.6252030328923146,1.3472746632335242,-1.7399131425299095,-0.7443262298608257,-0.29748645801913876,-0.8538053923599581,-1.3821624492356026,Sleep stage 3
1.5911036226702786,1.3591819682521877,1.3421867960052734,1.338471784549052,1.3369196505998202,1.4254972526369896,-0.1630073364418037,1.3262330231668686,-1.7274873877026464,-0.8167966494963056,-0.289119774895387,-0.8651712864448302,0.8361056248437485,Sleep stage 3
1.5480768240533072,1.6120863297302606,1.6065285471869577,1.6052832595712627,1.6047474286862062,1.518386106836147,-0.3068114850062451,1.4991106594706491,-1.5721852980824047,-1.098279099580956,-0.5066027777448413,-0.8268755084652639,0.8361056248437485,Sleep stage 3
1.505741256944492,1.547598179363264,1.5396274417191915,1.5378496005361777,1.5371073943511304,1.4920075075097852,0.372023539036133,1.4492730409301038,-1.659759644030404,-0.8693916304032464,-0.49123626276396876,-0.886621765807151,-0.2730284121959196,Sleep stage 3
1.5210513936727739,1.5714924636156808,1.5644314134666821,1.5628497497123472,1.5621965612265325,1.5181712039928748,0.19558891713100418,1.4987110685662888,-1.730885361058271,-0.8186457454207918,-0.49729424260074906,-0.8657836538369507,-0.2730284121959196,Sleep stage 3
1.5494666668160124,1.5026321622130914,1.4903372411991462,1.487623034215885,1.4865033185823686,1.4803054318350435,-0.20540481190895868,1.427363852581143,-1.7791965446477442,-0.6572420015279357,-0.42910817238393784,-0.920567349338485,-1.3821624492355877,Sleep stage 3
1.4860420076689822,1.4992304885121783,1.4911447629517787,1.4893544661098683,1.4885916388515057,1.4713218620256532,0.5750759906115226,1.410619587062181,-1.6163328094389404,-1.0723921766652154,-0.47244640827318984,-0.8469236999683193,0.8361056248437485,Sleep stage 3
1.4961528566508218,1.8101831863011462,1.8133988521423476,1.814042538057466,1.8143058597482604,1.5907973333145602,-0.04520005618223848,1.6388797825036574,-1.7240894105652809,-0.6603933492015214,-0.6543297331511609,-0.9183189938184451,-0.2730284121959196,Sleep stage 3
1.4386260630411545,1.6053741765499463,1.6017882534090753,1.6009541068237374,1.6006087267991396,1.5274924065314694,0.6952101041284687,1.5164408987415017,-1.763260379356623,-0.7483473647806168,-0.5730357856905159,-0.9081284594275929,0.8361056248437485,Sleep stage 4
1.5213795649250395,1.6067110529644963,1.6000454103260784,1.5985500379817592,1.5979221401182375,1.508077407303594,-0.17834214308296256,1.4795695521639565,-1.6627499021669714,-0.9014732059110604,-0.5193138046889755,-0.8826127846400741,-1.3821624492355877,Sleep stage 3
1.379316156871023,1.7046348899113157,1.7088189057398124,1.7096651780377201,1.7100256385810928,1.5501692498215294,-0.18028090266745259,1.5599218907982837,-1.785279916667915,-0.6782934070981878,-0.669746555824116,-0.8800222161752733,0.8361056248437485,Sleep stage 3
1.5011607246546332,1.6418770718406015,1.6372070277619644,1.6361379468139443,1.6357007244659265,1.5510643867528724,0.10138872185943437,1.5616466211122988,-1.8197798597477133,-0.3944117809173418,-0.5545373270207176,-0.9239119394960423,0.8361056248437485,Sleep stage 3
1.4431061720769225,1.5220423473312434,1.5168965324590042,1.5157344248209232,1.515251401673082,1.4850057465728235,-0.002996890365292912,1.4361509676448017,-1.661811842215025,-0.9780009493683753,-0.5179865000371869,-0.8769919612565237,0.8361056248437485,Sleep stage 3
1.3555957793338207,1.3738770554621873,1.363979988886238,1.3617807861065572,1.3608740435434585,1.4034278637354534,0.4118226503439005,1.2862392962660438,-1.8315901141710347,-0.6315323185550951,-0.4742400524560379,-0.9386629911017936,0.8361056248437485,Sleep stage 4
1.313143656115057,1.516305946804286,1.515620731977563,1.5154225665477024,1.5153345237875353,1.4565244335204028,0.42754448330072,1.3831928745490973,-1.782324725930896,-0.7709474729848995,-0.6031114748224886,-0.8631647599329568,-0.2730284121959196,Sleep stage 3
1.4176485204399638,1.671213242411847,1.6718416604371027,1.6719279173498176,1.6719570968733373,1.5171319154111615,0.14460890663476828,1.4967323000680082,-1.728257232818026,-0.7078614924647673,-0.6263474878181171,-0.8859080437611772,-0.2730284121959196,Sleep stage 3
1.3803443432599765,1.4398395340093604,1.431936405093117,1.430169398624913,1.4294398964234452,1.4644024549413477,0.07499723425800434,1.397779515882411,-1.6759346978183314,-0.9040727245389847,-0.504136332336469,-0.9065904325290377,-0.2730284121959196,Sleep stage 3
1.3053357082509693,1.3926492842622153,1.3864761891119153,1.3850842572162434,1.3845180267805184,1.438710021191508,0.17649467676511257,1.3503895306838127,-1.757816306470714,-0.7087082652501934,-0.52566126801309,-0.8822651849572303,-0.2730284121959196,Sleep stage 4
1.1396966000950386,1.3191504661537334,1.3179379171576853,1.3176284817109292,1.3174986480061401,1.3742686670140662,0.3647118168012047,1.2340099442837043,-1.7459151601167782,-0.7084625360405369,-0.5983335776883688,-0.893386483203579,-0.2730284121959196,Sleep stage 4
1.3700290724287156,1.6198837431043662,1.6225947538168473,1.6231372594813793,1.6233622511385493,1.5047865284142719,0.21489023765255802,1.4733481654208769,-1.798694343647379,-0.6407048874450758,-0.6288492174638061,-0.8709359951380633,0.8361056248437485,Sleep stage 3
1.2075576959847558,1.3012166010520636,1.2956227828930433,1.2943593784469998,1.2938411230728444,1.3804255551060636,0.19986200105334914,1.24496566263809,-1.6679536367577714,-0.8840972262197946,-0.5331397038726348,-0.9103276722596861,-1.3821624492355877,Sleep stage 3
1.4185128921622687,1.4440612166024869,1.4366076019249554,1.4349455048573299,1.4342597464106193,1.4508393199899532,-0.031078589617611545,1.3726821346489861,-1.8505933329604962,-0.6069760485442491,-0.48129591845195085,-0.9168015456910147,-0.2730284121959196,Sleep stage 4
1.2309270076068315,1.545707011869107,1.5502839733508502,1.5512314763298545,1.5516101528284425,1.462730987375528,0.5974431981197448,1.3946686177456997,-1.6985873865661971,-0.7432419122620932,-0.6772495428822104,-0.8782092354236204,0.8361056248437485,Sleep stage 3
1.2582006510718722,1.5214526946417053,1.5230124024271772,1.5233039219790259,1.5234202341556289,1.441657845194508,0.17543608839543878,1.355806043773396,-1.8111794266700083,-0.6543450032014376,-0.6437405911822277,-0.8919050500076148,0.8361056248437485,Sleep stage 3
1.307103043374099,1.6231840841933756,1.6280929493912175,1.6291106004610652,1.629526636177773,1.5096591974853992,0.0698604584643901,1.4825527908934906,-1.7255749536577263,-0.9039419900435883,-0.6714126175932884,-0.9070622194366881,-0.2730284121959196,Sleep stage 3
1.293137678174213,1.6454364861588415,1.652474051228589,1.6539563040526781,1.654560163252448,1.5052910689243304,0.10149277211080895,1.4742916188377222,-1.7590811110227942,-0.671572085473432,-0.6932361973927673,-0.8907934014130139,-0.2730284121959196,Sleep stage 3
1.3105471973285037,1.3942854499705606,1.3882342822657936,1.3868741829868834,1.3863075304729406,1.4070748559129258,-0.11664543549706768,1.2928205168069422,-1.700260659611175,-0.8284030932563937,-0.5232297733205805,-0.8725149526153327,-0.2730284121959196,Sleep stage 4
1.728620173376812,1.7887009369148035,1.7873310669608204,1.7869894543432743,1.7868497712233085,1.625441498688569,0.7461483100444876,1.7073142745560812,-1.5105799292494078,0.7613361601404113,-0.5050020316996751,-0.9204690726196622,-1.3821624492355877,Sleep stage 3
2.0612109238026433,1.8219876223915734,1.801279660028546,1.796742170117174,1.7948565895708093,1.6915946531218167,0.024847876535716292,1.8407741653024883,-1.0899829169948347,-1.0584890200581842,-0.3174104028777664,-0.9725997922853014,0.8361056248437485,Sleep stage 2
1.235353577805132,1.475692636384804,1.4922081400808924,1.495806282182745,1.4973264888594284,1.6041783464022652,0.345021516177553,1.6651849814333985,-0.28702694618494223,0.13165099975213265,-0.6428125871654935,-0.785745955930065,-0.2730284121959196,Sleep stage 2
0.6041820455371689,0.6297613340907589,0.6361079469222338,0.6374975645613327,0.6380779496029042,1.233895804611362,-2.7005727977086718,0.9925250012659796,0.22207683171445233,-1.2667884401471214,-0.5031992846778425,-0.6659217631131014,0.8361056248437485,Sleep stage 2
0.821000976077648,0.45034768672188247,0.4500308984299405,0.4500051449366098,0.4499991750259858,1.219648363723736,-1.28701138348008,0.9689262973464103,0.7979749932015099,-0.7810520166885453,0.016771226006485986,-0.3690006135970469,0.8361056248437485,Sleep stage W
0.24700474035991135,0.40988488413813495,0.43177587254961663,0.43657182892007645,0.43857296977827354,1.03304588772593,-0.8223527785772584,0.6757366276494474,1.8082728915777184,-1.0189210458263582,-0.7135119930862205,-0.7390455398713293,0.8361056248437485,Sleep stage W
1.0800482056188538,0.5682240065809434,0.5772785876686519,0.5793231966289066,0.580187579765344,1.2280010711864535,-1.4355499556228017,0.9800694689441337,3.0685165071981615,-0.7379396669445886,0.11516880510340075,-0.051101858822820326,0.8361056248437485,Sleep stage W
1.5132336473449224,0.7085974167842873,0.7083053789494878,0.7083623161471222,0.7083880929960071,1.4051344121936935,-0.22260920266813378,1.2891083560601866,0.7716605260038182,2.3855366042165502,0.377603046053046,-0.5666794306137871,-1.3821624492355877,Sleep stage W
1.384163228680637,0.34685404043090623,0.32452607264210637,0.31975434086441573,0.31777040127170275,1.127899462854734,-0.8780914312119306,0.8204718271624918,-1.3426572317289995,3.2384283847947994,1.1053215187403824,-0.4845486488342375,-0.2730284121959196,Sleep stage W
-0.04458851264149968,0.024445399772976814,0.032218966003528096,0.03391793441102543,0.0346428538482674,0.5887919337732094,0.13941327890644165,0.09506723890328046,0.55533525885321,0.8390131440644162,-0.6221582472805876,0.21732046436863853,-0.2730284121959196,Sleep stage W
0.25180359503933764,0.2872587267929577,0.2886887929777595,0.2889904469142769,0.289124333264264,0.7318775166682782,-0.36263678754132916,0.26408121666088086,1.5677289685229647,-1.4451542347555688,-0.5192140265924139,0.08088752915413205,-0.2730284121959196,Sleep stage W
0.14287495155189278,0.03188941255412121,0.02788960255223244,0.027027872589908932,0.026659798747344685,0.6030555623316098,-0.4032216632352773,0.11126276051024567,-0.4554864757801285,-0.45790689605422497,-0.211812147869971,-0.8790571384253935,-0.2730284121959196,Sleep stage W
0.5141384856562059,-0.08958369280294433,-0.0987800918603092,-0.10074086158067326,-0.1015591857194996,0.5936698015500506,1.1270001580013078,0.10065663006389154,-0.32017923027335704,-0.6023492774914446,1.1582869504111222,-0.8489056901660504,0.8361056248437485,Sleep stage W
0.32983638283117805,0.18998054829218505,0.1843891101343272,0.18317119114125358,0.18265765571227027,0.6923724146910852,0.3007591316714121,0.21577214526172228,-1.0928109840767781,3.101659187847839,-0.20896131978855423,-0.9657599324288754,0.8361056248437485,Sleep stage 1
0.033335721402643584,-0.03711018954121235,-0.04108866169711668,-0.04195425202137378,-0.04231762680953333,0.50629201324855,0.5553965703652756,0.005604786410240233,-0.9958473315843538,0.4615468475865222,-0.27721344984807444,-1.0408754612489697,0.8361056248437485,Sleep stage 1
-0.08092223723752656,-0.17492050725468913,-0.17945395795333313,-0.18043744058727154,-0.1808487874652554,0.333490771988791,1.8031898441355034,-0.16353386254535682,-1.0131090678057437,0.9077657409981582,-0.14294138033104017,-1.0364902432317251,0.8361056248437485,Sleep stage 1
-0.05714693608664719,-0.23746976972009648,-0.2435630548310784,-0.24487537008963325,-0.2454226937032731,0.3235357683849459,0.008997287577079292,-0.17252165203274572,-1.4791438455771122,1.923750462747134,0.2265081353031472,-1.004821516926374,0.8361056248437485,Sleep stage 2
-0.07018086278508577,-0.13263389096360514,-0.1354642886435526,-0.13607851837697033,-0.13633739585732277,0.382512972221551,0.03082820509942489,-0.11809732280485362,-1.295255660895041,-1.0182665968039362,-0.26646275841388545,-1.0046998239217195,-0.2730284121959196,Sleep stage 2
-0.06742459248537772,-0.11390758768781874,-0.11645743228716579,-0.11701059169871195,-0.11724733875852973,0.3860817118183435,0.35697555211697213,-0.11470361358163382,-1.3929709633058052,-1.2372421730144827,-0.31816213736966353,-0.9525735723001695,-0.2730284121959196,Sleep stage 2
-0.1422210968641465,-0.15075371684820327,-0.15270260774264124,-0.15313014916930218,-0.153310610973614,0.34888060195909476,-0.286950289386926,-0.1494872647701077,-1.2555642651779626,-0.6794127165065177,-0.41869033269088196,-0.9410089453624063,0.8361056248437485,Sleep stage 2
-0.02326112065552812,0.03221850807798701,0.032280046542837136,0.032283336249127714,0.03228077138277597,0.5008634308956503,0.8805614433911766,-6.86167261854013e-05,-1.0690926974623127,-1.6211797399393344,-0.5742413908595765,-0.7207417688137261,0.8361056248437485,Sleep stage 2
0.022783359539481695,-0.05905668139417785,-0.06317701939719904,-0.06406798486265075,-0.0644488058727448,0.45738560677632295,1.1249074663382557,-0.04479402050696974,-1.0702215527695818,-1.1583787163885286,-0.24122475315622452,-0.8906599335265577,-1.3821624492355877,Sleep stage 2
-0.028132212802220176,-0.06291251821959255,-0.06590523529485054,-0.06655801572994605,-0.06683719226995855,0.4089013840271651,-0.09047129410047099,-0.09279567563164948,-1.3760111157370325,-0.6474805529262905,-0.3595397219778821,-0.9146025368379515,-2.491296486275256,Sleep stage 2
-0.16017222302286097,-0.1308958029706927,-0.1305310693007753,-0.1304528537606631,-0.13043194867900001,0.3273518824130378,0.8308116930567346,-0.16908836469170455,-0.775782850891446,-1.802785555563743,-0.5338921226432128,-0.6997042469319124,-0.2730284121959196,Sleep stage 2
-0.22103148334648848,-0.18504304536195146,-0.18447017016569642,-0.18434816739837948,-0.18430550099197265,0.3084564632609526,-0.25235097532852735,-0.18596518742441948,-0.9283976404928763,-1.5968737794808403,-0.5622963401086875,-0.9339252900177953,-1.3821624492355877,Sleep stage 2
-0.11908982687655228,-0.1072052209867899,-0.10840156539923324,-0.10866828751925248,-0.10878326438097904,0.39054249261746976,0.054906932931867256,-0.11045924091633484,-0.6295694769572319,-1.6722426770165641,-0.48021168007725723,-0.7408492195555608,-0.2730284121959196,Sleep stage 2
0.02446350443796037,-0.04335150648965639,-0.04574090593107883,-0.04626439773651288,-0.046487113729239964,0.4658796464288731,1.2652747495177605,-0.036183656294979,-0.9399285270151536,-0.037361279153646884,-0.2866335093249987,-0.8621706961618735,0.8361056248437485,Sleep stage 2
-0.13264887832830963,-0.147355585881004,-0.14880440782368007,-0.14911833126615015,-0.1492564720631989,0.3511947134676843,-0.17210795546850885,-0.1473576159620773,-1.5906600004498284,2.335514113389884,-0.4031560047449295,-1.0555190455049681,-0.2730284121959196,Sleep stage 2
-0.18208133968015985,-0.12497303938641555,-0.12347626857563004,-0.12315700500082047,-0.12302881960766066,0.3511265650756208,0.5858379460942427,-0.14742704948612312,-0.7699255081820001,-1.8576974374994235,-0.6129126158946991,-0.7244863138050831,0.8361056248437485,Sleep stage 2
-0.0008543252632945711,0.010216638954970112,0.009133446198764836,0.008893592451287131,0.008784580610394442,0.5030125743016479,0.8232729791668575,0.0021775861934803338,-1.4924279008545582,-0.07826355592131737,-0.4780145905899076,-0.9754916574664814,0.8361056248437485,Sleep stage 2
-0.23661792856137032,-0.23070673974873643,-0.23089641572709335,-0.23093673085902328,-0.23096370743990502,0.23573959251249987,0.059612213888448444,-0.2481422732963339,-0.6629777960603954,-1.8167537869867991,-0.4650558599531575,-0.8331488056598444,-1.3821624492355877,Sleep stage 2
-0.11610024708159582,-0.08706271681429839,-0.08695569820294816,-0.08693476133314562,-0.0869371903542161,0.3689843314617117,-0.8979813504131505,-0.130839462905462,-1.3248073979833084,-0.7088276666902734,-0.5279446374456763,-0.7823884530727739,-0.2730284121959196,Sleep stage 2
-0.07841777476830464,-0.06232763814868696,-0.06278461218808098,-0.06288626758052929,-0.06293510538425585,0.4174386005498781,-0.9700260948451028,-0.08448407562208769,-1.3129411958540127,-0.08626093070311132,-0.49240605576530877,-0.9413202009203365,-2.9099321976679415,Sleep stage 2
-0.15693723799062614,-0.10518482317419584,-0.10425118580236857,-0.10405160499116645,-0.10397359934451351,0.38678961737105805,0.1306624720541668,-0.11403450033190143,-1.3279127143747553,0.6325791669006611,-0.5921316008113059,-1.021961079620426,-0.2730284121959196,Sleep stage 2
-0.12297959554374407,-0.08953591929410766,-0.08856142744484675,-0.0883502992507111,-0.08827248304341978,0.4052874401952905,1.790966066123733,-0.0962926666523011,-1.1840693690081985,-0.2825232598139303,-0.5420750563281475,-1.0071781492445466,-0.2730284121959196,Sleep stage 2
-0.19046374180935238,-0.1909113560328785,-0.19183790901230982,-0.1920400922327969,-0.1921306543728687,0.2856957940705329,0.4123070919673249,-0.20590456868868606,-1.1322969725880014,-0.4137664500045927,-0.44313561229696175,-1.0561766197810525,-1.3821624492356026,Sleep stage 2
-0.20375479128862928,-0.19788709152006023,-0.1980606492364755,-0.19809820873200076,-0.19811952866491248,0.29778347992976745,-0.2138479158344427,-0.19537671433450252,-0.5017500002824531,-1.7370306296351883,-0.4657974530207744,-0.7093021286447544,0.8361056248437485,Sleep stage 2
-0.06638013355797492,-0.06586685677238692,-0.06712823766018146,-0.06740280900028693,-0.06752700145686763,0.4450725345855921,-0.18864111852777285,-0.057174481037179765,-1.3416130055809268,1.0926146532583745,-0.4516773806154753,-1.0372571872327507,-0.2730284121959196,Sleep stage 2
-0.13371722939290323,-0.051323100460635235,-0.04786473445848175,-0.04710859992892786,-0.04679120695735553,0.488801689155081,1.0097028847423817,-0.012656627559139646,-0.08553417777307308,-0.6808404843821962,-0.6613846249124747,-0.7163082359178993,-0.2730284121959196,Sleep stage 2
0.031446795445841606,-0.20872014014627688,-0.20274813991616378,-0.20137665474063934,-0.20079606574846667,1.1711771764317336,-0.6455373458553167,0.8899562451497298,-0.45712943195122,0.752888412595884,0.30219597348097965,-0.500778360104583,-0.2730284121959196,Sleep stage W
0.15530925521257674,0.07888480019740014,0.0812471275045728,0.08176393856058327,0.08198939914618786,0.7364419419072641,-1.9982488618896679,0.26979188081755695,-0.01941780826677369,-0.015405339013531333,-0.3146855270527282,-0.3612963163955459,-0.2730284121959196,Sleep stage W
-0.010264338545291447,0.05932396010260182,0.06313742001415196,0.06396755460670517,0.06432235899400152,0.7099087067371365,-0.5752481462419083,0.23706407434536927,-0.07058222779807978,0.7060936659207859,-0.6073543538998527,-0.3715646956769839,0.8361056248437485,Sleep stage W
-0.10713813268393015,-0.18422554087745627,-0.18621228005746332,-0.18663305250019796,-0.18681042749668847,0.42038394817950453,-1.266049417735945,-0.08162354504764764,0.4403050778878036,0.884782082486843,-0.20076742116744165,-0.694791015471822,-0.2730284121959196,Sleep stage W
-0.2901593787427797,-0.14007959345931983,-0.13398379536932012,-0.13266324272782143,-0.13211650437519565,0.3465730163726123,0.07616700946139067,-0.1516136936874971,-0.48195786891684134,2.425512425069944,-0.88997454778357,-0.8386777490582271,0.8361056248437485,Sleep stage 1
-0.27311256683011614,-0.2541916858087533,-0.25406661587864504,-0.25404244815323435,-0.2540373232328141,0.21005946930590966,0.287606947343823,-0.2690380178000635,-0.7296570598035601,2.670414242027581,-0.51337427749197,-1.0715556265157256,0.8361056248437485,Sleep stage 1
-0.3081069781515451,-0.26631652060510647,-0.2648172366905683,-0.264493836976666,-0.26436336355551043,0.21470774571760554,0.5665001706885449,-0.26529612452510304,-0.8845642087763201,1.6676772831162459,-0.606686535061375,-1.0584254833090165,-1.3821624492355877,Sleep stage 1
-0.21544162024509822,-0.11270014707931751,-0.10977296836137088,-0.10914510505295354,-0.10888710643263236,0.3534216369907431,-0.30550278473859543,-0.14529770172107995,-0.4714646001782486,1.9352234981711411,-0.7354064720614821,-0.8445544063020165,0.8361056248437485,Sleep stage 1
-0.26051062812414233,-0.1978982091634521,-0.19640116741129915,-0.19608129293265425,-0.19595091688577637,0.2807750031886669,0.34921805338561246,-0.21015670708157508,-0.7116550591203328,1.0578026708945851,-0.6528474743895896,-1.0368290402142246,-0.2730284121959196,Sleep stage 1
-0.2518946991689868,-0.24582766308056964,-0.2463945257613778,-0.24652047048361966,-0.24657820824881704,0.2223045905164595,0.16079371208498627,-0.2591416024095433,-0.5998545288094052,0.9348777142846487,-0.46351732788230543,-1.0715241536277782,0.8361056248437485,Sleep stage 1
-0.1960191737242558,-0.1891025855014159,-0.18936029886888453,-0.1894170414616846,-0.18944905926155056,0.27983571915071814,-0.2293305276300434,-0.2109706945868318,-0.9234003639203087,2.154446020599364,-0.468966776762258,-1.082489463408444,0.8361056248437485,Sleep stage 1
-0.2942359379354087,-0.29742713660513165,-0.2972545588023746,-0.29721352310440013,-0.29720536120020585,0.1634215822984548,-0.3327380282984066,-0.30557403265566535,-1.3549683674331898,0.8782247606162026,-0.42726304432374723,-1.0590610808041792,0.8361056248437485,Sleep stage 2
-0.23696636982706343,-0.14500242711459155,-0.14177761651329596,-0.14107886310870785,-0.1407961193188534,0.3390912701194621,0.7886940970161501,-0.15844535920669772,-1.2176118535532103,1.0691978722520794,-0.7224895649543269,-1.0335142764434144,0.8361056248437485,Sleep stage 2
-0.2738527076629308,-0.2867944465968386,-0.2875048317954129,-0.28765495749174663,-0.28772555191480326,0.1662720934626134,0.8615965110067817,-0.3033959603985265,-1.2489729748859262,0.7682952131509957,-0.38521784816977717,-1.032810882149131,-0.2730284121959196,Sleep stage 2
-0.2705990862353992,-0.23956320484983235,-0.23885587924838317,-0.23870430149671643,-0.23864889521239835,0.21015711365788994,-1.78235300697889,-0.2689577029464033,-1.1718836513663573,-0.1876333273888589,-0.5570831609221827,-0.8661603439813473,-0.2730284121959196,Sleep stage 2
-0.2588173303685975,-0.2165569587707115,-0.21553148937749822,-0.21531168491577926,-0.21522668235726072,0.2454938868273927,-0.4444224138572651,-0.24005464229031906,-0.9064229295711735,-1.6058234399438804,-0.5912504072489936,-0.6743714761504638,-1.3821624492355877,Sleep stage 2
-0.224320808613826,-0.10398419364688687,-0.09914911337696522,-0.09809980452153742,-0.09766878797863997,0.3582417506277888,-0.5334446162353289,-0.1408464764185463,-0.6324693346286466,0.5688953186355681,-0.7820824167831102,-1.0994448964410086,-0.2730284121959196,Sleep stage 2
-0.2561247012374021,-0.1828616904639478,-0.1805252958192172,-0.1800205736776636,-0.17981678269903803,0.2679406813575472,0.603931075370389,-0.22115730385034676,-0.8095766508749932,0.32595753127021415,-0.6825419414477691,-1.082778808961963,-0.2730284121959196,Sleep stage 2
-0.01251110512164493,0.003890140328839026,0.01323640496464307,0.015294425257479762,0.01615692509455332,0.7147713005217985,-0.2337146615058999,0.24301485373597617,0.1518060340507685,0.14657655338851755,-0.5169410076121245,-0.6053369267482921,-1.3821624492355877,Sleep stage W
0.2031856933416732,0.4170368445623831,0.4278568106889037,0.4302020718428759,0.43117583488668276,0.8766459891870518,0.6425391325768731,0.4524841700039297,-0.20404656470122157,0.6881919921278458,-0.7644131118957013,-0.934175214856353,-0.2730284121959196,Sleep stage 1
0.05139013937695514,0.2255537997608987,0.23283872816904203,0.23440931216787486,0.23506561403531967,0.7245837870769228,-0.6372669138358017,0.2551038932438359,-1.1003410733608132,1.8868711535766316,-0.7577354227901686,-1.0806905625742427,0.8361056248437485,Sleep stage 1
0.15387125797370546,0.3993488694181637,0.409412526193147,0.41158843543428475,0.41249337420040766,0.7880270746564824,0.13415223117595837,0.3350897587216159,-0.619929979812194,1.3407121762715315,-0.8107925588547,-1.0658447979433636,0.8361056248437485,Sleep stage 1
0.09098488022534573,0.22615446216979612,0.23023099634373145,0.23110206204198394,0.23146558770613088,0.6941216689411528,0.1425798584082318,0.2178873104292425,-1.3223618600505942,2.3209148562926933,-0.689160675865192,-1.0147225234937514,0.8361056248437485,Sleep stage 2
0.07602540752647664,0.10003511517514313,0.09866058763827722,0.09835156021790888,0.09822209202349819,0.5871693493802256,0.06432915363965079,0.09339418226396508,-1.239177486722775,1.7629813723272103,-0.5018714001088457,-1.0609290962387015,0.8361056248437485,Sleep stage 2
0.09821870588654155,0.15989229765168653,0.16070140912996797,0.16086437734545572,0.1609265394755543,0.6287242597281669,-0.15001952467310078,0.14062838703230704,-1.2133066756841544,1.1561259149843444,-0.5710515247037395,-1.037166926076003,0.8361056248437485,Sleep stage 2
-0.012770334432334276,-0.05072450226375874,-0.053706422439401505,-0.05435789807934751,-0.05463394686867678,0.43418319916809484,-0.3057834505134143,-0.06800770283482827,-1.0276311792825117,-0.9415305484288378,-0.3543385707233188,-0.957580142967617,-3.600430523314924,Sleep stage 2
0.08668902303249888,0.17283576631222874,0.1757574391465365,0.17638360460406088,0.17663605767536197,0.6185939960195949,0.25591545213985384,0.1289787993380306,-1.298168439235622,-0.6983673420163832,-0.6160928278226541,-0.8064579384136228,-0.2730284121959196,Sleep stage 2
-0.006558043297900892,0.07727109866274905,0.08034526419819692,0.08100566800026905,0.0812699190631304,0.5461789428911505,-0.3612304820976161,0.04822356107614096,-0.9827666978938878,-1.0146518112933585,-0.6304006877397765,-0.8397193294750833,-0.2730284121959196,Sleep stage 2
0.07491316559993412,0.053853012689380114,0.05083442334869054,0.05017161368590895,0.0498922822505271,0.5462833400746485,0.5359772159852613,0.04834402895005125,-1.3017329863879403,0.45431271390671873,-0.40726614567839786,-1.00808647863535,0.8361056248437485,Sleep stage 2
-0.03991397459070538,-0.05974279293594956,-0.06236046843923245,-0.06293281071886156,-0.06317819688262687,0.4325597886465372,-0.836587658075732,-0.06962357881771096,-0.7719546292470422,-1.6147480302024515,-0.39799884146843273,-0.8069100751727099,-1.3821624492355877,Sleep stage 2
-0.03032760850041049,-0.02864271436823339,-0.028190210419528718,-0.028093452422077347,-0.028065694351415267,0.44318121025678625,0.27005023109413656,-0.05906626499863638,-0.534463499917069,-1.8677559293127695,-0.4607695369162343,-0.7384838409699336,0.8361056248437485,Sleep stage 2
-0.02922404409960268,0.07186794807744294,0.07465234729171262,0.07524861604422826,0.07548995249770925,0.5219854463546268,-0.8556066712590229,0.022222472046209342,-0.23430411780868649,-2.253989551797744,-0.6650581102237815,-0.7323491356085484,0.8361056248437485,Sleep stage 2
0.14196143590004454,0.26615236700830075,0.2690906916882475,0.26971292779179085,0.26997139897905853,0.6962405272406715,0.32560799668118,0.22044563353872054,-0.941467097178495,-0.5249810559683591,-0.6609080486847484,-0.727537257677436,-0.2730284121959196,Sleep stage 1
0.08085103962202415,0.08668061284406853,0.08480114368521605,0.08438028303236175,0.08420556589371749,0.5731761080018578,0.40529013108528117,0.0778159409732234,-1.3597931268628016,0.7789919899150074,-0.4656857252215076,-1.0575668780551046,-0.2730284121959196,Sleep stage 2
-0.05309596377401436,-0.02120078918482792,-0.02176767233421614,-0.02190102979156311,-0.021957351100930535,0.4845870997296552,1.2366048559062905,-0.01699658400186059,-1.1197706357093848,-0.11132260086648404,-0.5271490286605826,-0.9432365135748612,0.8361056248437485,Sleep stage 2
0.04859960354631491,0.029147337541433522,0.025971086969285316,0.025269812840702746,0.024979966613793265,0.5246557017992054,0.4876000798692148,0.025063897134958865,-1.071627340224037,-0.1682985502789156,-0.4076848420120145,-0.8421926951244288,-0.2730284121959196,Sleep stage 2
0.021137173764542244,0.00787384856795738,0.005166378447130917,0.0045707167623905125,0.004317655536336963,0.49392105729676067,-0.9398410820562455,-0.007322910994276742,-0.7057460754224167,-1.8296751072102235,-0.42032266187274886,-0.7117923018183678,-1.3821624492355877,Sleep stage 2
0.029586952083984944,0.062064947972696356,0.06185159541300375,0.061794912073532125,0.06176568255419451,0.5330637531595993,-0.3760349671447501,0.0340555389800133,-1.2588527352669123,-0.6322949053136712,-0.523106944610273,-0.6804287806028158,-1.3821624492355877,Sleep stage 2
0.02713679859423444,0.062101929974388355,0.06126492162224649,0.06107188988677965,0.06099033871233529,0.5511325677711328,0.14144833223844983,0.05359813871001564,-1.1884684524589106,-0.9240661780354588,-0.5266417128310124,-0.6468061470292606,0.8361056248437485,Sleep stage 2
-0.07080533843458169,-0.030699584768739525,-0.030037702437833644,-0.029899662645916314,-0.02984810881829844,0.4475412944224516,0.1375369133234876,-0.0547051636124684,-1.0192016549001037,-1.1245821960615674,-0.5503084694394506,-0.8223416228821663,-0.2730284121959196,Sleep stage 2
0.018680017145968876,0.05441848293723781,0.05455407794911148,0.05457748823503664,0.05457551767291242,0.5036559765601554,0.3181428941108392,0.002853375592351966,-0.8490075750320631,-1.233525643483157,-0.5311114708042866,-0.8171568771276349,-1.3821624492356026,Sleep stage 2
0.05155200552309945,0.08340994589153537,0.08304366115104785,0.08295849850201545,0.08291251648667912,0.5492909127774189,0.8501301809994012,0.051600951894714316,-1.3188352417944091,-0.500852705576407,-0.5201741468297296,-0.79877269227818,-0.2730284121959196,Sleep stage 2
-0.10345274909952605,-0.1243225996127928,-0.1260198077210484,-0.12638876669168114,-0.1265509763832152,0.37481681592180627,-1.0056939314109314,-0.12535833014142037,-1.045578646192177,-1.0592506877850407,-0.3885923632166037,-0.9093200309094455,-0.2730284121959196,Sleep stage 2
-0.037256129584782076,-0.05361635092778088,-0.055980744535589384,-0.05650278410160207,-0.056722043392206774,0.4412433020465531,-0.28646432040720804,-0.060995191608994644,-1.0934315627433617,-1.1553336735018582,-0.4079982861238512,-0.8067481104333308,0.8361056248437485,Sleep stage 2
-0.019331602727452154,0.06815671637742511,0.0700093958684359,0.0703970510658621,0.07055919370188257,0.5442611487155122,-0.5987191760265859,0.04614744369498184,-0.6147938899494229,-1.8381136884864093,-0.6370107955763784,-0.606229848950585,0.8361056248437485,Sleep stage 2
0.04523880111993321,0.1068176039725977,0.10681593239263942,0.10680280593288803,0.10679394037363625,0.5837986913943036,0.39095827740149525,0.08962248772810193,-0.7486244579940968,-1.694160314260251,-0.575860680071652,-0.6149523015799809,0.8361056248437485,Sleep stage 2
0.17869976130492587,0.16713027059150018,0.16347466964802065,0.16266656731656584,0.16233177692894565,0.6274314275877415,0.6517351269761271,0.13913066048247608,-0.7862604862047801,-1.6917898128124012,-0.4322471939004735,-0.7997877454170322,-1.3821624492355877,Sleep stage 2
0.1557241865076075,0.24559909228249552,0.2472101997348722,0.2475466863761347,0.24768006064812373,0.6823513326322052,-0.8909899598851154,0.20372065980057336,-0.8864116042638054,-1.7896029842702827,-0.6082781320684567,-0.7000592334067679,-0.2730284121959196,Sleep stage 2
0.1086917477996296,0.06803440692308496,0.06476678849442216,0.06405096207784902,0.06374692867102547,0.5435446908550651,0.31127161015511884,0.04536704143517634,-0.9227203748065383,-1.578629870075542,-0.3686665914102572,-0.8527616122329424,-0.2730284121959196,Sleep stage 2
0.07976602490804369,0.1668418644666595,0.16917721975065114,0.16967580025086879,0.16987754141350828,0.6251415379487306,1.356885105587983,0.13649257041186472,-1.0702626282777132,-1.7488305826567474,-0.6176281212467166,-0.6477827468120033,-2.491296486275256,Sleep stage 2
0.21542719179084846,0.2938591435936678,0.2954959885377343,0.2958406179683329,0.29597935157300825,0.7130559421294275,2.0042300097190315,0.24092030449285903,-1.2141896718693224,-0.30563905433456656,-0.5842253786052366,-0.7309345717247692,0.8361056248437485,Sleep stage 2
0.19236521976424184,0.15361111350864662,0.15061906673151496,0.14996564993851344,0.1496886801883672,0.6606770223979562,2.768282152539515,0.17792759201829877,-1.4934895798211751,0.2913151489201948,-0.38435318750054087,-0.8905593372752683,-0.2730284121959196,Sleep stage 2
0.1930519432348441,0.31335837841784,0.31686759915357776,0.31762109483166334,0.3179274520943409,0.7510411524055286,0.23592343855368378,0.28805651457288095,-1.3232897623807836,1.686147600530904,-0.6469782532873046,-1.00432009496375,-0.2730284121959196,Sleep stage 2
0.1515794413861221,0.17051100960082438,0.17003809648765844,0.16992872766810269,0.1698801006404395,0.6374932505046934,-0.34207236944441943,0.15078223369983026,-1.0124867375697755,-1.2830517852415164,-0.4926640700903502,-0.7860241652781407,-0.2730284121959196,Sleep stage 2
0.22512943860549786,0.19279435313580323,0.1883496978852272,0.18737154580311247,0.186963034995979,0.6511431670551602,0.20827557066525612,0.16670377914608875,-1.328651330231502,-0.2142117138087103,-0.39642793779651697,-0.9194414043479346,-0.2730284121959196,Sleep stage 2
0.1502309378013162,0.15414207312857428,0.1519932278988687,0.1515189205509604,0.15131326538193424,0.6189068032164391,-0.003171865994528254,0.12933333110742268,-0.929513483919648,-1.6961787304857658,-0.46256907563875677,-0.7684186715051942,0.8361056248437485,Sleep stage 2
0.23233746836652053,0.3393639182997648,0.3408816478825276,0.34119698246697666,0.3413223703850246,0.7477968677475303,0.14434706908352796,0.28397291843434175,-1.0799500363450827,-1.5451352334148547,-0.6202351399315699,-0.8150822759799896,0.8361056248437485,Sleep stage 2
0.24749314193027364,0.4305011534724347,0.4359929524818769,0.4371658342222206,0.4376544379300513,0.8387133469502399,0.8157006215818657,0.40143847691993517,-1.3488448627004326,0.3732937083033167,-0.7135188443466843,-1.0122119009668487,0.8361056248437485,Sleep stage 2
0.15622262684286572,0.3302633889010369,0.33508566720847643,0.3361186342332619,0.3365451457112165,0.7435714555358551,0.9619958390328227,0.2786845465272682,-1.3773200975418212,-0.2775401538152806,-0.7238996714714464,-0.9660383573408317,-0.2730284121959196,Sleep stage 2
0.19363324533537915,0.39195216778075015,0.3991812719556852,0.4007368353489346,0.40137682283447296,0.7753678463074872,0.09248890817182305,0.3188750361167391,-1.020264807548268,-1.3604532232022062,-0.745506330688101,-0.9584467817324074,-0.2730284121959196,Sleep stage 2
0.27033547178229145,0.3628227212528741,0.36418851846969047,0.36447630066368447,0.36458047068689226,0.74761518632002,-0.25346830006880167,0.2837618599025896,-1.0009054946654083,-1.059523839003848,-0.5961805068628998,-0.9119731783136642,-1.3821624492355877,Sleep stage 2
0.16410004526817776,0.04127674814622991,0.036347350868437885,0.03528406727467793,0.0348288835866509,0.5606638283202351,0.12007973542241027,0.06402347789253675,-1.0617354870253273,-0.43657054457010647,-0.18789446241380403,-0.9539846189320791,0.8361056248437485,Sleep stage 2
0.266438231549923,0.4240728320983972,0.4291909236768577,0.43029364613903354,0.43074781641672943,0.7906191196445621,0.674806822116957,0.33843684640019467,-0.8364843498763501,1.8842941187433289,-0.6809246674217718,-0.9690531009641115,0.8361056248437485,Sleep stage R
0.26717008294509487,0.576254491325874,0.5890337751228176,0.5917996657176681,0.5929405106785253,0.9320167624978134,0.10395374347489615,0.5291890983551687,-0.9007499130034485,-0.3234965716824745,-0.8387183355288134,-1.052081405495923,0.8361056248437485,Sleep stage R
0.3198564262188249,0.5403841663179803,0.5480152088521805,0.5496611367547185,0.550333657951328,0.8736144248903583,0.8478816431092668,0.44837150869767817,-0.7844926094115326,-1.0532770698205758,-0.7388067588276177,-1.022235451220926,0.8361056248437485,Sleep stage R
0.2227519601252509,0.3390992576846409,0.3424497207012291,0.3431676595216198,0.3434592298391523,0.7459035603372954,0.9887916826969491,0.28161195279592205,-1.4645871712328642,2.1356422757279274,-0.6365715587405788,-1.0595753147287563,0.8361056248437485,Sleep stage R
0.24244353610878427,0.3378498272708223,0.3389450626243908,0.33916146463586727,0.3392508527208074,0.7510385243716355,0.6102232761322578,0.2880505656088908,-1.016598625320448,0.11078732675872331,-0.6029989566372252,-1.0500933642850019,-0.2730284121959196,Sleep stage R
0.34677010637482003,0.7235733490327954,0.7360679775953942,0.7387570370337901,0.7398776280280273,1.0055372437259935,-0.019887435898202164,0.6349877270322841,-0.5745374720256227,-0.16039027047855187,-0.8692085205099234,-1.009127767137253,0.8361056248437485,Sleep stage R
0.16772884171551,0.48183759112023417,0.4935710461431634,0.4961041183827256,0.4971569887638767,0.8652058892650063,0.8541879919437149,0.436967124847881,-0.7348265431596931,-0.949196121442148,-0.8738928716984161,-1.025595164932087,-0.2730284121959196,Sleep stage R
0.1584353698685482,0.16023860513784816,0.15905068716337872,0.15878977411607287,0.15867263410862104,0.6368297942561773,0.6358584287751966,0.15000383787297894,-1.257449363645053,0.8133581518568134,-0.46104025117746655,-1.026449661016917,-0.2730284121959196,Sleep stage R
0.2029791475806061,0.39169580345625465,0.3993019460423382,0.40095045616526387,0.4016238876900454,0.7768986626933833,-0.9727775437669612,0.3208220258411151,-1.399418636667647,1.4293302543264979,-0.7330420161664799,-0.9607522569177315,0.8361056248437485,Sleep stage R
0.24544305219231358,0.5966092577858825,0.6118246233871677,0.6151215359080334,0.6164860461481759,0.9064347275698607,1.1570774446612697,0.49343916631147533,-0.67912048039524,1.8117155596415475,-0.8827563761866339,-1.0259410106387408,0.8361056248437485,Sleep stage R
0.1876053077690329,0.36307458928466446,0.36899519780339524,0.37026519458381185,0.3707916784265566,0.765678682807223,3.6029816925007276,0.3065369449061597,-0.8914881098702733,0.8661352572998426,-0.7194046180533504,-1.033800333771733,0.8361056248437485,Sleep stage R
0.23037995549129126,0.3434072042049615,0.346526823695554,0.34718996165674576,0.34745879333731156,0.7773370942601815,3.4405328257408665,0.32138787563908483,-0.6672203062299217,-1.132986085455527,-0.6307499027477994,-1.0500385746494378,-2.491296486275256,Sleep stage R
0.03123209327903078,0.012444824847266828,0.009987107688630736,0.00944779448569185,0.009217752131325408,0.5035672726187983,3.5946410665622412,0.002753138354027471,-1.136853664888826,1.0962519975098253,-0.4093819702516817,-1.049916331461119,-1.8007981606282735,Sleep stage R
0.1411422516045509,0.2641482119588208,0.26715284141939066,0.26779272632917467,0.26805775865749887,0.7155702449436592,2.718255570509028,0.24400043452090628,-1.4245069675507935,2.7315856991128253,-0.6595822513139541,-1.0128287660031483,-0.2730284121959196,Sleep stage R
0.20959792629283733,0.3836139376789686,0.3884234596694982,0.389451299836554,0.38987220418095053,0.7599720948028007,1.809626699561191,0.2993064293272026,-1.3815826401904834,1.7304070997025855,-0.7110203625737861,-1.0591877805172991,0.8361056248437485,Sleep stage R
0.1347134475139245,0.3289412763415099,0.33526139238893476,0.3366186848185197,0.33718012060436364,0.7546820659441439,0.7362708533298815,0.2926300928308121,-1.1010815195644725,0.8051725688305372,-0.7556436002428846,-1.0567179004020757,-2.491296486275256,Sleep stage R
0.14314920390297023,0.23998130217584912,0.2414348351639746,0.24173854652993473,0.24186076187608832,0.6936095420986031,3.4461992504553844,0.21726763337969257,-1.4421057789908867,1.9267537012774547,-0.6199970378939315,-1.0386119434369536,-1.3821624492355877,Sleep stage R
0.18892448138173515,0.3960827340263363,0.40213810913414366,0.4034375437068387,0.40396797303773097,0.7590100757453365,2.329103910119678,0.2980882835376264,-1.1091080814340564,1.0507140154859107,-0.7548505217105002,-1.0465304105972197,-0.2730284121959196,Sleep stage R
0.1539332630370977,0.43148403246928696,0.44151172193544724,0.443675144333823,0.4445736946309815,0.797839538075554,1.308430580741407,0.34776525839610706,-1.1589215094102947,0.5144051064531057,-0.8426941409331173,-1.0545303176648564,0.8361056248437485,Sleep stage R
0.14604461622749967,0.19777710593133388,0.19845444729092007,0.19858951552153814,0.19864405953274877,0.6553317876639783,1.2622792878994114,0.1716200223443343,-1.3036157299619375,1.2962106465847203,-0.5497529012899235,-1.041066191293823,-0.2730284121959196,Sleep stage R
0.19176744750556765,0.4717231895621909,0.48131149539763124,0.48337620872168374,0.48423670406634645,0.8310284244145971,0.6527803329209461,0.3912373002821965,-1.1829204355880532,0.6196747965865463,-0.8321041111511066,-1.06537863303085,0.8361056248437485,Sleep stage R
0.09310380228958953,0.21832399490732046,0.22243016279710853,0.22331451875455294,0.2236742594085121,0.6675756190353769,2.5661498817680934,0.18609260305090913,-1.171844149292094,0.2794923254317049,-0.6748541459028233,-1.0393980624151995,0.8361056248437485,Sleep stage R
0.2070486393873081,0.3801834634338045,0.385144707543028,0.38621136046308646,0.38664346190180904,0.7716302552745785,2.6294352270366117,0.31409632349923733,-1.3132557849362396,2.623502527372414,-0.7108065093717708,-1.01277254531539,0.8361056248437485,Sleep stage R
0.24290541943972063,0.2114605461215876,0.20780638000526575,0.20700454499482043,0.20667043303328522,0.6768424172863645,1.3089176653729564,0.19712566884498955,-1.1565380523176798,1.2838434060452881,-0.40137704682952186,-1.0708265630952305,0.8361056248437485,Sleep stage R
0.09626192099643331,0.009506243115015679,0.004419385207283963,0.003312412695891162,0.002851752418646291,0.545040800228571,0.7284888463796112,0.046992819724139434,-1.7705684276701643,3.9168883053925625,-0.2523960866579254,-1.0543961477323034,-1.3821624492355877,Sleep stage R
0.23645191861117953,0.3593910650237966,0.3610042309459051,0.3613367931578848,0.36146904829404786,0.8008647602896474,-0.7791998513555891,0.3516947573259317,-1.367957425673076,2.0257289529287066,-0.6399723165479757,-1.0848233840527146,0.8361056248437485,Sleep stage R
0.30339516207684464,0.6119278713910012,0.6219984619031655,0.6241682626203249,0.6250665322116493,0.9074790039461971,-0.37659178985593533,0.49487953008928,-0.7659136592945988,-0.947899776720982,-0.8251250004622644,-1.0563308168392875,-1.3821624492355877,Sleep stage R
0.179336128438479,0.3438314142614047,0.3488242303227622,0.3499001902917819,0.35033858213919766,0.7537210743610372,2.2469559041266565,0.2914232630164453,-1.0577532205176976,0.5713335128739664,-0.7071243013905922,-1.0421094201675443,-0.2730284121959196,Sleep stage R
0.1545497511214982,0.4898562382143105,0.5067723914469711,0.5104483875056833,0.5119769207118374,0.8802759493539257,1.4212349753414848,0.45744302200813386,-1.146529612950384,2.321352113978136,-0.9027757539446796,-1.026659343815415,-0.2730284121959196,Sleep stage R
0.16057582561305572,0.03521326664295432,0.030586358851122795,0.029584493938036867,0.02916161669313658,0.5523541732533779,2.6654562989598722,0.05493611273234328,-1.4422043279239358,1.4785416058152343,-0.18085161011517803,-0.9973800305259876,-1.3821624492355877,Sleep stage R
-0.24346003683955308,-0.392600406172753,-0.39359337025828933,-0.3937860538547081,-0.3938766942719103,0.294416108159572,2.9606383515972627,-0.19832033606685778,-1.6778026574635587,3.044166249807329,0.4355777108761292,-0.9145557726498403,-1.3821624492355877,Sleep stage R
0.5503700307693226,0.499785127121333,0.49777528724511255,0.4973294471021866,0.4971491562277256,0.9325094992595551,0.7169955320035633,0.5298859520561843,-1.2394158498898593,0.5043600633414067,-0.39913552484766074,-1.0585155974368796,-0.2730284121959196,Sleep stage R
0.6876707099128692,0.8528615095996896,0.8550389191552097,0.8554821860735436,0.8556621904684106,1.0803640729258872,0.13506120111587888,0.7473222111944348,-0.9262938284435743,1.021600180354799,-0.6264850973557082,-1.054083363936708,-1.3821624492355877,Sleep stage R
0.8944779108232488,0.8469989729331341,0.8427907535725085,0.8418656961057681,0.8414650994421667,1.1313632602717043,0.9586535408438132,0.8265881493454711,-1.3295959582709047,2.028929445812126,-0.4174392588253734,-1.0401183121102051,-0.2730284121959196,Sleep stage R
0.5687884188144623,0.3780572182396717,0.3682055817548962,0.3660646072081657,0.3651719542258545,0.8455275191282546,1.2058705534940557,0.4105297196196054,-1.4321597591675932,3.0926858070780443,-0.17868800902309892,-1.076344784426627,0.8361056248437485,Sleep stage R
0.36526746100083457,0.1213758396627636,0.11259113219890024,0.11069392237608933,0.10990554867331119,0.6830745739397447,0.6231407739956928,0.20458347135530927,-1.1978088685575823,0.4416037205597769,0.020018002881933637,-1.050374211021974,0.8361056248437485,Sleep stage R
0.6776901263704709,0.15176571698587976,0.13455255723232176,0.13084801285952158,0.12930026579067502,0.7411147838730469,0.2678711804637364,0.2756275341110654,-1.4803310784550157,1.4908058855030184,0.5430996486112549,-1.0121272185109171,0.8361056248437485,Sleep stage R
0.8527287415050259,0.6783764434080074,0.6676727203421102,0.6653439584319978,0.6643576451700638,1.0258553730351208,0.5858108242172867,0.6650459279369136,-1.4087221132568566,1.6685983983246848,-0.2634604030302548,-1.0643861758263202,-1.3821624492355877,Sleep stage R
0.9560994717375138,0.5471715622936826,0.5306194249631877,0.527041188767674,0.5255365223983524,0.9703470516394336,2.462306917322549,0.583783359289922,-1.4388472105391596,2.0263244806356,0.05462993617751799,-0.9868540975371158,-0.2730284121959196,Sleep stage R
1.0095653694286648,1.1903589163469919,1.1929194326199968,1.1934387445514032,1.19364869581747,1.3163956723366443,1.3259286377296735,1.1324527502425572,-1.12345263674155,0.5219117433428766,-0.6111898066297541,-1.0606051720322267,-1.3821624492355877,Sleep stage R
1.1543105852845863,1.601917630818476,1.624421071692341,1.629274563101935,1.6312980116715372,1.545042607848169,0.025649585796545735,1.5500496992709896,-0.9539525078879675,-0.20189218348260496,-0.7667716656066522,-1.0365063272657777,-1.3821624492355877,Sleep stage R
1.1335767475026506,0.7276211761626161,0.7198831753374975,0.718231572576903,0.7175520023296177,1.153512364521215,-0.9034653966582652,0.8616995496092141,-1.3050873672521939,0.24283204045445064,-0.034317491426153646,-0.8423365852319223,0.8361056248437485,Sleep stage R
1.234121947163625,0.674705438766847,0.6563830198936715,0.6524172879133556,0.6507691516191525,1.144736279039545,-0.5597039350830765,0.8477278764561632,-1.3519406509569938,0.9188798313226362,0.170251350190661,-0.9135048228874539,-1.3821624492355877,Sleep stage R
1.5630646724007955,0.8751247733252758,0.8527893721692639,0.8479722929149582,0.8459597422485775,1.2462686838366286,1.4043311470748683,1.0131342073480105,-1.588080421743712,1.330296802887904,0.2121770875548992,-0.8968928391097228,-0.2730284121959196,Sleep stage R
1.6998302841982578,0.45002181681798364,0.42085319001770677,0.4146147037669327,0.4120007477079982,1.1240572480302866,-0.7052186645558696,0.8150798209198431,-1.615630269046405,1.5386942100413792,1.259319720784848,-0.8036758033021043,0.8361056248437485,Sleep stage R
1.4423919469247815,0.6502035583060181,0.6266035294748715,0.621518787611073,0.6194055420740328,1.1568042373159935,0.01325896324583371,0.8669408374146838,-1.4723647641894273,1.1555952392005833,0.45424129872691604,-0.9734054983528797,-1.3821624492355877,Sleep stage R
1.291542548021254,1.0622317662733916,1.0478719773774592,1.0447445780080664,1.0434290413235618,1.266203751985878,-0.10117190046766482,1.046637699716375,-1.4015699312909573,1.179384776073123,-0.26142866165913387,-0.9846470692220779,0.8361056248437485,Sleep stage R
1.4462320838559288,1.136487092703934,1.1218719349975663,1.1186905659075252,1.1173479611083648,1.3179273685148152,1.8309839593979942,1.1351054083706578,-1.205983991192548,0.7922805142683018,-0.20550255883360086,-1.0717380356192232,0.8361056248437485,Sleep stage R
1.175987661523571,0.9457526812834788,0.9390511828645624,0.9375917277723783,0.9369824188432659,1.2632760714297273,3.573452725147773,1.0417075920173515,-1.1192079994187503,1.063889577867113,-0.25439590807917134,-1.05194024448547,-0.2730284121959196,Sleep stage R
1.2745110706615517,1.4518814051071576,1.4550347257892446,1.4556798885131008,1.4559420972259551,1.433088266944269,3.0250021575941184,1.3400974651243656,-0.955964228172851,-0.48465028851322567,-0.5924737906483203,-1.0648677540490927,-1.8007981606282735,Sleep stage R
1.1703283425206064,1.30023648583422,1.2999782167934544,1.299883109291579,1.299835285578597,1.35221006257374,2.7959736829218276,1.1949595007252232,-0.8421214472066548,-1.008613585508014,-0.5641617641880623,-1.0238882593363285,-0.2730284121959196,Sleep stage R
1.4929335826770134,0.9435124768801927,0.9196388003733431,0.9144614771446722,0.9123176381950715,1.3030845796618176,0.2699558937027751,1.109482461052867,-1.3560903802073943,0.6321517689471444,0.058411542439686416,-0.9197957230028163,-1.3821624492355877,Sleep stage R
1.3634256453145877,1.4729245887213902,1.474886657531031,1.4753024858255666,1.4754784707084283,1.531314961873307,1.817819141380671,1.523746207615146,-1.1136735431176237,1.2178574624624545,-0.5450447267034155,-0.9994849627685252,0.8361056248437485,Sleep stage R
1.3367628380990093,1.0762044865415663,1.0636422112565858,1.0608967711077641,1.0597456869767012,1.279831411966318,0.4443003538180727,1.0697361171430348,-1.081711076803198,1.1213058273425345,-0.2392955889332089,-1.0440060548283212,-0.2730284121959196,Sleep stage R
1.2336942596548006,0.8020158926598668,0.7960360557899077,0.7947607628789056,0.794232352520522,1.2255097609832497,1.7197254454742321,0.9786250998006559,-0.970302946433178,-0.9249749722265397,-0.03460762570984021,-1.0602052261801995,-0.2730284121959196,Sleep stage R
1.2331111451409642,1.220423341849593,1.219653871080292,1.2194741906291644,1.2193943553406483,1.360093310994564,-0.285067522896078,1.2088623431620547,-0.7214147606276615,-1.3929634676325175,-0.45900724373978663,-0.9661040646948911,-0.2730284121959196,Sleep stage 2
1.2257339407818135,1.063437943286607,1.0564258611167527,1.0548876349640652,1.0542297316920952,1.2913616361312241,0.20837908333880895,1.0893947268852728,-0.998590813323569,-0.886207327275516,-0.32612099718383486,-1.0440780677446289,-0.2730284121959196,Sleep stage 2
1.3050234331640225,1.059922544695881,1.0485449886024265,1.0460684193338547,1.0450215104242948,1.2673086545637613,0.16017416606159166,1.0485168388459107,-0.7821906812778696,-1.4168341306192624,-0.2514043607477101,-1.0299829137770908,-0.2730284121959196,Sleep stage 2
1.3413606441887347,1.0441263371145633,1.029272401488033,1.0260383102076722,1.0246791941424966,1.2573611128393893,-0.18234167886229538,1.0317535199232006,-0.6346928520333355,-1.7479998925559521,-0.20083793147221107,-0.7667711125936989,0.8361056248437485,Sleep stage 2
1.0748157670349687,1.2840251894501862,1.2874259318722294,1.2881271668883707,1.2884078032836415,1.3484031151759421,-0.4033676116567747,1.1882711397335708,-0.9972182336720273,-1.4485286779001603,-0.6261623354408308,-0.9227137739194241,0.8361056248437485,Sleep stage 2
1.152888177389288,1.3010151140972528,1.3026673076370752,1.3029872053440685,1.303121752052077,1.356285784576629,2.8682543435004897,1.2021499617245421,-0.8247537321066551,-1.572759317833382,-0.5789852281011973,-0.8953162825990297,-0.2730284121959196,Sleep stage 2
1.5186096997981633,1.5287510442087349,1.5220637065448728,1.520573424246784,1.5199394592628197,1.482633934168298,-0.6344327325258547,1.4317062189652054,-0.5440670910107759,-1.9750371390273345,-0.47161352030938153,-0.823414236499131,-1.3821624492355877,Sleep stage 2
1.4099303290347003,1.3362424932189807,1.3313384175446044,1.3302536427623652,1.3297784724884476,1.3878869408524854,0.6024491030014129,1.2583083087930682,-0.8333203700976195,-1.744052736798553,-0.4125467296337603,-0.801617431380194,0.8361056248437485,Sleep stage 2
1.3974672243709352,1.3521355531852244,1.35027365930228,1.3498509584716156,1.3496541719237962,1.3883519663456951,0.08326852532925953,1.2591422065514242,-0.9622440540687569,-0.5025271281890055,-0.43597242499365085,-1.0278727207853702,-1.3821624492355877,Sleep stage 2
1.1592485857922614,1.0211492630316383,1.009454666514182,1.0068886332849936,1.0058174472054546,1.2347227517900026,2.1414759052107706,0.9938971289192989,-1.0025004153287302,-1.1904901852091847,-0.3376268963561175,-0.8734758811510986,-0.2730284121959196,Sleep stage 2
1.428560317869609,1.212578773604734,1.1980295989670515,1.1948435227142236,1.1935190865556449,1.3798895700266216,2.617863920269316,1.2440270818439134,-0.9127405127129397,-0.20956931251424385,-0.2890793758650188,-1.0478543735274242,-1.3821624492355877,Sleep stage 2
1.5817600443456303,1.1503750036613194,1.149360976691697,1.1491484920695998,1.1490417093233627,1.404404904888069,1.1457969695755434,1.2879885134014342,0.6945124859115247,-1.4502735600958505,-0.12701233412347734,-0.440199107845183,-1.3821624492355877,Sleep stage 2
1.0644939464327798,1.2016540801020124,1.2037576485897548,1.2041849936259594,1.2043587090387518,1.310541256780397,1.2074732536877804,1.1223226383127463,-1.4933425969943672,2.2878156760092687,-0.5765010504652408,-1.0530225488215619,0.8361056248437485,Sleep stage 2
1.1095660121249524,1.0616675835704492,1.0548541081096425,1.0533383270531578,1.0527160190327545,1.2684889238885957,-0.008272104742158552,1.0504951853734934,-0.7601769995919136,-1.2873827720967959,-0.4217447460787282,-0.8973656139069767,-0.2730284121959196,Sleep stage 2
1.2436557624224536,1.0899561327270537,1.0826882556459498,1.0810979829710026,1.0804342971196286,1.3308088202376296,-0.10980827135193343,1.1574738735973424,-0.4008912172299971,-1.9403618819130288,-0.33521500203570187,-0.7616839099706216,0.8361056248437485,Sleep stage 2
1.6381203543549379,1.4516174423077244,1.43875374653622,1.435927642240097,1.4347544091844138,1.4688783776209509,-0.32283454704991776,1.4060725838253016,-0.48006970438530094,-1.8240621413389413,-0.3322790249376879,-0.7585487073455818,-0.2730284121959196,Sleep stage 2
1.3907629645792765,1.19921054405353,1.185484169476745,1.1824780288152985,1.1812282897539605,1.3690773165156247,-0.9972527709318597,1.2247816284392787,-0.9509012800370241,-1.317925323801116,-0.30755192904259526,-0.8454002403126047,0.8361056248437485,Sleep stage 2
1.3570770566568788,0.9796234487676704,0.9608539412107824,0.9567633350308762,0.9550768472109382,1.2569267518157798,-0.29850759234607527,1.0310165062469305,-0.8778668937298673,-1.3286336650927504,-0.11359634521083291,-0.7928066105815259,-1.3821624492355877,Sleep stage 2
1.4317382539363115,1.2471103571810915,1.23394550259513,1.2310603773990563,1.2298624019325588,1.4056145397077324,-0.7098740027794009,1.2901779839130851,-0.9362308284099436,-1.2236699379053328,-0.31767730635587793,-0.813111248768228,0.8361056248437485,Sleep stage 2
1.5111591138855387,1.204980790231145,1.1855780344654334,1.1813406964519526,1.1795855985990742,1.3874267814023757,-0.7365229064722298,1.2574860975928528,-1.0358121728533203,-0.9184376459164173,-0.21303769283405025,-0.8913176974411596,-1.3821624492355877,Sleep stage 2
1.4417895196169177,1.2324790729754338,1.2165842423478987,1.2131074638172477,1.2116570141586382,1.3517411571931337,0.6847309270897102,1.19414375786561,-1.199838265477379,-0.9302566544219326,-0.29476387597596954,-0.839852676713497,0.8361056248437485,Sleep stage 2
1.5019948014359439,1.2445641563624192,1.2293318112953104,1.2260092221877377,1.2246118786726403,1.364754366655823,0.23078364786013125,1.2171087491241255,-1.2153695767357484,-0.9279925037331103,-0.2601474109120719,-0.8588986851346926,-0.2730284121959196,Sleep stage 2
1.4683950281783007,1.1196580608892988,1.100067376525005,1.0958035643081923,1.094023068761854,1.3212178153747176,0.20226517345463144,1.1408072813984422,-1.0584825329102532,-1.3225743576964477,-0.1652178433106775,-0.7452591181210126,0.8361056248437485,Sleep stage 2
1.5745709567709065,1.1298252524375214,1.1056931237881906,1.1004400849704905,1.0982652515496258,1.3401780584528933,0.36350421063873856,1.1738422011494571,-1.0557298943907174,-1.1893688474233508,-0.08350083012217561,-0.8684524251288988,0.8361056248437485,Sleep stage 2
1.5347727344156528,1.1535532629789613,1.133311397507224,1.1289114495684827,1.1270613723967364,1.3419556560253707,-0.1285556069681861,1.1769644966050814,-1.358531129853864,-0.837351795474289,-0.14442336521555088,-0.8611970549591358,-0.2730284121959196,Sleep stage 2
1.7619559937771019,1.2025349554510096,1.1756091505815962,1.169760271661986,1.1673279640987189,1.397144684362816,0.28230436786419055,1.2749315177927087,-1.275487500581108,-0.9730702177377872,-0.006231726212364164,-0.8524820916510252,0.8361056248437485,Sleep stage 2
1.5759837692474272,1.1320778774870435,1.1094743106701517,1.1045625187439458,1.1025094127324504,1.3526062269323178,0.22227379820483292,1.1956581955910668,-1.5998331054297983,-0.5149356119244237,-0.08662255375649304,-0.8687879517339956,-3.600430523314924,Sleep stage 2
1.618518848567401,1.123886260684785,1.0993485366788893,1.0940192389714494,1.091797228484863,1.3357804439037486,0.04417962959954989,1.1661485088639851,-1.3217950019182516,-0.7687211092013532,-0.040950480917656656,-0.928505761381962,0.8361056248437485,Sleep stage 2
1.5508322008136455,0.9613207149323952,0.9342404680083382,0.9283633481433643,0.9259268763268446,1.2925448860968602,-0.3335446424222999,1.0914005204575634,-1.4567210221963947,-0.7823649279921798,0.09336322238176825,-0.8828199143979183,-0.2730284121959196,Sleep stage 2
1.7281177870214606,1.0983940082183574,1.0698324864563376,1.0636387213343867,1.0610662619171207,1.393448879394966,0.14911362453395458,1.2682820479170325,-1.4816977181384705,-0.7647262831053994,0.08305382096319924,-0.86936167992256,0.8361056248437485,Sleep stage 2
1.4732489203343546,1.0149650454103243,0.9918235933909384,0.9868017164089434,0.9847054524523208,1.2761902780577958,-0.3621862337068141,1.0635553324882991,-1.5606566036839937,-0.5925196318084119,-0.04538050545982029,-0.8838263341220164,-0.2730284121959196,Sleep stage 2
1.6574754287088125,0.9928815004171362,0.968100153812379,0.9627449297937949,0.9604903377008241,1.2977737824741398,0.5494941258469846,1.1003660402129882,-1.6996866925472625,-0.3258343075574758,0.14493587291399426,-0.8761920564181166,0.8361056248437485,Sleep stage 2
1.5800112059114377,0.9405283006353655,0.9139137568179088,0.908158569497832,0.905749946376987,1.2646899720768523,-0.4405541296811165,1.0440832582704132,-1.5564451248585631,-0.499707223338675,0.14591591272285306,-0.8987439713603502,0.8361056248437485,Sleep stage 2
1.8589467583690842,0.9456805390579092,0.9127959768629966,0.9056985242678911,0.9027374698074078,1.3143961664777637,0.35686619191299446,1.1289824847923828,-1.7371840721765894,-0.23515415318543428,0.40445590178051466,-0.9181441782968958,0.8361056248437485,Sleep stage 2
1.8054507487063896,1.1150420968692625,1.0881718628958301,1.0823625247061077,1.079921263250078,1.3617574101984744,0.10557784120641202,1.211813529625298,-1.7880156052026317,-0.04961011912669605,0.12512277946179337,-0.8994237808526486,-1.3821624492356026,Sleep stage 2
1.4584808491441241,1.0178858046629575,0.9944100606746951,0.9893077064526594,0.987179549199732,1.273644097098873,0.8134005675014322,1.0592265952723106,-1.699403270060602,-0.16516507993188675,-0.061040303901115193,-0.905734686937875,0.8361056248437485,Sleep stage 2
1.6199713563079043,1.1449999193508666,1.121162847446483,1.115987266155662,1.113825342576954,1.3635038010430398,-0.5356803975716066,1.2148945780863158,-1.7370343833722763,-0.2972822290298388,-0.06291870156606431,-0.8960819320658607,0.8361056248437485,Sleep stage 2
1.6682919503762603,1.1389028448669687,1.114164608010835,1.1087961310532448,1.1065548687068993,1.3488195283668691,-0.5439168579280015,1.1890055324539208,-1.8509210926108324,0.31131033554635057,-0.01631440137561009,-0.9620705030894464,-0.2730284121959196,Sleep stage 3
1.8495086289787503,1.114017638879755,1.0841316987361749,1.0776709645587703,1.074961297925384,1.387032524948669,0.5317006741154401,1.2567897477707999,-1.713506727713077,-0.14146925540476113,0.16691386484192977,-0.9392292351974534,0.8361056248437485,Sleep stage 2
1.6768136532773672,1.3486695858808107,1.334322791750329,1.3312194998264273,1.3299017326965035,1.4580490427965944,0.11830723893358058,1.385997251242978,-1.8469335761891303,-0.019361982390915397,-0.22170532492204273,-0.89292856607455,0.8361056248437485,Sleep stage 3
2.1000029469039476,1.154585377429072,1.119876404588533,1.112381585434226,1.1092536390050738,1.450905542328988,0.5680921615043266,1.372815792614076,-1.861335194913339,0.06680691339895896,0.3284018310684771,-0.9452086903030955,0.8361056248437485,Sleep stage 3
1.6724153019874808,0.8742654188416351,0.8421708111707071,0.8352310638765765,0.8323478273025697,1.2645005094343258,0.42023932806963327,1.0437695679290135,-1.8080762000538821,-0.09269270338112719,0.33519091011800667,-0.8644298307258612,0.8361056248437485,Sleep stage 3
1.8040823468153986,1.0818752356209027,1.052724148656149,1.0464228613751243,1.0437749218818606,1.3516714564260337,0.17895593801993148,1.1940231732957578,-1.6234189781691486,-0.42546457488098216,0.1669286571799965,-0.8942190822263212,-0.2730284121959196,Sleep stage 2
1.8063346755538379,1.0164508240565595,0.9841514204404184,0.9771647613985789,0.974255904112754,1.3393793614684895,-0.361396860710589,1.1724511891707274,-1.8901978113405449,0.38015746348051777,0.2570127593360858,-0.9299237316501086,0.8361056248437485,Sleep stage 3
1.9780261246717714,1.060564510846554,1.0240859642167668,1.0162041767526788,1.012921819238948,1.3883090836438505,0.2471732726220462,1.2590625273811573,-1.847990461518395,0.2210110160762458,0.3530617658753165,-0.9372786678379259,0.8361056248437485,Sleep stage 3
2.0694503782817373,1.188935739440254,1.1525092349851553,1.1446304692836409,1.1413501250565494,1.4607828675710464,-0.09102441960512309,1.3910471866860616,-1.9273065461826873,0.3452882364534206,0.2640905407466763,-0.9028032691185938,0.8361056248437485,Sleep stage 3
1.9556049507353606,1.0209123795933353,0.9860432442040121,0.9785126428507793,0.9753737670043384,1.367211831536369,0.3087249033776964,1.2214673507366423,-1.853854255665328,0.22346130606172204,0.3857056725175625,-0.9794868530019271,-0.2730284121959196,Sleep stage 3
1.9061348042193476,1.0833445918724107,1.0508529722438535,1.0438330539687437,1.0409018637338383,1.3949388363841047,-0.08133332009927202,1.270969386947392,-1.839754631671251,0.06515836043992516,0.255839611726137,-0.9330568506119743,0.8361056248437485,Sleep stage 3
2.350877207249421,1.231087820031004,1.1888139854805682,1.1796848874817714,1.1758894985514976,1.5134119753369388,-0.15315429245332912,1.489678838563846,-1.9320943569980786,0.20059148314631997,0.44139367349317987,-0.9232501425318428,0.8361056248437485,Sleep stage 3
1.9155217982202797,0.9187477916837641,0.8858010862809925,0.8786867544806237,0.8757371183124769,1.3432744174400648,-0.19417727121043193,1.1792666322889052,-1.9669292313161875,0.4016355418957601,0.4979704854997905,-0.9351950053515358,0.8361056248437485,Sleep stage 3
2.2204022409321555,1.1039318450871818,1.0625268210231174,1.0535857582319994,1.0498769094652498,1.487275515908897,-0.03880166952424688,1.4403991274527954,-1.8703077048281644,0.22474132645711425,0.5060202670179809,-0.9520661438906629,0.8361056248437485,Sleep stage 3
2.2613526423387307,1.2759905515522159,1.236210174952155,1.2276035619166004,1.2240283436308437,1.5067866778182377,-0.4820487416214321,1.4771231457866771,-1.938767452822412,0.46523442040067775,0.31374437877148764,-0.9095458488712423,-0.2730284121959196,Sleep stage 3
2.0496550234917077,1.0011625306304428,0.9639949012307729,0.9559819952925455,0.9526412407643702,1.3844415069787726,-0.30730480483414657,1.2521467352781448,-1.9919382368092393,0.521543315322477,0.5012067174267824,-0.9569764020904877,0.8361056248437485,Sleep stage 3
2.0573177997077923,1.0627998889373966,1.025231536331327,1.0171164207734986,1.0137371283802052,1.433527007973108,0.19496576525537207,1.340902022172233,-1.9562526952345858,0.9241638618642749,0.41952088654451547,-0.9339869208868019,0.8361056248437485,Sleep stage 3
1.9076101147004036,1.0459779905869142,1.0090689776937674,1.0010796111212954,0.9977696930912977,1.3770775412950378,0.32175814715762646,1.238998196368799,-1.9372246441477998,0.5615113519857085,0.31303276379360373,-0.966423929246012,-0.2730284121959196,Sleep stage 3
1.888473798365701,0.7903582556373767,0.7560332164282977,0.7486550051150653,0.745561360957102,1.286242415979507,0.6510620680465422,1.0806437677670022,-1.8634291108290448,0.30190389978584914,0.6940323304584965,-0.9252355878693638,-0.2730284121959196,Sleep stage 3
2.211222066084646,1.2008099183472873,1.1643294464930296,1.1564434886973647,1.153169819456164,1.4894393717253775,0.45164948891973034,1.4444738020595802,-1.997486669737062,0.7124160163084593,0.3615726925185494,-0.9653524394751574,-0.2730284121959196,Sleep stage 3
1.9471832191500247,1.0284008831870373,0.99291772891915,0.9852517956696648,0.982054757672813,1.376380571918467,0.10532047002216646,1.237758115439635,-1.8732346392354395,0.3636170261824265,0.3689394618006359,-0.902295552834959,-0.2730284121959196,Sleep stage 3
2.1279982273794067,1.2161381531834783,1.1794608781659066,1.1715313095961912,1.1682253723494067,1.4736272596490567,-0.24021089752746394,1.41490943102184,-1.990905848003882,1.0305528745275594,0.2778190638944486,-0.9898963075765851,0.8361056248437485,Sleep stage 3
2.1056882990269554,1.175944300816014,1.1377160446867798,1.1294429384329254,1.126015639674862,1.4632110598324424,0.17363995707898366,1.3955515205905684,-1.7837177127981299,0.22465371542835394,0.31155899429414957,-0.9345761680377526,0.8361056248437485,Sleep stage 3
1.8631385269860128,1.0227934840464863,0.9899115653488195,0.9828082385664436,0.9798421513576887,1.359876104400043,0.19058521965881703,1.2084761880413244,-1.9394042067856387,0.6710836113361082,0.2990725220870732,-0.9332717708086408,-1.3821624492355877,Sleep stage 3
2.0894710451902054,0.8233234785100703,0.7842279811278217,0.7758046570065479,0.7723206585830606,1.341352319866477,0.13009602816039392,1.1758913071802206,-1.8317654704139092,0.3440898484610105,0.8453129916265287,-0.9203634728808409,-0.2730284121959196,Sleep stage 3
2.2329079497332214,1.200328373472358,1.1605224028274814,1.1519237549451888,1.1483406753474883,1.4987283304697963,0.5425355949417964,1.4619304613046844,-1.969592847326965,0.8676195496302335,0.38437652804718436,-0.9547519656573394,0.8361056248437485,Sleep stage 4
1.9138127727145324,1.3061643099298013,1.2769104201235053,1.2705608966845212,1.2679120467833767,1.455970213541921,0.2770061129595001,1.382160538880168,-1.9112973676639173,0.5393117939825361,0.0067988584382173405,-0.931192642054222,0.8361056248437485,Sleep stage 3
2.30429000069085,1.312468904555682,1.2720875684309993,1.263355218065545,1.259726544712087,1.5325113129108385,0.09466220571900581,1.5260390766077374,-1.9392315027611577,0.6941272107573921,0.3042514093887813,-0.9479312468265776,-1.3821624492355877,Sleep stage 3
1.9493325658140015,1.0318911086646214,0.9988062390411798,0.9916631948481126,0.9886848115931015,1.3854356958988383,-0.17772319243270646,1.2539257533797303,-1.8938651128329653,0.52320892272211,0.3619221199479165,-0.9278967334879763,0.8361056248437485,Sleep stage 3
2.0414341780873895,1.156333661980156,1.125083202247062,1.1183342853942824,1.1155142842443437,1.4385101117182624,2.1711591622069903,1.3500120432045937,-1.7807390794990856,0.42982784743664376,0.273771612803527,-0.8635563925938419,-3.600430523314924,Sleep stage 4
0.7846128090965218,0.7524014665072724,0.760401887609552,0.7621934766034468,0.762956383787662,1.428839382748577,-0.9772180096843756,1.3323354727083123,-0.6272018035346323,0.12177280145402027,-0.44456730774708203,-0.5344436946846862,-0.2730284121959196,Sleep stage 2
2.09126755216057,1.3564147313137838,1.3249394043226783,1.318117876351151,1.315280546303391,1.522066335134947,-2.1699085061304486,1.5061079704450928,-1.1985209893113251,-0.8155323641148422,0.08894055503254591,-0.9811687747604969,0.8361056248437485,Sleep stage 2
2.2628023672735016,1.2520826730001,1.2152840086629084,1.207346282692724,1.204041103512433,1.531977245791314,-0.8698130201793003,1.5250029080265546,-1.6173219497164495,0.7522237549338203,0.33902653275098876,-0.9913283150627485,0.8361056248437485,Sleep stage 2
2.1126788307646307,1.4016982968793563,1.3770173678280564,1.3716907399229197,1.3694589178452319,1.5823434371613707,-0.03885458104754231,1.6223268719123167,-0.8616152415160611,-0.8016936740889665,0.05128154434727185,-0.9177230598679263,0.8361056248437485,Sleep stage 2
2.0911544965768014,1.1546038690434257,1.1217969213537833,1.114720284159607,1.1117714226933944,1.4700031650769878,-1.1873046820106286,1.4081628439427782,-1.5479185543009062,0.832272094787189,0.31831640710938913,-1.0019172476820664,-0.2730284121959196,Sleep stage 2
1.9972948039523422,1.2417938505120936,1.2121388278389833,1.2057222318629486,1.2030510875627272,1.4647355697743123,-0.7867792666944047,1.3983768218764099,-1.472001065512901,-0.5757573584590324,0.13745935585427588,-0.8786688645368389,-0.2730284121959196,Sleep stage 2
2.2342009865957553,1.1855467379478677,1.1487340105051131,1.1407907251456313,1.1374917536003892,1.5338146493691132,0.5055208520979705,1.5285291377370203,-1.656992332995047,1.139208465829718,0.3996253523892313,-1.0139576182101704,0.8361056248437485,Sleep stage 2
2.10915541129668,1.4024309921552656,1.3721818792407618,1.3656204114105983,1.362901395410184,1.594343813035018,-0.622931316187309,1.6458391176665987,-1.4569665295729024,-0.20669061284651474,0.05467145758402032,-0.938926227375049,-0.2730284121959196,Sleep stage 2
2.6026543283719787,1.7014822743287386,1.6750226446383218,1.669291827410358,1.6669343044280787,1.761212855851013,-0.6259249213320047,1.9851710777176748,-1.2884615395114145,0.023173810213964804,0.1012180162785439,-0.9736838871308003,0.8361056248437485,Sleep stage 2
1.838696009959129,1.207016497880152,1.1778765734095928,1.1715516370324186,1.1689258871950088,1.4414585012154792,-0.2473799863768867,1.355428853069855,-1.4194912891289264,-0.6109577278952978,0.051843881363498226,-0.9208205553717954,0.8361056248437485,Sleep stage 2
2.2358308401628935,1.7668375661049887,1.7376791864787278,1.7313175685678075,1.7286906693400188,1.6880458471831856,0.021404724077161093,1.8335107246043156,-1.331454920604634,-0.6885536127086721,-0.16978362678545442,-0.8284384828741591,0.8361056248437485,Sleep stage 2
2.360411092232604,1.681480373470119,1.648982703008602,1.6419232273894975,1.6389854515638325,1.6877235854226333,-3.256754836930284,1.8328504663339587,-1.4310864243871095,0.05960056271207702,-0.025099456423432854,-0.9440990928074455,-0.2730284121959196,Sleep stage 2
2.385845582325496,1.5907296654653478,1.5593435964222673,1.5525507757564951,1.5497086790285022,1.660360350167621,-0.08544865229004568,1.7772904350209355,-1.3290789901089477,-0.8823715304096592,0.06736751273053153,-0.8487907749066728,0.8361056248437485,Sleep stage 2
2.1669081451720325,1.7547319879164744,1.730352966779783,1.7250390261103443,1.7228193704973411,1.6546555611930314,-0.4264866040615431,1.7657918497855023,-1.432227069006946,-0.31442864327146647,-0.20645371037302623,-0.8949722058741836,-0.2730284121959196,Sleep stage 2
2.0987408821961417,1.4388777511819295,1.4121142731212184,1.4063089584758457,1.4039120152798577,1.5959707424894982,-0.9157750449739209,1.6490437964250082,-1.2668465033450933,-0.10568806834061575,0.008784356670970337,-0.9836605176654215,-0.2730284121959196,Sleep stage 2
2.0185422020144523,1.6218444377205543,1.5950541141495156,1.5892012587401292,1.5867901008824694,1.6075479377884014,0.24991480492603615,1.67182970641998,-0.7039431475013683,-1.6389032219654889,-0.19797775817941235,-0.9119397410215943,0.8361056248437485,Sleep stage 2
1.9044796086067917,1.8315644165452687,1.8239038081214478,1.8222149430464623,1.8215131520019914,1.7417776684573631,0.21900170968152657,1.9444529833832769,-1.5341962714371202,0.13328982890675725,-0.42376181865589463,-0.7620377636986552,0.8361056248437485,Sleep stage 2
2.103429166053697,1.8354103997781734,1.8180307889995069,1.8142347029492472,1.8126329036888924,1.6736140930884276,0.20008079441911733,1.8041129440423052,-1.3462248494657507,-0.40359465935636346,-0.3042743859604809,-0.9197432750303668,-0.2730284121959196,Sleep stage 2
2.1628302471234546,2.101293807505932,2.08977882597286,2.0872390181667964,2.0861761835909,1.797942985018349,1.0381061606413453,2.0630006340080267,-1.1461635341326322,-0.8837402187291894,-0.4323129621122626,-0.8081753750910479,-1.3821624492355877,Sleep stage 2
2.439564879550635,1.9296383039900908,1.902294028733853,1.8963236400572974,1.8938709595763903,1.8082921978274702,1.1336836337491996,2.085152315840562,-1.2702034748600135,-0.9496319595919163,-0.16810551883617858,-0.9263965296057246,0.8361056248437485,Sleep stage 2
2.050648720981977,1.8723099549618767,1.8581358555845606,1.8550128024694492,1.8537327803615338,1.748442385839933,0.07764005322742377,1.958370485421435,-0.8772906509564695,-0.5181482422820395,-0.3601501393819356,-0.8379874607795593,-2.4912964862752704,Sleep stage 2
1.8825555343108835,1.7141070285996383,1.7018556904607511,1.699161385155595,1.6980361123470937,1.6216268738380115,-0.1484157241654674,1.699724961220664,-1.5415725463669354,-0.22527140548942368,-0.35983530038516787,-0.9543099948013523,-1.3821624492355877,Sleep stage 2
0.6769099714091855,0.30448129560530407,0.2905196220368342,0.28750093656450665,0.28624439758040193,0.8976619965854048,0.623199651763355,0.48129171011136673,-0.982096082242932,-1.2448945040387462,0.13111490095840075,-0.8291509034080289,0.8361056248437485,Sleep stage 2
1.6581427617648452,1.620500635672224,1.6333145470162544,1.6361408159120308,1.6373542907106406,1.7648851160985501,-1.486243920643823,1.992906980238479,-1.1857376558031734,0.22899189967206035,-0.4569491955141833,-1.0284727780147234,0.8361056248437485,Sleep stage 2
1.8599490065342457,1.2391353211573384,1.2166178113882873,1.2117415539666199,1.209706294426751,1.4611630942932154,-1.4990689936927446,1.3917585899710023,-1.2795360062017362,-0.2936319629776575,0.02591989498163447,-1.0425310418458893,0.8361056248437485,Sleep stage 2
2.600460606754607,1.599608559235661,1.5589067552587637,1.550097623458056,1.5464321480011778,1.658224831028145,-0.3842471752507887,1.7729799310509302,-1.4094753027333644,-0.49182824147006066,0.20822231804005809,-0.8487533436490465,0.8361056248437485,Sleep stage 2
1.2748022979975924,1.2443539445400884,1.250083034652133,1.2513474541458578,1.2518882269425904,1.559007795727021,-3.1190096829212486,1.576959696174737,-1.146080047291444,0.9573414405868971,-0.4519510800371049,-0.7048991065377876,0.8361056248437485,Sleep stage 1
1.7794018620639966,1.4099712497705978,1.392739889725787,1.3889906243021564,1.387411910258577,1.4587967979540453,0.4949090862285741,1.387374741346377,-1.5696900891845889,1.4236367291611614,-0.19769300235053777,-1.0130199109189655,-0.2730284121959196,Sleep stage 2
1.7980255057301207,1.5582973716139172,1.5417961141628072,1.5381905396201068,1.5366739685131243,1.5092798116507191,-0.7108219454691199,1.4818555750295652,-0.9414382835023232,-1.3880041677853296,-0.3015881443542162,-0.9282881068910374,-0.2730284121959196,Sleep stage 2
1.837541021423134,1.5236834890609687,1.5097394816641587,1.5066905897700684,1.505417417824778,1.5859035864507585,1.0993080413763023,1.6292861334506223,-1.2145045659145508,-0.32373231498500976,-0.2522090900239216,-0.9430893020471314,-0.2730284121959196,Sleep stage 2
1.9104118009318314,1.3506097633832812,1.3230452307424947,1.3170444844578206,1.3145649025548405,1.494612159600138,0.12994417511102874,1.4541673572070444,-1.3297581707380612,0.7684150781181179,-0.04072634502274333,-0.9853954709295157,-0.2730284121959196,Sleep stage 2
2.0912898888866183,1.6023725052518958,1.5798080621680952,1.5749069631930426,1.5728530122840114,1.607426319586429,1.0301821279992835,1.6716156903144292,-1.0487294468228978,-1.3156838089045957,-0.14058484237270538,-0.7447328121133627,-1.3821624492355877,Sleep stage 2
1.9324173430754203,1.3097272445339878,1.2812938891743773,1.2751282150592527,1.272552919799331,1.454151097964808,0.5507364902530915,1.3787922218768014,-1.1287560747429948,-0.692441628324333,0.016024236023112877,-0.977668565043607,0.8361056248437485,Sleep stage 2
2.191371027398015,1.6179789277173038,1.5972409443588373,1.5927406838893399,1.5908493140556277,1.6278662340985215,1.443914558319253,1.712137271932741,-1.4506561228117782,-0.4991238190590627,-0.09113327062698319,-0.87853821864379,-1.3821624492355877,Sleep stage 2
2.1255114508365813,1.5236447525279035,1.492849848784859,1.4861575231375845,1.4833678204612757,1.5662701948296645,-0.24199931846592618,1.5910348921966406,-0.8209458838901921,-1.6181360112243994,-0.04473675537047992,-0.9015471578924774,0.8361056248437485,Sleep stage 2
2.1113083877843097,1.6447600972806289,1.61747949650595,1.611522941194146,1.6090603665161063,1.6330703082040479,-0.30546570059448386,1.7225161672858167,-1.0760574311940145,-1.2747021948985315,-0.15646756611680074,-0.9597969837662158,-1.3821624492355877,Sleep stage 2
1.8662529013947289,1.2499834446781704,1.2246459169944288,1.2191555380025536,1.2168694640943256,1.480548988996558,2.1199957888246925,1.4278112750556184,-1.3826756653319132,0.14287310984684812,0.023077816522291347,-0.9317003301637892,-0.2730284121959196,Sleep stage 2
1.8843622702825036,1.156562341966276,1.1282482680794441,1.1221226569660967,1.119569310539376,1.446273759979445,0.6321115885700372,1.3642600974018035,-1.5584517165750809,0.9471641056073251,0.14300671212058128,-0.9886976414593022,-0.2730284121959196,Sleep stage 2
1.8609607658758482,1.3254400198021612,1.2995770806491267,1.293965028339204,1.2916232033155843,1.4567017566036649,0.23790310209752963,1.3834994991938698,-0.8069536693719833,-1.615560159872428,-0.05482601923854008,-0.868968144338494,0.8361056248437485,Sleep stage 2
2.3104236426429123,1.6612241090672515,1.6291703493730774,1.6222090744075426,1.619302904594252,1.6640013631346189,1.110516441052143,1.7846471162300304,-0.9022780512499677,-1.5674724143059542,-0.04011008031923593,-0.8538414027845699,0.8361056248437485,Sleep stage 2
2.3335664695468856,1.6974730684207726,1.6654859254660797,1.6585193710954504,1.6556391657447458,1.6778977478832449,0.19657229121272116,1.812812244320448,-1.2341241703206178,-0.29458252725145034,-0.05509535596397339,-0.8535721061848103,0.8361056248437485,Sleep stage 2
2.119936349722312,1.5210642831481467,1.4944071387009519,1.4886053420608574,1.486196255572758,1.5754954432920996,0.5172433456212356,1.6089636714006774,-1.237028042153399,-0.7698948211059677,-0.0505655931054833,-1.0201468614989255,0.8361056248437485,Sleep stage 2
2.120523686738325,1.737776051651168,1.715472959035241,1.710609344102322,1.7085787663023313,1.645661532454606,-1.004111541687978,1.7477132798672286,-1.3298397053363114,-0.88963386775325,-0.2240372280116564,-0.9129975154534837,0.8361056248437485,Sleep stage 2
2.0336281005797296,1.653784420951963,1.6308968533654609,1.6259104289482764,1.623816048833587,1.5895394501575015,-0.2902900828307388,1.6364204518204737,-0.8699531735491589,-1.5425811402326304,-0.21599011290829373,-0.9357152788003836,0.8361056248437485,Sleep stage 2
2.583796001239823,1.4998875134331968,1.4597913396606266,1.4511339163128536,1.447516959534993,1.6483922543072742,0.40611591642768174,1.7531935766140045,-1.4998238107025572,0.4446657253243769,0.2962772405104971,-0.8870833109940806,-1.3821624492356026,Sleep stage 2
2.012981151073438,1.3572975624499644,1.3301802085063859,1.3243097117765477,1.3218696217041033,1.5323528693643795,0.24593896575969193,1.5257191524986178,-1.4575299954585141,-0.5727193115659712,0.02631343249757426,-0.9574177934573459,-0.2730284121959196,Sleep stage 2
2.1624794228937296,1.5596330946008383,1.5308465670856986,1.52459386065032,1.5219929098892013,1.5857194998131174,1.7793912931336455,1.6289498461749383,-1.0992910555639934,0.06329344201999404,-0.0533625327788109,-1.0613398270413217,-0.2730284121959196,Sleep stage 2
2.2533637699511075,1.6346535539377394,1.6078483005105195,1.6020331872814684,1.5995986917336082,1.6418077369640638,-1.4010604893599279,1.7399880586499774,-1.4296303076938173,-0.3280532004707449,-0.05946890664757246,-0.8557009303254218,-0.2730284121959196,Sleep stage 2
2.050267825024747,1.6230696970894771,1.5980948693712416,1.592659361308677,1.5903844691176725,1.5990016936236435,0.2710935273934441,1.6549923778719773,-1.4278257884779442,-0.24254730183893,-0.1804960781166212,-0.9611441710719902,0.8361056248437485,Sleep stage 2
2.3932677189648435,1.5586900948826907,1.5198692855445493,1.5114463283079886,1.5079502639700495,1.643519263048577,0.4546298230661252,1.743393021956098,-1.1071392155530864,-0.3216238933738992,0.10966547424168775,-0.843540947071835,-1.3821624492355877,Sleep stage 2
2.5495223986847773,1.5897932963946946,1.5511721252182271,1.542816892003224,1.5393457455550128,1.6796616363433743,1.2002923088460766,1.816411801239841,-1.5175261031304297,-0.08997302715769982,0.18220150085209766,-0.9666454994406071,-0.2730284121959196,Sleep stage 2
2.3504588361236873,1.4291383528326946,1.391804612557184,1.3837158800928069,1.3803829930889997,1.6070193296173025,-1.3148588612711098,1.6707934226087495,-1.00325800050467,-1.4872306040456529,0.20599106136284462,-0.8242323136242061,-2.491296486275256,Sleep stage 2
1.885138639942886,1.2548234301010237,1.2237293281984107,1.2169747224002132,1.21417418646538,1.4916835245540572,0.6306821017315847,1.4486860778338393,-0.7736540985035791,-1.6537216255465887,0.03970923442400282,-0.9522611954786089,-1.3821624492355877,Sleep stage 2
2.0626344516868413,1.5095833055103507,1.4808943299465054,1.4746474020454763,1.4720630100713696,1.569728298393139,-0.40600829024525764,1.5977538761647512,-0.7793760863826084,-1.883337695910303,-0.07676443412766024,-0.8485792911581255,-0.2730284121959196,Sleep stage 2
2.0863494355605026,1.5591002450780138,1.5326935515869355,1.5269585694026886,1.524552021181367,1.5845158459439255,-0.03855407451709295,1.6265558121518837,-1.1782797077804807,-1.3979340590711609,-0.10506378088511828,-0.8905344505828573,0.8361056248437485,Sleep stage 2
2.2033897274339616,1.8849049564169822,1.8734007852303638,1.8709136678373894,1.8698674914669566,1.7439008655075932,-1.7379819885256431,1.9488880606098198,-1.2741057616913172,0.8378653788668621,-0.2837670716400396,-1.0224375438991222,0.8361056248437485,Sleep stage 2
1.604732844614258,0.806155897925814,0.7787058892121616,0.7727874443098915,0.7703208897778911,1.2635996883730494,0.16729993525678075,1.0422460135681175,-1.3793732741580902,-0.48747343148078937,0.36578177822650476,-0.9151404312071526,-0.2730284121959196,Sleep stage 2
2.4292305003224355,1.1884756739954387,1.1429954718875586,1.1331760748663402,1.129104052329754,1.5469675147280517,-0.6635963327277967,1.5537505135141987,-1.1714034212168611,-0.7522252872238598,0.5650809350671154,-0.8575637252381696,-2.491296486275256,Sleep stage 2
2.583167415607153,1.5436978966746107,1.5018690398292571,1.4928132223328072,1.4890733557366598,1.684127254709333,-0.5115338957729054,1.8255170004022807,-1.460190159273492,0.0066950221325344774,0.2531214852402244,-0.8739594564771209,-0.2730284121959196,Sleep stage 2
1.764788033580731,1.1036101863574195,1.0740445167654542,1.0676310362288333,1.064977895529599,1.4066488912682171,-0.42682681355449875,1.2920544198041601,-1.0697341278980568,-0.6782738550020669,0.10882104398087024,-0.9354379525243969,0.8361056248437485,Sleep stage 2
2.4137071644611874,1.5637432110050722,1.525249521309999,1.5168996847506793,1.5134368471618524,1.6555308009146874,0.16441520445786406,1.767575317979675,-0.5480421772783758,-1.8885174005617278,0.11800479068004129,-0.8245661438374592,0.8361056248437485,Sleep stage 2
2.5577818811527453,1.8895454418212996,1.854006229238454,1.8462649469495878,1.8430658006149772,1.7513772569821775,1.6675940223692611,1.964521495037498,-0.8190709766108452,-0.9957720130561462,-0.06612819059898489,-0.7719195628263622,0.8361056248437485,Sleep stage 2
1.862457694981394,1.1268387908033246,1.1090912628786205,1.1052684041797582,1.1036874598065747,1.6463252295578685,-1.373842782740404,1.7490339665829908,-0.4845951664540687,0.16143067781665577,0.14488087418202825,-0.9268416054468345,0.8361056248437485,Sleep stage 1
2.166096922357791,1.5260862929901544,1.4995691499532915,1.4938160927642328,1.491416275698396,1.621918555506645,-0.35352700790911307,1.7003092596140124,-1.5701439993420048,1.4362795219796596,-0.024455848379030528,-0.9840374554855529,-0.2730284121959196,Sleep stage 2
1.9751189777065972,1.4764870249545596,1.4539394844238591,1.4490338595463408,1.4470090491114256,1.590950440420893,-0.5276454025103353,1.6391895002045331,-1.5077572326145807,1.6102475282857653,-0.11379947231607,-1.004572805714347,-0.2730284121959196,Sleep stage 2
1.7678731621089638,1.3211551982369987,1.2959002735318832,1.290388554745409,1.2881154160740722,1.4552316629315234,-0.27918780796213394,1.3807930425169068,-0.9339465014650401,-1.3382207444615233,-0.11965802216836109,-0.9052038757568219,-1.3821624492355877,Sleep stage 2
2.4276598524860873,1.447154238632936,1.4054772805862237,1.3964472314470586,1.3927119686747969,1.6293378445593512,-0.8955481505355025,1.715065339652761,-1.478599667922917,0.6145622384641879,0.24652328818362496,-0.9630960339006188,-2.491296486275256,Sleep stage 2
2.395741904949746,1.5388281911306496,1.5019350623134438,1.4939395327862843,1.490615439177921,1.6285209714578983,0.3698664872942624,1.7134411499331932,-0.7276552730861368,-1.5722102232674804,0.12771132697386214,-0.9774075017551606,0.8361056248437485,Sleep stage 2
2.056849259810355,1.4198452466725904,1.3929406034366751,1.3871088474414366,1.384681387405424,1.5846154705793671,0.057860061639076935,1.626752354458852,-1.4666206734391514,-0.5316120329472701,-0.00245236865232959,-0.8209783410989626,0.8361056248437485,Sleep stage 2
2.365238355313907,1.5421277105924092,1.5091552568635198,1.5020188373376415,1.4990343289524894,1.5941221928258633,-0.6691303343406947,1.6453991197136433,-0.7738395785143298,-1.4345423144263654,0.0999499874956083,-0.9799667850479726,-2.491296486275256,Sleep stage 2
2.2364747448733553,1.8440132279676664,1.8232697283764632,1.8187563488107608,1.8168513991860358,1.6734526184142535,-0.12065422285331583,1.8038096015881022,-1.1951400021740581,-1.18129543546359,-0.230631387991995,-0.9361116899752533,0.8361056248437485,Sleep stage 2
2.3057939353951538,2.0336903680211607,2.01332417426074,2.008873172601059,2.007008164524188,1.761302997759662,-0.9472646981356889,1.9853665050779037,-1.2292445961757104,0.9125494397198127,-0.31277832372703657,-1.0569811805990283,0.8361056248437485,Sleep stage 2
2.160995307416379,1.7596241081385668,1.7375194516170545,1.732697223708736,1.7306879175613077,1.6648963347231072,-0.06706018126372984,1.7864557383877924,-0.7668309691853747,-1.6083376214800826,-0.21541499838822628,-0.8435592892158802,-0.2730284121959196,Sleep stage 2
2.700323606572761,1.5291124626264363,1.4865440034200752,1.47734614894723,1.4735101383713034,1.6787811185435797,-0.9344997033958682,1.8146402414948086,-0.932959839917206,-1.3227290247571994,0.3470717045808653,-0.8654369723068943,0.8361056248437485,Sleep stage 2
2.1642435025316096,1.5480069295313514,1.5214551709485815,1.5156950483217042,1.5132995951370818,1.594659915781455,0.050822192686898846,1.6464636568466797,-1.3005059521853195,0.25056462894915815,-0.04461541691912131,-0.8635434418806542,-1.3821624492355877,Sleep stage 2
2.194444785820934,1.2631766710204364,1.2323141048110584,1.2256585915152494,1.222866272542331,1.5196429617142115,0.6730953079606704,1.5014933719793,-1.3322876215020174,0.30569692018765593,0.26529888641031935,-1.0012397580371835,0.8361056248437485,Sleep stage 2
1.9133905768420398,1.301907245855245,1.2731123731675533,1.2668676573770854,1.2642556959711273,1.4554607540080917,-0.08620767080936116,1.3812074796620923,-0.6713666801726602,-1.7763195987146567,0.010167574852505929,-0.8970330982677255,-0.2730284121959196,Sleep stage 2
2.5203934164922615,1.5386506548885373,1.5012865334522074,1.4932126167805313,1.489826688254811,1.6296047182379352,-1.1557265293959784,1.7155961403138251,-1.2300055451637986,-0.4799786451230264,0.21108354759697973,-0.9653618432553015,-0.2730284121959196,Sleep stage 2
2.065005715124236,1.4389570328524828,1.410482880662392,1.4043080731546151,1.4017271828023714,1.5360943570664796,0.022825442992234064,1.5328839916150008,-1.1901363502517586,-1.173061439073485,-0.012703920922613725,-0.8338504606422118,-0.2730284121959196,Sleep stage 2
2.2901970056438894,1.729464513388013,1.7044106714547163,1.6989698843898275,1.6966864057778541,1.6719733921953033,0.666604401336635,1.800799078979046,-1.1426272405204756,-0.9374378651708575,-0.11309163941872961,-0.8591575741628351,-0.2730284121959196,Sleep stage 2
2.237858306288304,1.420385068448398,1.3877086810471013,1.380647243920701,1.377678449747293,1.5374334021459688,0.011456624167632354,1.5354497758908838,-0.88234330965676,-1.2589430857852142,0.13032548813929196,-0.8455912075696339,0.8361056248437485,Sleep stage 2
2.45476004005438,1.5333802122210647,1.4967079268272454,1.4887812835433627,1.4854537148300702,1.6185841840175996,0.006764381756112848,1.6936943418792723,-0.6282913759267981,-1.848838227826478,0.17182775376661777,-0.8717782715989111,-1.3821624492355877,Sleep stage 2
2.544491958830796,1.7563966518229341,1.7337631817210042,1.728892607234941,1.7268735837542681,1.8265116336408969,-0.0810661981564079,2.124313267005176,-1.3597251444997198,1.5616669247754988,0.016352688636780858,-1.0022143077610801,-1.3821624492355877,Sleep stage 2
1.9410311788934735,1.2830462380810437,1.2600577596625024,1.2551030600593733,1.2530208132587946,1.4641706546299282,1.3459885317537983,1.397349178339988,-1.3484753319219556,1.1674466214420796,0.04259672929447685,-1.0451971784348153,-0.2730284121959196,Sleep stage 2
1.9806595348026825,1.267082073138545,1.237628532373786,1.2312567459209274,1.2285809734729372,1.4443108342428537,0.251078654388721,1.3606745970755938,-0.8147691926543054,-1.6976280490048457,0.09720100369714958,-0.8486043563507587,0.8361056248437485,Sleep stage 2
2.211829172261587,1.6698900047300513,1.6418229392101424,1.6357238513178889,1.6331751021220995,1.6501867666312375,1.165340055107525,1.7568034928829248,-0.8663942984281442,-1.6672173181387808,-0.11240980482606719,-0.7675899068491212,-1.3821624492355877,Sleep stage 2
2.0907093903517957,1.7064781887792015,1.6814050629325616,1.675925424895458,1.673663174582401,1.673744012045691,1.7538958182050601,1.8043975952097595,-1.5082782626275566,0.46615228440586937,-0.2172881386191366,-0.8520970258357192,0.8361056248437485,Sleep stage 2
1.5492356135942937,0.8815455079945241,0.8513862158078392,0.844845460567326,0.8421443391517005,1.269112892127363,1.0145575167690288,1.0515499375298767,-1.589700725027731,1.6416823047077567,0.20342599292267702,-1.0203900583555945,-0.2730284121959196,Sleep stage 2
1.81034276263533,1.2062505618721768,1.1783695855137117,1.1723233547763325,1.1698130739191077,1.4422732906687383,0.3652427448811089,1.3569261376862025,-1.335394658068948,0.8446918406213544,0.02888189120187067,-0.9976587186503364,0.8361056248437485,Sleep stage 2
1.6151530527269193,1.0589428028716263,1.0378833665433878,1.033324604583645,1.0314158478533701,1.3251374419492479,0.4386192129245778,1.1475969072147258,-0.8609881589039057,-1.6791717278956548,0.023301074863360194,-0.868260717082797,0.8361056248437485,Sleep stage 2
1.7226234088012482,1.5368240874257006,1.5211006322030565,1.517661958661015,1.5162120565776127,1.4972377664626217,0.2083243629248621,1.4591098844397867,-1.2577121270237643,-0.9887945551324219,-0.33590836225920334,-0.8499522889315834,-0.2730284121959196,Sleep stage 2
1.4339619611219345,0.9574999598884675,0.9350045711135336,0.9301252807094029,0.9280902683180844,1.2582018439901956,1.1716773319917613,1.033145134832961,-1.0891347466695231,-0.2837146365552901,-0.01416454404736942,-1.0561246864724718,-0.2730284121959196,Sleep stage 2
1.4438127412700812,1.0497617304041182,1.0287704884804467,1.0242074726543402,1.0223008799009494,1.2897707768934432,0.5056809961552583,1.0866555486374219,-0.7614054647943037,-1.6828225954196925,-0.11187325438692469,-0.8639609818729916,0.8361056248437485,Sleep stage 2
1.5022000582156636,1.1211563485923715,1.1032817457172013,1.0994018331767346,1.0977694300450471,1.3326856499452873,0.06727322190568312,1.1607440666302156,-0.7908396873602624,-1.6052274577255163,-0.14128668075573705,-0.8641407313785746,0.8361056248437485,Sleep stage 2
1.345031789265256,0.9356643715283767,0.9143004024634728,0.9096528396446962,0.9077260204019879,1.2285399838926303,1.594476434755803,0.9836417829443483,-1.123465887868498,-1.4542238247826633,-0.07056830641702555,-0.6848801637002608,0.8361056248437485,Sleep stage 2
1.4374729138666669,1.120981771825809,1.1036866719132765,1.0999200769317274,1.0983447021548793,1.3238952838593867,-0.3055988966095993,1.1454474109048969,-1.2495463729417098,-0.8260088077052478,-0.19444213609761649,-1.016404424892532,0.8361056248437485,Sleep stage 2
1.6124528668824893,1.2776872138969708,1.2603003717371293,1.2565163341476115,1.2549292546828528,1.4125992712168662,1.5997452364043456,1.3028181111907176,-1.2547901678422158,-0.929472661560986,-0.20397611102251334,-0.796129741937365,0.8361056248437485,Sleep stage 2
1.2319580525184766,1.042809666971603,1.0297746677965953,1.0269243033416642,1.0257340018061611,1.263893100942419,-0.06033244170939281,1.0427424778020977,-1.2644226683737017,-0.8142801613053736,-0.29458581724985594,-0.9678312796273628,-1.3821624492355877,Sleep stage 2
1.5513699454706225,1.1124748648556013,1.0907121133454152,1.0859820308281956,1.0840092004450637,1.3448482939728228,0.7833170269706602,1.1820236224421126,-1.2012919948804268,-0.6689934823780093,-0.0873783349614515,-0.9087730561867278,0.8361056248437485,Sleep stage 2
1.218764522353574,1.264286167626377,1.2612712792451601,1.2605930978659452,1.2602896966089443,1.3296423959609773,0.9851039751981184,1.1554400676341983,-1.5282662389701198,2.321233642532712,-0.5006720042321952,-1.0575363983985075,-0.2730284121959196,Sleep stage 2
0.8440302922529176,0.7504433888126004,0.7415015564703501,0.7395396519877145,0.7387282055336818,1.0861787075291112,-0.10254156898246013,0.7562469314607377,-1.214866485573913,-0.22800074740609863,-0.3598863773727905,-0.931943476431946,0.8361056248437485,Sleep stage 2
1.29067011229092,0.9585860759693547,0.9395667435484114,0.9354242116513823,0.9336968817082271,1.2294393881238013,1.4032325222622861,0.9851234126312877,-1.4707814754992197,0.46956973788269424,-0.14915389506443197,-1.0289816519737118,-0.2730284121959196,Sleep stage 2
0.9871092494582661,0.8403640678135377,0.8283848765345182,0.8257624345413596,0.8246681944598357,1.1310141590681877,0.46945374999062744,0.8260341601666595,-1.2582644943093357,-0.9917281656128158,-0.3118495655288872,-0.8905351632516574,-1.3821624492355877,Sleep stage 2
1.0587204841698108,0.7385178280599998,0.7221963669567714,0.7186497004514217,0.7171668006576094,1.1247669781308052,1.7729151145199262,0.8162226559924244,-1.0295489920286394,-1.3741991178417345,-0.11282599325493703,-0.9164090636479352,-0.2730284121959196,Sleep stage 2
1.3107176828093734,1.1570086765257193,1.1440820357700414,1.1412476449227253,1.140063665715959,1.2975335172107125,0.70712234526714,1.0999498857603156,-1.2886987412777577,0.27922636408065343,-0.33448170863674154,-0.9442218423713244,0.8361056248437485,Sleep stage 2
1.0977182175599351,0.9993154962892364,0.9910902602135768,0.9892822460467945,0.9885170686096115,1.2373060451224827,0.7157937111929442,0.9981941119528206,-0.8636450310731435,-1.6440402009131605,-0.3742730842177289,-0.9006732348169776,-0.2730284121959196,Sleep stage 2
1.4572658416486233,1.236182496176922,1.2226228885774477,1.2196606088548378,1.218408367487443,1.3453218186311735,-0.3336310368404106,1.182856321649392,-0.8994668569769738,-1.550189505956362,-0.28861381694763566,-0.8890692284605517,-0.2730284121959196,Sleep stage 2
1.3032676660704146,1.1788944369006844,1.1684230976094863,1.1661294915111797,1.165166929892238,1.311444611527142,0.909154463151151,1.1238914299890879,-1.215443905546009,-0.8820732239276537,-0.3617612770901988,-0.8818081428570704,0.8361056248437485,Sleep stage 2
1.1796865433783126,0.9821494445135303,0.9700354777258162,0.9673827601312405,0.9662794547513786,1.2426621882289224,0.572124966979096,1.0071268588910647,-0.9646599768587084,-1.5056458624635682,-0.2814683518997065,-0.8693608054071315,-2.491296486275256,Sleep stage 2
1.0875405882455536,1.4187314759151675,1.438310306968248,1.4425692488157125,1.4443635693429915,1.6927524084422547,-3.4589114656343845,1.8431370899786987,1.1223396387858415,-0.800770065563944,-0.7113317963713971,-0.08320418094155052,-0.2730284121959196,Sleep stage 1
0.6265144176904887,0.9211354433806456,0.9363141099544126,0.9396236972396657,0.9410065752881053,1.4526150305145678,-0.6321996189617444,1.3759676237805736,0.20975626050641458,0.6906405810069777,-0.7486186953963617,-0.7417780507843948,-0.2730284121959196,Sleep stage W
0.434038158220073,0.7437016948186722,0.7550362444052172,0.7574877641575145,0.758509320425461,1.152068515970678,2.293137089661038,0.8593705466622615,0.2178859061267725,1.6841528202124942,-0.7945659881418466,-0.7243655037789067,-0.2730284121959196,Sleep stage W
0.20831445114590139,0.11793411165403002,0.11379919641179755,0.11290036461180804,0.11252284006532438,0.6158513882242426,0.2768856415196665,0.1258363127745749,-0.7159927169162555,-0.6631264842176908,-0.2802911312938194,-1.0761200851616044,-0.2730284121959196,Sleep stage 1
0.23558032214960106,0.47353916031499876,0.4813883198021468,0.48307886937885935,0.48378738642284796,0.9018613927160858,1.7113978759655513,0.4870977344953914,-0.7177704615013378,-0.1209486816292846,-0.7766465294167408,-0.8879524524147053,-0.2730284121959196,Sleep stage 1
0.19443051084825455,0.22196060627487516,0.21958813314834816,0.21905371072688118,0.21883484654482319,0.6932661807389434,0.42046130969353335,0.21684769598262765,-0.7456193291675446,2.8610645514428574,-0.5020444721166287,-1.0351582656482017,-0.2730284121959196,Sleep stage 1
0.6962524428024132,0.9108430938140958,0.9418994974890783,0.9487044141809052,0.951553514958628,1.594698417153922,-1.7560326934726846,1.6465254487193843,-1.0333966329401145,0.8026400659632101,-0.6930408195104858,-0.4660084831575796,-1.3821624492355877,Sleep stage W
0.466712442532259,0.9348013014204009,0.9534519901630825,0.9574831488474141,0.9591631199649824,1.1839355018172713,0.28334702081287966,0.910558416672783,-0.7892250976858735,2.0393383462757506,-0.9029105650420097,-0.6835944794628239,-0.2730284121959196,Sleep stage W
0.16284850747449442,0.5074385315045915,0.5238772962090239,0.5274536071264035,0.528949195645558,1.008175497518337,1.2319449428975495,0.6388639717006865,-0.49789501494811617,-0.5089496912876419,-0.907111748364088,-0.7202150343466214,0.8361056248437485,Sleep stage W
1.173632350250138,1.917449852659336,1.9460925543725376,1.9522811774853877,1.9548704437510662,1.6927934528454283,0.815755788421512,1.8432182274951159,-0.650429539363095,0.17308070442257387,-0.8963548808713157,-0.5971467919845526,-0.2730284121959196,Sleep stage W
1.4995871932318101,1.6175329180347662,1.6168554585570691,1.6166757262791354,1.6165967264775944,1.521746415476947,-0.3699633758908324,1.505489663993958,-0.37059324510470504,1.2965133837457727,-0.543995895042219,-0.940797047355237,-1.3821624492355877,Sleep stage 1
1.273546049475833,1.512733405123806,1.5207506670555735,1.522470625768135,1.5231738434089601,1.4878060919925864,0.4707512606104292,1.4413974646857268,-0.388354366836673,0.7034840163111651,-0.6332171198301717,-0.965639475996355,0.8361056248437485,Sleep stage 1
0.9975348088389125,1.1075160176347043,1.1066745389969244,1.1064658876730615,1.106377981080722,1.2522775948517766,-0.6898929082744265,1.0232028234737318,-0.24711925974120433,1.5305382240676395,-0.5571962129584823,-0.9576915078579755,0.8361056248437485,Sleep stage 1
1.3015018760130461,1.2822224975233252,1.2748671455812108,1.2732439053868199,1.2725500703778723,1.3653152433198765,-0.11133541387079722,1.2180976424318328,-0.6518246122562144,1.287721883196444,-0.4486785498019025,-1.044284730201033,-1.3821624492355877,Sleep stage 1
1.613636115507826,2.1848807794197533,2.2120795463910428,2.217968949466011,2.220421252464558,1.8286415142740902,0.3432657834369563,2.1289072718635356,0.39099686541354983,-1.1146926475676393,-0.770987603257878,-0.6681898366675925,-1.3821624492355877,Sleep stage 1
0.6558473491034713,0.43722574265034236,0.42762437009548726,0.4255310647872972,0.4246636682977589,0.8726714400253708,-0.6067359374149653,0.4470841490315919,-0.8335440613840903,1.1186246152511656,-0.15864669099673817,-1.090753433534739,-0.2730284121959196,Sleep stage 1
0.9762375305081895,0.9813158293537964,0.9755621279591309,0.9742894802124863,0.9737578607644095,1.1908755752438323,1.0662845116954436,0.9218242835805188,-1.4150627863618934,1.328962208552151,-0.4666512694224437,-1.0478775070028041,-0.2730284121959196,Sleep stage 1
1.0229250977383544,0.8286593762518514,0.819464209251506,0.8174602587364559,0.8166250317214853,1.169865369978472,-0.3623045722025304,0.8878527384451523,-1.3731754841651895,0.5494431491326773,-0.26808899782227835,-0.9914486354962632,-0.2730284121959196,Sleep stage 2
1.345115256440271,1.021007086947653,1.0013846794281491,0.9971065583242043,0.9953347025736643,1.2773757629414286,0.4577595788927516,1.0655393586545554,-1.3241679166506375,-0.8476690465866307,-0.16771727854788718,-0.9236911299369379,-1.3821624492355877,Sleep stage 2
1.3345670577998652,1.1935897766315429,1.1795998576932725,1.176531255434415,1.1752547500607777,1.3455145086739368,-0.08268596164031812,1.183183280835982,-0.9524963453355697,-1.3586691898398933,-0.34613520442867635,-1.033274204146945,-0.2730284121959196,Sleep stage 2
1.3742273741167728,1.1524702648123206,1.135988424378665,1.1323831147409267,1.1308883389016733,1.3407943733131251,-0.7149849873609262,1.1749101184363109,-0.6821850622149185,-1.9581633284754163,-0.2759957282411649,-0.7217550052366817,-0.2730284121959196,Sleep stage 2
1.5437204514832044,1.7010591291906039,1.6987799904153271,1.6982453611809243,1.6980144590968795,1.5594536017742866,0.709810233308942,1.5778230885262348,-1.1899623567162376,-0.48050661029581443,-0.5642824866544782,-0.9499659919488218,-1.3821624492355877,Sleep stage 2
1.26245806044373,1.281839526869468,1.2797122033548136,1.279233023130594,1.2790077155953503,1.3536319127628613,0.9072189891295669,1.1974612202077477,-1.4246116311372696,2.2168146872748076,-0.4819646879907068,-1.0569129084885764,0.8361056248437485,Sleep stage 2
1.097409399758294,0.8745386272015622,0.8644299739637391,0.8622376698980097,0.8613072829295514,1.164416003535803,-0.7851207248700994,0.8791109126581531,-1.1523859409694488,-0.5928342285597081,-0.24631206856003052,-1.0342184024338181,0.8361056248437485,Sleep stage 2
1.593863771933198,1.2473234393686046,1.2293374190041082,1.2254295860806637,1.223788571939374,1.4212469484464774,1.228392228972968,1.3185078346769616,-1.0644121046262358,-0.6218488951209981,-0.1899625244099735,-0.9265170165484092,0.8361056248437485,Sleep stage 2
1.182213988456821,1.0220337906632866,1.010167454972842,1.0075750882325807,1.006489770937759,1.246545515215554,1.215566252246144,1.0136062372947818,-0.9413332674062939,-1.3753219321777592,-0.3185544217393547,-0.9619919658013062,0.8361056248437485,Sleep stage 2
1.2362646184798285,1.0255427843142397,1.011378488682843,1.0082887992537761,1.0069866522290711,1.2361430836339018,-0.231452967858562,0.9962603970010987,-0.6686215913396168,-1.9093250855694799,-0.27284313261469734,-0.732803762252376,-1.3821624492355877,Sleep stage 2
1.1205053993999852,1.1873268505278045,1.1831647820959552,1.1822285358880251,1.1818242803509582,1.2808977275464994,-0.7695934021293179,1.0715359039387582,-0.7289768678545375,-1.8743629069414163,-0.5171755440355322,-0.8249163095048069,-0.2730284121959196,Sleep stage 2
1.1382005306854992,1.276941423545407,1.2741341724541044,1.2734864195870408,1.273199366187087,1.3150989434101898,-0.625472327263908,1.130194881971376,-0.7534410747952575,-1.850145716018204,-0.5696135883556186,-0.8303342810683588,0.8361056248437485,Sleep stage 2
1.9406468877519465,1.9617551749602793,1.9695052907247714,1.971204636737192,1.9719048442584861,1.9097501538606052,-0.6231982048337534,2.3068562175734004,0.6477793623902548,-0.05891331140216339,-0.487889137828405,-0.24929518380031304,-0.2730284121959196,Sleep stage 2
0.9490954672937237,1.4412321240121766,1.4739410736531966,1.4810756992005056,1.4840444156690824,1.605076528282129,-1.787719930633812,1.6669585141245227,0.6792218910691528,-0.8928831611907766,-0.8251067056794928,-0.6002460032696434,0.8361056248437485,Sleep stage W
1.4536914435230885,1.7021942090031668,1.7323340595264978,1.7389520188759513,1.7417037948676366,1.9127123730413884,-0.062016178050621866,2.3134861305757477,-1.0827377492147297,0.47088538332499946,-0.6405467734511485,-0.7317953152758636,-0.2730284121959196,Sleep stage W
0.8797202222295059,1.1846608022072669,1.1948891487666442,1.197084599786631,1.1979918844239057,1.3154712539522218,-0.2134511781788323,1.1308431093758264,-0.47766472928522113,0.04470760824047993,-0.7137299735972331,-0.6868567431152274,0.8361056248437485,Sleep stage W
0.875654085940473,1.0126575904304234,1.015466678018929,1.01605469773592,1.0162939224478411,1.228781120995165,-1.0086926174466118,0.9840300224043934,-0.4037409988163691,0.9970855701309438,-0.5885007725115025,-0.8831020616620989,-0.2730284121959196,Sleep stage 1
1.185571561543046,1.270963489981384,1.2683403877893722,1.267744676810002,1.2674744697614426,1.35519727378468,0.26854696625351426,1.200227635826891,-0.24130105279969938,-0.7976546428061606,-0.5305054828852126,-0.7318512920473472,-0.2730284121959196,Sleep stage 1
0.8674518546251914,1.4899939032000367,1.5272743506565047,1.53540142741802,1.5387905634715977,1.6720826513474518,0.6313633518000165,1.8010218095802575,-0.027041725535994446,-0.7637899895210392,-0.904840539789825,-0.1923414470672846,0.8361056248437485,Sleep stage W
1.3075347591864266,2.149813890965022,2.1852885720793678,2.1929671203627654,2.196160882149875,1.7263943231947885,0.2350860760714952,1.9124258987006613,-0.3561434321463583,0.24367711812062684,-0.9140047505308555,-0.6619434829431808,0.8361056248437485,Sleep stage W
1.6810338963841833,2.0617415434717206,2.070904160077274,2.0728518024483207,2.0736445745350744,1.7218918447998819,-0.39747161009969945,1.9031110989599973,-0.21385443040572286,-0.4548160713639894,-0.6758993113892228,-0.8615613641909493,0.8361056248437485,Sleep stage W
1.3281955658718332,1.6812568272913193,1.693062650328736,1.6956017446096427,1.6966545230167995,1.6137888772372697,-0.26335566378143427,1.6841776640107375,1.3289123405001777,-1.8601423342864654,-0.6933606766517068,-0.6533808204335089,-0.2730284121959196,Sleep stage 1
1.089494990845563,1.6756244495814487,1.7048730055608634,1.7112387274937666,1.7138874156873372,1.610658617894508,0.8333542523081482,1.677992566750184,-0.30835409449711476,-0.731099412527868,-0.8449860689534829,-0.4426238943487663,-0.2730284121959196,Sleep stage W
1.2947817112912072,1.4122320759035076,1.412673851384152,1.4127401885663913,1.4127572598192348,1.4017999743410936,1.4667509118289332,1.2832953410834282,-0.7065701869538251,2.1675372956334975,-0.5513324467562226,-1.035354760034235,0.8361056248437485,Sleep stage 1
1.3097455741443838,1.5296740441283334,1.5296898514091917,1.5296463360664994,1.529628700145439,1.4793562763857886,-0.06714984982639435,1.4255675889034898,-0.5991185567605273,0.514261200021403,-0.6137625150095383,-1.0763468651108896,-0.2730284121959196,Sleep stage 1
1.393298333617235,2.109221999739261,2.1333239718697006,2.1385062822981493,2.1406822410171418,1.744143353013958,-0.6445835471454553,1.9493965742295203,-0.28563363598761354,0.0476415307266825,-0.8511718297062606,-0.6258448950395588,-0.2730284121959196,Sleep stage W
1.5030269351358752,2.262991089503259,2.2904346811787772,2.296352915710277,2.2988290043850523,1.8271808279172568,0.9935408383889669,2.1257746385698075,0.21331572254150785,-0.6128295912547077,-0.85420908554508,-0.6454048325811181,-1.3821624492355877,Sleep stage W
0.5670065777700929,1.0601871262157223,1.085258526648609,1.0907030872209362,1.0929846529409115,1.5669532105851234,-0.002955884957260723,1.5923693307356555,1.0366460503359611,-0.10260655084927231,-0.8969991743901858,-0.04397439717031103,-0.2730284121959196,Sleep stage W
0.8134838857196414,1.5459025719427786,1.5767651289075661,1.5834484233162915,1.5862323670745286,1.4787038544601572,0.2149885400058461,1.424361515967561,-0.11585409125518926,-1.0923809098328958,-0.9604986772287841,-0.7873683739310019,-0.2730284121959196,Sleep stage W
0.6222439429139714,0.9174564151877423,0.9270123401797552,0.9290565562147277,0.9299077077324814,1.1749609635231766,-0.35920542421027785,0.8960640364116232,-0.7695992848199287,1.6333372308201846,-0.74477077428799,-1.0266677031502673,0.8361056248437485,Sleep stage 1
0.6488928767122301,0.82621446992301,0.8276905117212388,0.8279787194750193,0.828097105125682,1.0666211510021213,0.30892406922187904,0.7263400455618205,-1.034823242632671,-0.4176904869881619,-0.6401656851347838,-1.0684419582421822,-1.3821624492355877,Sleep stage 1
0.6653271743660523,0.8922214145976323,0.8984618161170291,0.8997954841821856,0.9003320822804209,1.1002156769523024,-0.1285584383097279,0.7779081105719978,-1.0126613989703208,-0.32675459414660735,-0.683403979634934,-1.0428842561398641,-0.2730284121959196,Sleep stage 1
0.6908415902489254,0.7615899857468935,0.7611196625075989,0.7609982960048078,0.7609372041676634,1.04033890366252,0.47358615731490195,0.6866619257150937,-0.9743969481513222,-0.3523989390133111,-0.5380164353892211,-1.0500515158141634,-0.2730284121959196,Sleep stage 1
0.6765028994153927,0.7803199788042181,0.7805662666421908,0.7806019807093384,0.7806023397834735,1.0336030231977265,-0.8262438057332494,0.6765925323022038,-1.0585283709294042,-0.937267053374136,-0.570966885870733,-0.9267578078011628,0.8361056248437485,Sleep stage 2
0.6869031852629228,0.8181216773816659,0.8196851784886003,0.8199979030738261,0.8201233209726554,1.0640930559101875,-0.24001359296664473,0.7225004037825086,-0.6203663424183603,-1.8154921957884316,-0.5965000155247645,-0.9251862211814148,-0.2730284121959196,Sleep stage 2
0.6459479835466119,0.9540955507508705,0.9631989013217511,0.9651489000140808,0.9659613116029981,1.1880719097819152,-0.4523302016223774,0.9172725410075709,-1.1464121662858422,-1.0939990635650205,-0.7496576758980397,-0.9586065642510322,0.8361056248437485,Sleep stage 2
0.7673829198259655,0.8842325444453604,0.884302340109273,0.8842897732585656,0.8842757143239286,1.0951281622693172,0.2374146924184227,0.7700471463513738,-0.9224102675269485,-1.5016843841581338,-0.5764032398957561,-0.9016932297371841,0.8361056248437485,Sleep stage 2
0.7065275599192636,0.7702557862502054,0.7686350570747855,0.7682644694816191,0.768091729194104,1.0295430539482073,0.4314769834747238,0.6705208823486979,-0.7170016943718515,-1.8049763323116157,-0.5292390892671341,-0.879482869280487,0.8361056248437485,Sleep stage 2
0.5495547038913354,0.6994802439488293,0.7013034550883682,0.7016735566117834,0.7018220610200806,0.988465341207543,0.2258439579330962,0.610025391605523,-1.1126205172053578,-1.0810746377852265,-0.62716689776881,-0.9491813580309274,-0.2730284121959196,Sleep stage 2
0.6976970880610756,0.7325014969162289,0.7293690591949987,0.7286583821715815,0.728365799796268,1.0525189866027183,-0.5383205996492608,0.7049777554864729,-0.2788298920373517,-2.08954538744012,-0.49896512795072484,-0.8466549158815726,0.8361056248437485,Sleep stage 2
0.5694847975263044,0.7172160064774015,0.7231435917352361,0.7244245817949988,0.7249539464643958,1.04015889732926,1.415803419301934,0.6863777411077518,-1.2729058123570827,0.2724716976403977,-0.6275708511142355,-1.0255793355342833,-0.2730284121959196,Sleep stage 2
0.3805766342256603,0.4574569274906584,0.45651019496352285,0.45628659492952867,0.4561826599473088,0.8270782825815727,-0.3138995792048432,0.38601843011466214,-0.5566664749877943,-1.5074752593881795,-0.5623560025597129,-0.8835196838404383,0.8361056248437485,Sleep stage 2
0.7075944877400318,0.7181051860023902,0.7144471059045421,0.7136382442934943,0.7132881201118423,1.0298086744487975,-0.38862808156319006,0.6709193260331394,-1.0867617577054671,-0.7994789817967033,-0.47317889461702617,-0.9339120694167337,-1.3821624492355877,Sleep stage 2
0.5016648690886156,0.5245316502014664,0.5226513464837887,0.5222287994079976,0.5220380201101936,0.8897608370056329,1.1209306772834828,0.47042549350410295,-0.9301276461718966,-1.6737566321993955,-0.49035686457526595,-0.7818336224698579,0.8361056248437485,Sleep stage 2
0.5943043670616804,0.734797205701658,0.7358151677768113,0.7360086638005873,0.7360843843701669,1.0043169865470527,2.633025026878919,0.6331950414304988,-0.8429379063817222,-1.6260093337253068,-0.6126894084379575,-0.8279820288366952,0.8361056248437485,Sleep stage 2
0.5713083414368361,0.6835481625212687,0.6833300110044412,0.6832556892136508,0.6832226699283694,1.0080303245019222,0.48587058163772184,0.6386703388332409,-0.782190400246689,-1.7085815908851805,-0.5863248247347196,-0.7708022244094246,0.8361056248437485,Sleep stage 2
0.5307679242346247,0.6042038470110455,0.6029982112740524,0.6027136058824502,0.6025861386538568,0.9291711292066984,-0.4159434876276897,0.5251826754641814,-0.680692347823249,-1.7154079114224847,-0.5479225780046495,-0.9058765797681352,-0.2730284121959196,Sleep stage 2
0.5907715647960391,0.59112010191409,0.5870217456815874,0.5861131134314329,0.5857271322133446,0.9366263841737454,-0.6460222060215192,0.5356940060932776,-0.2760616394456158,-2.111795964332763,-0.4605229998246465,-0.8717451940694979,0.8361056248437485,Sleep stage 2
0.6544710622842735,0.7253274579816621,0.722998807919911,0.7224662321142031,0.7222385935110432,1.0246591296759664,0.8275402715836061,0.6632561551766031,-1.0041956271504282,-1.1970665736329902,-0.53752068215681,-0.8519458150405395,-0.2730284121959196,Sleep stage 2
0.5936786185522348,0.6147342010149878,0.6123885479347408,0.6118622243879231,0.6116343410822573,0.9523066867112078,-1.0421288513570612,0.5579452750733613,-0.2952469761036917,-2.022259211809324,-0.48665666083379283,-0.8121278080131981,-0.2730284121959196,Sleep stage 2
0.5784916166803434,0.6108709130639373,0.6105708879050459,0.610493299354942,0.6104527476156173,0.947962318069479,-0.20875124682948754,0.5517601729268854,-0.20335704308571706,-2.0228405718806286,-0.5022985428533754,-0.7466422679002499,-0.2730284121959196,Sleep stage 2
0.5369739505159377,0.7343175808238541,0.7398472750374654,0.7410286342008504,0.7415072279479509,1.00227250084429,1.120012534326005,0.630199866155006,-0.8734885265511382,-1.5012556944420905,-0.6760634699359311,-0.8590357217419727,0.8361056248437485,Sleep stage 2
0.4720326592627599,0.8381006129457612,0.8515688952038198,0.8544829345488665,0.8556941175785285,1.1003623045977087,-0.22686504196311275,0.7781441386878934,-1.0641365841894659,-1.1827153412997262,-0.8297666580191474,-0.9173019618998876,-2.491296486275256,Sleep stage 2
0.3933245774466233,0.37027186136765194,0.36638352965090176,0.3655287529707778,0.36516077918052436,0.7933463172249815,0.17294799754576945,0.34196513706185544,-0.44149389218269336,-1.9691148892231614,-0.4245559890116583,-0.9295145025170516,0.8361056248437485,Sleep stage 2
0.40956958258950676,0.5600103879949302,0.5617273891190369,0.5620754280126167,0.5622201030217482,0.9038537112223134,1.7756285812493868,0.4898561653780154,-0.9195702932590124,-0.7282493727673472,-0.645141133687615,-0.888811145776892,0.8361056248437485,Sleep stage 2
0.5359722464542523,0.6747361441780239,0.6780310793852504,0.6787295764793772,0.679019631424842,1.0230909282350225,1.6772346230797501,0.6609214667750867,-1.2554197441496597,0.04736733054298942,-0.6197467050982194,-1.0009140718883098,-0.2730284121959196,Sleep stage 2
0.4486375493798985,0.5173580078410975,0.5170339946869018,0.5169491898182447,0.5169072193918103,0.8870459590831463,0.7264313190862953,0.466701496471139,-0.8766513033215335,-0.6217083464154575,-0.5487959252224952,-1.010990752399179,-0.2730284121959196,Sleep stage 2
0.5891072078362464,0.8227926210179588,0.8287617256516595,0.8300272279832547,0.830553662014768,1.0915202696484632,0.34393579307528904,0.7644877621875652,-1.125310442939649,-0.36848917454357233,-0.6994475086142059,-0.9530038518094978,-0.2730284121959196,Sleep stage 2
0.49668797714026663,0.9219962004513571,0.940386692950904,0.9443745564449658,0.9460423245115824,1.17888512137171,0.2587710627573636,0.9023988290487402,-0.16279562769612152,-0.17710017363684688,-0.8679705126164201,-0.8321727147521202,-0.2730284121959196,Sleep stage 1
0.12254735303038629,0.22691183639451803,0.22889961208105056,0.22931920648091786,0.22948737403641603,0.6633162522335038,-0.39734200870472813,0.18105011010980765,-1.4370821380755696,1.192096336140468,-0.6353614625185467,-1.006354099956568,-1.3821624492355877,Sleep stage 1
0.27511040307614204,0.3856312904163639,0.3864205111194204,0.3865728300484205,0.3866292178922548,0.7589605305654745,-0.4840308195338311,0.29802478579540354,-0.4776496512668933,-1.7223284906731586,-0.6174581298852159,-0.8544450044605836,0.8361056248437485,Sleep stage 2
0.24331480943381456,0.35826615916163373,0.3601205446696355,0.3605069315147802,0.3606608778233458,0.7684254637639818,-0.593261997039433,0.31001511241692997,-0.4881265334997796,-2.0486462073092455,-0.6292364265681978,-0.746359293899866,0.8361056248437485,Sleep stage 2
0.3014396959140869,0.47063891244976813,0.4746106397661196,0.4754562733509127,0.47579839131457263,0.8466939275509191,1.1780698222156225,0.412078742505483,-0.8795962569074844,-1.5572822578698677,-0.6855249286798092,-0.816942682590628,-3.600430523314924,Sleep stage 2
0.3525304835413264,0.39400201494364095,0.39197277612067766,0.3915159203076997,0.3913186085115764,0.7961992769124189,0.06966241074282298,0.3456505839336071,-0.5149724288685321,-1.8217005471658678,-0.5174123028018609,-0.9201144215493422,-0.2730284121959196,Sleep stage 2
0.2683434048629945,0.36318669969219497,0.36395579059263133,0.3641079910279476,0.3641636871220728,0.7495181088276165,-0.30143178510761987,0.2861473620563467,-0.6072160686297919,-1.7568348008827226,-0.5985102923017156,-0.911664266750638,-0.2730284121959196,Sleep stage 2
0.31529219603873865,0.44589961268626815,0.44812891645482295,0.448594781768292,0.448779671867485,0.814720808486447,2.8783205002216072,0.3697674461194844,-0.5706289572396012,-1.960848587230684,-0.637791232540487,-0.7107667190739906,-0.2730284121959196,Sleep stage 2
0.19041200161562263,0.18262382903590124,0.17977284959901976,0.1791414994894724,0.17887967714148467,0.6624617637348535,1.5829485683325566,0.18003278998743008,-1.042320714486472,-1.0811317126219275,-0.44134810362973503,-0.9897949049640364,-5.128200271747278,Sleep stage 2
0.2548651196393441,0.33179142980892334,0.3318237255392911,0.33181460636051957,0.3318038549685973,0.7325436152757123,0.5006392570790722,0.2649501242908316,-0.3485388771218606,-2.1458323979328373,-0.575187870625102,-0.7971064035939038,-1.3821624492355877,Sleep stage 2
0.34557671434134446,0.36502705138663033,0.36237477400191304,0.3617851077757901,0.36153047366276986,0.780165143818343,-0.5163484517486185,0.3250031925817775,-0.6724300564404144,-1.928908303215621,-0.4864825692816523,-0.7198028582917885,0.8361056248437485,Sleep stage 2
0.34620854886788405,0.4679253741156779,0.46874449460307205,0.4689019397055626,0.46896013241850926,0.8219418824094064,-0.3028688759576665,0.3792523322026003,-0.5485481561337439,-2.1204880293111454,-0.6213031007325803,-0.6892186975374696,-1.3821624492355877,Sleep stage 2
0.30118518019028173,0.39447858358161114,0.39462164052784987,0.39463390456292397,0.39463223660184665,0.7904389153229764,0.2266167987644908,0.3382145170009071,-0.4404181139885852,-2.104569868702921,-0.5917377356628035,-0.7916686307766905,-0.2730284121959196,Sleep stage 2
0.3162838573132563,0.3923915161157007,0.3912023383338873,0.3909214762951881,0.39080412514870577,0.8060857433266494,-0.09775650418625124,0.3584874736558278,-1.1475215238182952,-1.0852823085417986,-0.566345619987501,-0.9371375983702523,-0.2730284121959196,Sleep stage 2
0.2250525699645961,0.3318237260707392,0.33300992739723845,0.3332500339080215,0.3333446917309559,0.7281453408960014,-0.2013860715313108,0.25950477330010974,-1.0080514528475741,-1.4564689067755057,-0.6204500866549337,-0.8698672512866736,-0.2730284121959196,Sleep stage 2
0.22005293502027215,0.2825529748673076,0.2819661139928057,0.28182285580139216,0.2817565903789789,0.7044992384320056,0.11665408786894918,0.2304709477194031,-0.6638965155114308,-2.0029275655542067,-0.5572668908489748,-0.7721426381893413,0.8361056248437485,Sleep stage 2
0.16235700249008433,0.2190503598431528,0.2185492526025191,0.21842447675683982,0.218369971770108,0.675695748864438,-0.17108073449596317,0.19575438291103567,-0.8770568876129083,-1.6968888947303247,-0.5538582656186409,-0.7135460919735878,-0.2730284121959196,Sleep stage 2
0.06616912690184959,0.14545223733345847,0.14665431436684212,0.1469037474925678,0.14700549136939886,0.6032290560415935,0.7701793383802703,0.11147635824861853,-1.159637407249506,-1.3055516472168711,-0.6052301094959581,-0.7165481952677464,-2.9099321976679415,Sleep stage 2
-0.12549151427278132,-0.02123273070637405,-0.018089905883317332,-0.017417312341285133,-0.017140940455075387,0.4429996052557823,0.40113677803926484,-0.059244182986067075,-1.0974248718126713,-1.3085297244468024,-0.7013045133304878,-0.888255073080965,-0.2730284121959196,Sleep stage 2
-0.08028070597825378,-0.00936439169750542,-0.00778250331306123,-0.007448842103874597,-0.007310827200250738,0.4783376501003716,-0.33166942003134314,-0.023439466341472225,-1.0819806912113659,-1.3132548581394887,-0.6190175166118438,-0.9053088965378986,-0.2730284121959196,Sleep stage 2
-0.13349642579915116,0.04304502912024832,0.049951916011949746,0.05144611434216979,0.05206491738029401,0.49882961975091367,-0.8349680445845811,-0.0021990890553781894,-0.7803392208691269,-1.6637962324885693,-0.836064607199313,-0.851125419241963,0.8361056248437485,Sleep stage 2
-0.25504588851978105,-0.21503608470157096,-0.21298471144261516,-0.21253921904748813,-0.21235791254476358,0.2747970028950343,0.28329748832801954,-0.2152963509781941,-1.0024695217463224,-0.9824366841138681,-0.5872028222716181,-0.9476326442891018,0.8361056248437485,Sleep stage 2
-0.20722488228326727,-0.060538237261432246,-0.054950843007662724,-0.053742876194678865,-0.053242106108684024,0.41272821587597974,1.1414179944800378,-0.08907983408983171,-0.9288326640476274,-1.0572425043147506,-0.8246904400579527,-0.9821189042195168,-1.3821624492355877,Sleep stage R
-0.16747080502031322,-0.014747860933096386,-0.0088920368376751,-0.007625425339339078,-0.007099665695583776,0.46285701887899944,0.717136550145795,-0.03925121298460602,-1.0320609106067564,-0.729745573641372,-0.8135377180771037,-1.035598907617635,0.8361056248437485,Sleep stage R
0.12759138191518074,0.31951351255070526,0.32618365641042835,0.32761697834764697,0.32821143526857594,0.7536911828812236,3.1958524169970985,0.29138972653622175,-0.8262419432288436,-0.6734223778319606,-0.7554964018650808,-0.9811889654469197,-2.491296486275256,Sleep stage R
-0.0964848381457533,0.06298136271703757,0.06843444689879005,0.06961131298023182,0.07009349141095671,0.49985390800543833,0.45984057451389965,-0.001131148083181241,-0.5912350364949595,-1.577079730450945,-0.7893195417198239,-0.9910603259538304,-0.2730284121959196,Sleep stage R
-0.08051490766236917,0.08292590870066689,0.08934773407823458,0.09073595232207764,0.09130621158049186,0.5348307806807674,0.549511120690935,0.03597721307077665,-1.015394300131694,-0.833503530701253,-0.790255161406261,-1.0191087329575135,-0.2730284121959196,Sleep stage R
-0.26193811032373837,-0.2720140848460352,-0.2727784382838787,-0.27294483032931455,-0.2730197385967844,0.18423346740486998,1.1410970621888057,-0.2894974852203021,-1.4695174661745765,2.434132314810129,-0.39960620800997226,-1.0056430758386485,0.8361056248437485,Sleep stage R
-0.32233516113015354,-0.38517787348281823,-0.38635369377981144,-0.3866013936339877,-0.3867121645504957,0.06597948164645998,-0.3987159167075449,-0.3760276115221061,-1.5551263514333602,1.787220208576182,-0.06904562438954602,-1.0090937102321096,-2.491296486275256,Sleep stage R
0.3216844658493215,0.1347806668164905,0.12959821943320804,0.12848057406801613,0.128008642967045,0.6446800630642633,-0.02402922515371792,0.1591438936772232,-1.6118604225870687,1.2837169940847255,-0.10435273187981278,-0.7677166413933803,-0.2730284121959196,Sleep stage R
0.8258828733385694,1.1162805879254682,1.1256236404264544,1.127621407197373,1.1284552601315645,1.241202836536478,1.9935442582561127,1.0046849980322161,-1.416993753542531,2.7531376442470767,-0.7105542052821792,-1.0030985312742609,-2.9099321976679415,Sleep stage R
0.606278335318169,0.8047050127653084,0.8101641141614251,0.8113182901826801,0.8118048955581596,1.0905442831648928,3.4152866565021647,0.7629897751393464,-1.0596701266835993,0.020383162112730595,-0.667351052507829,-1.0306583165046797,-0.2730284121959196,Sleep stage R
0.1747853350863207,0.23223723582924763,0.23235415381654734,0.23236481322397265,0.2323675087273236,0.7185018889050058,0.44415921575859485,0.24760396121328643,-1.34477733549546,0.9127898045329689,-0.5550675121805935,-0.9995026097177808,-2.491296486275256,Sleep stage R
0.30842557233318924,0.4335041199739189,0.43982994862631597,0.4412037327360911,0.4417659456355166,0.8455319696903366,1.053142733969182,0.4105183342958946,-1.8638287415235761,2.7302270353893427,-0.6382056878900202,-0.984238637029872,-1.3821624492355877,Sleep stage R
0.47868209739189027,0.7182986131438959,0.7253834014592843,0.7269054991482334,0.7275232856038204,0.9890571236367777,0.5288051561590682,0.6108815458857166,-1.490806899262376,2.3338571878370415,-0.7238360748128272,-1.0196483852146756,0.8361056248437485,Sleep stage R
0.38860059808661523,0.6547783925838766,0.6640010883649691,0.6659916939554626,0.6668133226658315,0.9850434038803441,2.0494514777749075,0.6050485565580679,-1.3749270097141129,1.6877273616611832,-0.7669738039267432,-0.9846640861780115,0.8361056248437485,Sleep stage R
0.26931164671505153,0.7051027528060215,0.7234054810678995,0.7273768555952371,0.7290230331474299,0.9900779760203746,2.3819464619084654,0.6123649818395822,-1.13094383782754,0.8295821086779425,-0.9408403408742305,-1.0338719172484117,0.8361056248437485,Sleep stage R
0.10967153723063598,0.3598684467317446,0.3686557292463912,0.3705508524976579,0.37133272017159563,0.7247700187697197,1.799649216935199,0.2553303178587169,-1.2393549164480062,1.387766790034239,-0.8288009731445092,-1.0338179553707008,-0.2730284121959196,Sleep stage R
0.07892148188481582,0.24250043554706915,0.24780712242639097,0.24894867501295495,0.24942521814843746,0.7113573619496584,-0.1977598574283941,0.23884208779290245,-1.222602933789272,0.48481674758261584,-0.7324668594837281,-0.9201218780950506,0.8361056248437485,Sleep stage R
0.4070398943866188,0.7470335139709927,0.7575259732900176,0.7597787682208023,0.7607146472623331,1.0021175472946284,2.01837706929497,0.6299701966454415,-1.6055955316045347,2.6512496817731273,-0.8236469865707965,-1.0750192546551407,-1.3821624492355877,Sleep stage R
0.30002684106444205,0.6487183270139494,0.662392188139946,0.6653511087403686,0.6665731570619571,0.9482888282394506,0.802155069844315,0.5522067503045538,-1.2177781510300754,0.7389801761388757,-0.8624017661344983,-1.0306308914504756,-0.2730284121959196,Sleep stage R
0.15148901493494227,0.42416792549673316,0.43481646820829534,0.4371183099783392,0.438072153959127,0.8109672757627,0.4767087746633054,0.36485168696494924,-1.3907477970074742,2.4771460140779227,-0.8395241358218601,-1.0403960309390776,0.8361056248437485,Sleep stage R
0.09464628879593237,0.272470502903658,0.2801639178488047,0.28183261336242343,0.28252881229941734,0.7557414213915334,0.38607143969709257,0.29395750994910147,-1.208816826209128,1.3360251203059148,-0.7496531827307287,-1.0246418124985515,0.8361056248437485,Sleep stage R
0.4550883605758645,0.4396005413730199,0.43711151240493296,0.4365662419983643,0.4363299927102298,0.8469533998150909,-0.4857322772599846,0.4124154423142148,-1.5575609367748817,3.348324807351439,-0.44013484734345787,-1.0298914918314648,-0.2730284121959196,Sleep stage R
0.7345273052509206,0.7265021055779737,0.7228877700784411,0.7220883218023406,0.7217441011427844,1.0627080213392774,-0.46788796304126895,0.7204035274745237,-1.363406928854601,1.823558597196339,-0.4540012680756928,-1.0641124965471,0.8361056248437485,Sleep stage R
0.5258085951504845,0.786958642744497,0.794391724207543,0.7959810494430825,0.7966334832753941,1.0241814317902043,0.7705684418221348,0.6625406685848471,-1.3231819225267236,1.316487544754199,-0.7335534785957253,-1.0264509219902735,-0.2730284121959196,Sleep stage R
0.43845555369235534,0.7629005690363763,0.7774463267716072,0.7805911747263137,0.7818917839495888,1.0337653490712577,0.6372985112215874,0.6768175104423614,-1.1447329719402375,0.6224608479267763,-0.8080010835768364,-1.0243496851109244,-0.2730284121959196,Sleep stage R
0.47349627880935036,0.8116090583732373,0.8226126965617298,0.8249759580154864,0.825956318028664,1.0355994297334161,1.287209306424183,0.6795661456819843,-1.1104684432525793,0.15649830496577918,-0.8069801688758128,-1.0277143803190445,0.8361056248437485,Sleep stage R
0.14539740084047825,0.24397130327408112,0.24993433264472928,0.2512334213201072,0.25177568780916393,0.7464896213547707,1.00705174566337,0.2823384753760781,-1.6183035819532292,2.814283883937051,-0.6299633307207216,-0.9684641960709405,0.8361056248437485,Sleep stage R
0.23791680116272446,0.3177720299515916,0.3205508344341159,0.32114875976558577,0.32139075765501374,0.748344350601368,-0.22477351654567687,0.2846577173166981,-1.5104174184142107,3.299217809802513,-0.5855291884519845,-1.0583991668601045,0.8361056248437485,Sleep stage R
0.6005087904281482,0.6224118754409294,0.619834131352613,0.6192589265164943,0.6190025299854114,0.9478686788219909,0.5546222375813884,0.5516162781846775,-1.3727059527245462,1.5198342852242774,-0.4872282164250058,-1.0160407952156263,0.8361056248437485,Sleep stage R
0.8474151638676126,0.8717419958305389,0.867842474656607,0.866974784919166,0.8666002020830238,1.1185097436492726,0.14162501586090248,0.8064199264279549,-1.5992264813588442,3.2690545436783807,-0.4861732874244878,-1.046910622278478,-0.2730284121959196,Sleep stage R
0.8815593381873119,1.1878980153914522,1.1952119957754812,1.1967621497057268,1.1974081482462313,1.2991083485236636,0.14642007168313148,1.1026553167334319,-1.5936205168425257,3.36479223534212,-0.7121071166225439,-1.036842814514758,0.8361056248437485,Sleep stage R
0.7581061860176204,0.7026105969652962,0.6945682946200167,0.6927989199792193,0.6920621512835207,1.008584726402746,0.06828240097801187,0.639470256658022,-1.4178679711212774,2.4930153478591754,-0.3974028270289663,-1.0454503707157212,0.8361056248437485,Sleep stage R
0.7079036743340433,1.120008653109242,1.1342034837824082,1.1372594088649797,1.1385224022757183,1.248435906861216,1.4517236093444421,1.0167659366220012,-0.5955836242590283,-0.9933329246049067,-0.8108761747353207,-1.0569139076797562,0.8361056248437485,Sleep stage R
0.6560660348999886,0.32807886156945293,0.3194412754425955,0.3175851547100688,0.3168049196666059,0.8385653997100897,0.6257922486452671,0.4012269178980289,-1.6144682682202331,1.2051903054007687,0.03685018723577236,-0.7340753886245656,-1.3821624492355877,Sleep stage R
0.7923127456306499,0.05676812260833474,0.03755781042736258,0.033431844324747585,0.03171968764717462,0.7311290854588562,0.06540764248683922,0.26319378979181596,-1.4830432076016784,1.8169224525342969,1.135393051150892,-0.9820535107231495,-0.2730284121959196,Sleep stage R
1.0260447949167073,0.9713195186340816,0.9672155080490922,0.966301726469755,0.9659255893538222,1.2021197102637722,-0.650827440232356,0.9401612685487145,-1.4630844014208626,4.025695085872253,-0.4157052450772196,-1.057097131549225,-0.2730284121959196,Sleep stage R
0.5979513457430562,0.7241779400264057,0.7297490496475466,0.7309306680223744,0.7314274618418324,1.0863824560100026,2.1025600376767852,0.7565675863525839,-1.0316261674343459,0.43401154569708084,-0.6041939017794778,-1.0497786400425588,-0.2730284121959196,Sleep stage R
0.3743091589702945,0.5933863040342154,0.6016849487806003,0.6034673711070656,0.6042070811410237,0.9330350987946093,0.48186465634518755,0.530628437769146,-0.752158668582699,-0.6728303261511733,-0.7267184786282477,-0.9559258065496901,0.8361056248437485,Sleep stage R
0.4368710095150847,0.371070757725399,0.3651579250369067,0.3638613649938574,0.363316618371986,0.7994101441599183,3.077436773563061,0.3498178310647108,-0.5741358881634757,-1.3636756607439944,-0.3607748210150379,-1.0636944302319644,0.8361056248437485,Sleep stage R
0.511667662768667,0.3887561281804362,0.3808279820000664,0.37909961275794524,0.37837776253770095,0.8563301333869485,2.982284775146714,0.4249971914244616,-0.700882972006398,-1.3557932765947232,-0.2798415169051959,-1.0337395183063847,-4.019066234707609,Sleep stage 2
0.264768060193404,0.4107486910788946,0.4127043833259169,0.4131057990959113,0.41327174425612373,0.7988298082631082,0.4972300366235901,0.3490553927072093,-0.5800094490697092,-1.5094249277376426,-0.6634235110597998,-1.0216350278940305,-1.3821624492355877,Sleep stage 2
0.27560898119069344,0.44663957191481185,0.45055782393721916,0.4513912860768833,0.45172717624687886,0.8108314168858664,0.3461402264971631,0.3646826681365214,-0.47640236980592926,-1.5044765835744094,-0.6924285036525333,-1.065295792754762,0.8361056248437485,Sleep stage 2
0.09865754653808864,0.1742999949664178,0.17505389279600694,0.17520526015507004,0.1752596916044093,0.6051308856858386,1.0336565029279534,0.11363289482920252,-0.7120768432510182,-1.2840813858471707,-0.5934953953187395,-1.0675603991618907,0.8361056248437485,Sleep stage 2
-0.26621134776886246,-0.31349829533110124,-0.31549605910970263,-0.31592737593126435,-0.3161084391335344,0.1826817166820456,-0.00037158978031110487,-0.2907070974087726,-0.48048065054975925,-1.6438315392451768,-0.2209169979406084,-1.0615424414299246,0.8361056248437485,Sleep stage 2
-0.12730066586662678,-0.03221818970443419,-0.02968552958619926,-0.029143446670352468,-0.02892229428385073,0.42392094052476664,1.162080049726229,-0.07814185931826004,-0.9160433057333051,-1.0147785206827424,-0.6826750888235197,-1.0423332207055225,0.8361056248437485,Sleep stage 2
-0.16528026250243855,-0.07582271233512942,-0.07263352605857433,-0.07194619981855596,-0.07166777376210984,0.38959614068630233,1.2615374699774018,-0.11136355529094354,-0.46933474582067713,-1.6708051052283843,-0.6862091559779654,-1.05442613682765,-3.600430523314924,Sleep stage 2
-0.2835876202492466,-0.1701219623954584,-0.16468746551759958,-0.16350625133984437,-0.16302142059222585,0.2989385016392961,1.0871731815744519,-0.19435879453850877,-0.7413586629266643,-1.3701652248837328,-0.8057828910864723,-1.005275510987634,-0.2730284121959196,Sleep stage 2
-0.24856216792902494,-0.2284646553498063,-0.2289683202779691,-0.2290801696441162,-0.22913281667178892,0.22142093916018443,-0.18692911473968188,-0.2598595337593993,-0.7395450881363889,-1.40926456507534,-0.5125354132596819,-1.0372813024563357,0.8361056248437485,Sleep stage 2
-0.3768168922299756,-0.3517725112795445,-0.35065574513022835,-0.35041170109117786,-0.35031792858315625,0.06305271304748798,1.9773425275525292,-0.3780177397213756,-0.48412861709528343,-1.9035501109420967,-0.5614490946632213,-0.9246990787420701,-1.3821624492355877,Sleep stage 2
-0.38782760742759986,-0.3530703340378077,-0.3518379216780023,-0.35156939150344374,-0.35146576808603175,0.06854982465454375,-0.1842547990513358,-0.3742693421395728,-0.691489148554939,-1.650502950602182,-0.6099807457916272,-0.9823286369028413,-0.2730284121959196,Sleep stage 2
-0.4400154461303861,-0.396207985719643,-0.39450706790269474,-0.3941373103555742,-0.39398880274109244,0.006304435386870293,-0.4072649285891972,-0.4152423767928263,-0.8145626068677171,-1.2735253594878948,-0.6882163936859217,-1.0053018338145348,0.8361056248437485,Sleep stage 2
-0.44249850121192585,-0.411197044527913,-0.40998611559136455,-0.40972194120447686,-0.40961705270598875,-0.005595821310820322,0.2629929451069814,-0.42270552731981414,-0.3655202700116236,-1.9072357872878358,-0.6223156970566542,-0.985220433031592,0.8361056248437485,Sleep stage 2
-0.42838349140266785,-0.3871643454435091,-0.3854106311889464,-0.38502847306261156,-0.3848763264211316,0.009542464156292849,0.5149454258921515,-0.413189861724311,-0.4695780304858424,-1.8355306811480046,-0.6667182865466258,-0.9477156620283872,-1.3821624492355877,Sleep stage 2
-0.46885217017442626,-0.42759414664118983,-0.4256232322876523,-0.42519197494358774,-0.42502067206896477,-0.054311997950049734,-0.3056508375621192,-0.4520206840116061,-0.2204956824166367,-2.1019503581892907,-0.7041814229949838,-0.7995784507550838,0.8361056248437485,Sleep stage 2
-0.40876696435243925,-0.3632902948803659,-0.36098928552378334,-0.3604873933787618,-0.36028719737837067,0.04522511023974084,-0.09306019312986911,-0.3900043893280368,-0.38115648049968615,-2.0456862435670247,-0.6748986677285608,-0.8173892973717959,-0.2730284121959196,Sleep stage 2
-0.44078986290928346,-0.41668524512748434,-0.41560575248877724,-0.4153686361057952,-0.41527754192692107,-0.034962920284903054,0.7728638516218099,-0.4406172245246509,-0.67104369895012,-1.7410381153624024,-0.5798257116274728,-0.7947136801734396,-1.3821624492355877,Sleep stage 2
-0.4855157761090378,-0.47358766570634164,-0.4728619490666997,-0.47269972116182657,-0.4726398250534799,-0.11921558798959762,0.48172277155754006,-0.4879866524086999,-0.23716262188103043,-2.264340966683704,-0.5091152571081775,-0.731387653954715,0.8361056248437485,Sleep stage 2
-0.4763363133924008,-0.46257932227646475,-0.4619605120364614,-0.46182239210892057,-0.4617723953392397,-0.10032443483588799,-0.08738706597079404,-0.47788167032417017,-0.3985724194661573,-1.8971581840195915,-0.520529309049895,-0.8186548343814599,0.8361056248437485,Sleep stage 2
-0.4945104229640613,-0.47013124770153525,-0.4690702662092193,-0.4688369834729447,-0.4687468838881254,-0.12240346321157582,0.9575736528006884,-0.48966246380895473,-0.6624492753019202,-1.5206291644766998,-0.6140908070210184,-0.9765740200911961,-0.2730284121959196,Sleep stage 2
-0.5095687374993456,-0.4983493645967017,-0.49753212795646945,-0.49734918594531785,-0.49728092834882887,-0.16099740204215,-0.1195916700271028,-0.5092702731544908,-0.2518574111511549,-2.049421919848951,-0.5088908545794077,-0.8781887173836997,-0.2730284121959196,Sleep stage 2
-0.4988219988684393,-0.4825619633849039,-0.4817070340879189,-0.4815168483555454,-0.48144610500717755,-0.14297940913758805,0.010707519918381403,-0.500268916377539,-0.2052900537127244,-2.265937171814246,-0.5507827009229432,-0.6971332097779666,0.8361056248437485,Sleep stage 2
-0.44915123537916013,-0.4552053999733479,-0.45527259707768875,-0.4552824235267767,-0.4552942199457458,-0.07546898401197707,0.3095092311774344,-0.4641332743851437,-0.37383481604585117,-2.053622739541758,-0.3616082320616935,-0.8491532369020447,-0.2730284121959196,Sleep stage 2
-0.4995272877873404,-0.4871248293526002,-0.48653597172339497,-0.48640480006610154,-0.48635624685134965,-0.14474759492484118,0.24051568866785297,-0.501165328225607,-0.6562370460166702,-1.746555875546753,-0.5148419374138976,-0.8877123293837084,-1.3821624492355877,Sleep stage 2
-0.49328412129331783,-0.4814000195112785,-0.4809789250061181,-0.4808841285226832,-0.48085087797715487,-0.12845385068170226,0.8563574653245644,-0.49281712407633793,-0.34605302570503504,-2.1800128125458156,-0.507122170061226,-0.7066644618390022,0.8361056248437485,Sleep stage 2
-0.5035367931595632,-0.5056080550324511,-0.5054663451051659,-0.5054304759405321,-0.5054224675350887,-0.1747806631728548,-0.1736298861727863,-0.5159687119998415,-0.2810557718165015,-2.1862231519449096,-0.36348158517254026,-0.8002066907114073,-0.2730284121959196,Sleep stage 2
-0.5181661905016762,-0.5109912828567205,-0.5105172544224592,-0.5104097097299817,-0.5103722741596446,-0.19445757503705485,0.1799340021662093,-0.5252608543094361,-0.7830475204558986,-1.7060458075069176,-0.46378486111285205,-0.8571865165743662,-0.2730284121959196,Sleep stage 2
-0.5240277904565691,-0.5167463039313099,-0.5162209001855821,-0.5161025046126212,-0.5160593329224328,-0.20421973917145786,0.9599983272971533,-0.5297474681720944,-0.5158004411359456,-1.943250387663375,-0.4651347125427717,-0.7911006710762495,0.8361056248437485,Sleep stage 2
-0.5390064321799878,-0.5316708155635497,-0.5311438132305109,-0.5310249539387462,-0.5309812588871183,-0.21361231663009933,-0.2015400783744895,-0.5339900658904958,-0.702308472662232,-1.8400967988199861,-0.4643620930289508,-0.7739840225346319,-1.3821624492355877,Sleep stage 2
-0.4988300715426224,-0.5187169472604497,-0.5189305364712635,-0.5189699851246398,-0.5189927144767534,-0.16363911456624622,0.09424126516097553,-0.5105679362641444,-0.7425115062031542,-1.7570062129928652,-0.13932932563624653,-0.8342189507300615,-0.2730284121959196,Sleep stage 2
-0.5276853871942104,-0.5285194683416329,-0.5281108915920876,-0.5280164693424959,-0.5279846434996901,-0.2172936774213714,1.0354490893012922,-0.5356312547521712,-0.8448619075337074,-1.6521620507469181,-0.36053416437935254,-0.8912902321055636,-0.2730284121959196,Sleep stage 2
-0.5266651372042382,-0.5157258332511625,-0.5148582942611363,-0.5146649940348093,-0.5145921605494925,-0.20359044719006317,-0.0309761338815392,-0.5294584809356625,-0.9806817097542114,-1.5720372180521835,-0.5109178413994029,-0.8475513103092704,-0.2730284121959196,Sleep stage 2
-0.5404476497093377,-0.5320604914601237,-0.5313640667447054,-0.5312072394701034,-0.5311495861914742,-0.24152126891368939,0.15408608905313578,-0.5461592599101948,-1.1135347916205767,-0.943244609457035,-0.4805720406149142,-0.9144525473616831,-0.2730284121959196,Sleep stage 2
-0.5198996345165737,-0.509322595283761,-0.508381485233164,-0.5081717432740119,-0.5080923716360526,-0.18983344348950887,0.6186141980386909,-0.523105006617186,-1.001972781180256,-1.5681434171075184,-0.5063175815356428,-0.8027611752251258,0.8361056248437485,Sleep stage 2
-0.5553231209350914,-0.5523398102287665,-0.551727025782595,-0.5515877588766673,-0.5515367331607606,-0.28266250403310617,0.02096795339766799,-0.5629073896013329,-1.382275231696183,-0.8174821246208404,-0.39442973962791583,-0.9312184930786124,-0.2730284121959196,Sleep stage 2
-0.5337058958651013,-0.5205415296868485,-0.5196430008484322,-0.519442200623626,-0.5193660107097463,-0.20042060132913997,0.26888735979093337,-0.5280105055417859,-1.214347887670673,-1.1593235791721173,-0.5386406981201521,-0.9122645896555768,-0.2730284121959196,Sleep stage 2
-0.5523423192853794,-0.5398955763636963,-0.5390181094826344,-0.5388218033408733,-0.5387482168793283,-0.26024984684411195,0.5799365682510412,-0.5539603472503043,-1.1317297914674997,-1.3189298580877689,-0.5401926180218413,-0.8515772879616826,0.8361056248437485,Sleep stage 2
-0.5451344670298179,-0.5498225109650783,-0.5495950601637369,-0.5495391362448488,-0.5495235589009805,-0.27481571816471323,0.8145352806278855,-0.5598231020782145,-1.2264938440679503,-1.097213188835676,-0.270283646549297,-0.8796135167806529,-0.2730284121959196,Sleep stage 2
-0.5471958244190004,-0.5421252414263094,-0.5414771583616574,-0.5413312826318317,-0.5412775139032319,-0.2623445872780018,1.500811132937068,-0.5548147062670236,-0.9985253040639374,-1.4639393012891158,-0.4330764569631025,-0.8389201011366049,-1.3821624492355877,Sleep stage 2
-0.5434873078754859,-0.5286098111588844,-0.5277927529646984,-0.527610646587482,-0.5275419216315549,-0.2312259127436952,-0.48157928704928393,-0.5417465956301492,-1.181986149682425,-1.2038230108778443,-0.5632755865609944,-0.9122275710213225,0.8361056248437485,Sleep stage 2
-0.5356446507853544,-0.5266661215853896,-0.5259091184608399,-0.5257397353859807,-0.525676287794803,-0.22656578021507398,-0.38898655401823795,-0.5397191972458169,-1.3670028414963462,-1.0941136380483187,-0.4885242478088528,-0.8577578124929449,-0.2730284121959196,Sleep stage 2
-0.5552867048335822,-0.5532917744060467,-0.5528438762837581,-0.5527406426970692,-0.552705324737977,-0.27984509679979513,-0.023555336276636522,-0.561805522562814,-1.336119123823559,-1.023701814128021,-0.37428845127371596,-0.9096494276917966,-0.2730284121959196,Sleep stage 2
-0.5444107528338142,-0.5352229331722257,-0.5343684802558372,-0.5341770338068893,-0.534105984048585,-0.2423929481337241,-0.2876552683206669,-0.5465294553693499,-1.3904750196543363,-0.8800235064199428,-0.49385725527058366,-0.9241836904360001,-1.3821624492355877,Sleep stage 2
-0.5592469540744398,-0.5524582117299784,-0.5518198143678957,-0.5516753949157391,-0.5516223047853142,-0.286701869794196,0.11270097689672849,-0.5644787102637954,-1.3833671161882883,-0.890911984588708,-0.4551353541905398,-0.9473314234380048,0.8361056248437485,Sleep stage 2
-0.5412999466450538,-0.5391382095976266,-0.5386183464536997,-0.5384995549085659,-0.5384572644373334,-0.24668991633444082,3.7621694737675804,-0.5483406032722994,-1.410848464941604,-0.954446999462997,-0.3919535250029026,-0.8803426615950737,-0.2730284121959196,Sleep stage 3
-0.5758936031768084,-0.5715639903062939,-0.5708429655507626,-0.5706799253414228,-0.5706186191495556,-0.3255447102971726,1.144334861873525,-0.5788545641014621,-1.5791019302122855,-0.5761310605262808,-0.40199712659539194,-0.8594240730207205,0.8361056248437485,Sleep stage 3
-0.5837434593475773,-0.5808110509186697,-0.5802165042275175,-0.5800810485074752,-0.5800317499961624,-0.35445722590870105,1.3574924760683267,-0.588739022995325,-1.4684002892249701,-0.7612539202798101,-0.354507273459018,-0.9502107317343027,-0.2730284121959196,Sleep stage 2
-0.5489497296484647,-0.5501216955149664,-0.5495795853212763,-0.5494547434796152,-0.5494105798070801,-0.25830559564076777,0.3201986617434666,-0.5531629595887513,-1.426673259156286,-0.9336492173568799,-0.3307687918857686,-0.8837623487325302,0.8361056248437485,Sleep stage 2
-0.5551726694658353,-0.55277122581514,-0.5522559992401069,-0.5521382529457097,-0.552096133230276,-0.2748677626847045,0.021846254222700805,-0.5598423860756011,-1.5000582138757037,-0.6805790920870863,-0.3827585567128747,-0.9155194191433081,0.8361056248437485,Sleep stage 2
-0.5728512572269993,-0.5742171978259697,-0.5738408173351055,-0.5737528376338727,-0.5737229087332407,-0.33251725995223214,-0.2341083346423447,-0.5813029431328144,-1.3343903037408313,-1.0901428206751262,-0.26989506876845504,-0.9207682635732909,0.8361056248437485,Sleep stage 2
-0.5506915631239376,-0.556922311320809,-0.5566504216005175,-0.5565843640726671,-0.5565641439422416,-0.2826156430957927,0.20900735751272553,-0.5628921159090617,-1.6492954650840823,-0.4489287431413305,-0.22814719323357716,-0.9117484954799104,-0.2730284121959196,Sleep stage 3
-0.5789149461798194,-0.5766552408294731,-0.5759236566810003,-0.575757405428148,-0.5756957121555726,-0.32820792300622836,0.634313239615515,-0.5797969146338026,-1.580653677269137,-0.4834769054802589,-0.3516152375991241,-0.9605591098773245,-0.2730284121959196,Sleep stage 2
-0.5583772124941648,-0.565910862690096,-0.5657454757928422,-0.5657030282261163,-0.5656917910479717,-0.3007782617875424,0.34395405896081405,-0.5698342345547167,-1.6296363889326881,-0.5079154608044223,-0.1711821517263573,-0.9286946669628918,0.8361056248437485,Sleep stage 3
-0.5460278883891274,-0.5478914781236178,-0.5473544410781607,-0.5472314171676642,-0.5471871926771913,-0.2422899567944503,0.564987149354884,-0.5464858922647153,-1.552674906689005,-0.6309022748568711,-0.3236707206214541,-0.9037316749720906,-0.2730284121959196,Sleep stage 3
-0.5863268020515192,-0.5813579539397555,-0.5806944280350491,-0.5805441893211616,-0.5804886465392556,-0.35995342282806375,-0.4355184843608632,-0.5905381751045057,-1.7088822349164396,-0.14441761104072082,-0.4032146250410569,-0.9418915927007483,-0.2730284121959196,Sleep stage 3
-0.5665742602026012,-0.5651976011944294,-0.5647869040489385,-0.5646918963324556,-0.5646594629488215,-0.3136250813479573,-0.40013404161525534,-0.5745794093969396,-1.5583544673074363,-0.5823365764700283,-0.3460214121443194,-0.9114138087848762,0.8361056248437485,Sleep stage 2
-0.5605484429699366,-0.5611419869753115,-0.5607376324657504,-0.5606436049269375,-0.5606119431004184,-0.30866840511069404,-0.5546919196276306,-0.5727653779154467,-1.6387338763138766,-0.3651828576639981,-0.3177430432577101,-0.9527425546502513,0.8361056248437485,Sleep stage 2
-0.5331353131109807,-0.5420526336139921,-0.5419229568262848,-0.5418882453120676,-0.541881344166998,-0.2524066005614429,0.26887548880881523,-0.5507286463407973,-1.589481363304796,-0.5151736897426997,-0.22407315832011554,-0.9420561955992072,-0.2730284121959196,Sleep stage 3
-0.5449277636123437,-0.5481982778840747,-0.5478236779938509,-0.5477361473046539,-0.5477069904692813,-0.2723947893400262,-0.050636942362437105,-0.5588604805211439,-1.5775746303655886,-0.6078281498815993,-0.29849013370493727,-0.9001871577454157,0.8361056248437485,Sleep stage 3
-0.5740073800968565,-0.5730911077187404,-0.5725601603411238,-0.5724384093194859,-0.5723949370039811,-0.32967820575374623,1.1414389690585183,-0.5803124884017478,-1.6477386099755988,-0.5210306651448797,-0.3248506818786665,-0.9429618574499016,0.8361056248437485,Sleep stage 2
-0.5721286794905148,-0.570460112458635,-0.5700318945834841,-0.5699331596520442,-0.5698988554182168,-0.32241272069374804,-0.6543117313219781,-0.5777437331326932,-1.5940860840606792,-0.5288226703748863,-0.3426638194489888,-0.938236421744432,0.8361056248437485,Sleep stage 2
-0.5500085408450416,-0.5592561330134713,-0.5590860421959857,-0.5590429496739319,-0.5590310142571084,-0.27674978017675766,0.16476134223916475,-0.560589466931648,-1.5245534573128392,-0.6914196472656987,-0.16645338253778688,-0.9090792918012294,-1.3821624492355877,Sleep stage 2
-0.5517885887047325,-0.5509768033266866,-0.5506099688320778,-0.5505245724577409,-0.5504958306009805,-0.26879735130845656,0.37796314451912116,-0.5574210616016155,-1.6218788527543595,-0.3637804931070152,-0.35672633371873064,-0.9257137690361457,0.8361056248437485,Sleep stage 2
-0.5560602049961623,-0.5602325058583204,-0.559923722010042,-0.5598501340151429,-0.559826812372002,-0.28884691149633135,0.4528123986593171,-0.5653032415972767,-1.6318850188193323,-0.45497054572174367,-0.2548490686801858,-0.8836222982250702,-0.2730284121959196,Sleep stage 3
-0.5523709434164641,-0.5607925925004399,-0.5607265914325408,-0.5607061335891822,-0.5607042053779218,-0.28920055168519865,0.3840876984310493,-0.5654394364503833,-1.6634909206793376,-0.3252950066391852,-0.17236538890320127,-0.9460578320094576,-0.2730284121959196,Sleep stage 3
-0.5636401067143118,-0.5565216678520154,-0.5558847780610454,-0.55574146890769,-0.55568794298517,-0.29399801475763093,-0.07946468491696414,-0.5672748594946975,-1.5684569602667353,-0.6732194638894831,-0.459563399463982,-0.9252607018484983,-0.2730284121959196,Sleep stage 2
-0.5497249954745738,-0.555650154580054,-0.5554418015551306,-0.55539036941359,-0.5553747756680939,-0.24674868288121213,0.3272923136449752,-0.548365977071857,-1.6806876170995546,-0.40252372478906595,-0.23536835737619424,-0.9079289035284173,0.8361056248437485,Sleep stage 2
-0.5658250920198511,-0.5706607720954929,-0.5704871394337849,-0.5704435105821672,-0.5704313258226757,-0.3120446536861513,0.5260980457932376,-0.5740013576466279,-1.6063283852137649,-0.5032624595364978,-0.20500645092520964,-0.9459212052665603,0.8361056248437485,Sleep stage 3
-0.5577062573641003,-0.5529848193426468,-0.5524033382101214,-0.5522714608002249,-0.5522233253410557,-0.2758047291521451,0.568167210036012,-0.5602173589410119,-1.658665557956325,-0.4166989060148157,-0.4209066385142718,-0.8994588893019435,0.8361056248437485,Sleep stage 2
-0.5631869895186997,-0.5676469458595094,-0.5672548957998712,-0.5671631127047552,-0.567132189013561,-0.30050997956226433,0.148570974429008,-0.5697333920326105,-1.7146129253126443,-0.2807139156297973,-0.2293641711879893,-0.9225423823449519,0.8361056248437485,Sleep stage 3
-0.5645437576633889,-0.5674252929357279,-0.5670982067064511,-0.5670207860431813,-0.5669958517163666,-0.3115705410282601,-0.1423402043489802,-0.5738290136476952,-1.5797176396221062,-0.5121187803278543,-0.25852107076064185,-0.9147352779547326,-0.2730284121959196,Sleep stage 2
-0.5629326786171972,-0.568043413771883,-0.5676503213376959,-0.5675584265777293,-0.5675276157761319,-0.32118220647259443,0.5433966136256263,-0.577312178743794,-1.7510521775523833,0.007999534383568836,-0.2155136695955348,-0.9666557440096952,-0.2730284121959196,Sleep stage 2
-0.5567133094678738,-0.5563815102482731,-0.5559125998918086,-0.5558044398921924,-0.555766704946633,-0.2891604765716965,-0.3323754591222924,-0.5654250667676103,-1.6604168652658946,-0.36241010196997353,-0.3434229762353523,-0.9773678587659389,0.8361056248437485,Sleep stage 3
-0.5571850288470753,-0.5624478903207347,-0.5622370842138579,-0.5621851563710051,-0.5621704435760682,-0.29383117341170023,0.22848959491802545,-0.5672111640552964,-1.730191576422433,-0.29382483963359535,-0.2265598284072461,-0.8725541543387355,0.8361056248437485,Sleep stage 3
-0.5681676685986852,-0.5626028592895285,-0.5619585036589945,-0.5618126072537498,-0.5617595326107904,-0.3142872451128753,0.8687243198950417,-0.5748172188399324,-1.7939646915528125,-0.16462930777719792,-0.4307031457312678,-0.9158100748958503,0.8361056248437485,Sleep stage 3
-0.5681187871987432,-0.5686718242425522,-0.5681707537196529,-0.5680554924784476,-0.5680152022713967,-0.32602050137091243,0.179842253706545,-0.5790253257863908,-1.580880486172316,-0.6690353621634145,-0.3047242564308166,-0.88085716137049,-0.2730284121959196,Sleep stage 3
-0.5634749564913489,-0.5633117661139299,-0.5628207669463436,-0.562707580746914,-0.5626678238140301,-0.2989506348127047,0.8765324588533517,-0.5691475200696562,-1.6341055804631843,-0.48925107622921127,-0.3291634406803446,-0.9131954807197381,0.8361056248437485,Sleep stage 3
-0.5619009780668198,-0.5573214283107879,-0.5566261931498573,-0.5564692403210749,-0.5564114056889626,-0.3003494149625004,0.1967945877847293,-0.569673759407834,-1.512208002051121,-0.5654641731667652,-0.4181143816838158,-0.9296738543068627,0.8361056248437485,Sleep stage 3
-0.563097920551212,-0.5570510693755504,-0.5563735376637943,-0.5562206305615801,-0.5561637006816783,-0.284518915282167,0.8738946027452806,-0.5636314777627196,-1.8366487395252638,0.06397894653690553,-0.44241696395975544,-0.9353117824826788,0.8361056248437485,Sleep stage 4
-0.5731518564137261,-0.5730110366906473,-0.5725665403001677,-0.5724636877335193,-0.5724274059059655,-0.31118295058385004,-0.25896987489169965,-0.5736862555468903,-1.7077373082185836,-0.2978835078542198,-0.30660616476769603,-0.9472135377799898,0.8361056248437485,Sleep stage 3
-0.530705630065928,-0.5162623670667056,-0.5144820384347563,-0.514085115996809,-0.5139247516966162,0.03075911225553648,3.1721249507069387,-0.3995292920298288,-0.647368194541824,0.19258397833689292,-0.5622919586197147,-0.853486813156564,0.8361056248437485,Sleep stage 3
0.3689439592291474,0.4334061026994338,0.44793577309439503,0.4511446616013934,0.4524850995720506,1.1906039046564414,-1.745834121916127,0.9213860206795763,-0.6558694772569957,0.37607189399215474,-0.5711782698976969,-0.6471108758860528,0.8361056248437485,Sleep stage 1
0.8155102304428227,0.923694537086989,0.9275628090241884,0.9283998802108732,0.9287360150825387,1.1898266296363071,0.5176260805735051,0.9201328255511289,-1.4666319567995751,-0.05811427454536834,-0.5699659454618831,-0.9648704006081663,0.8361056248437485,Sleep stage 2
1.0277293314665812,1.1914539506411597,1.1931300753539833,1.1934707394804567,1.193595484357924,1.3007397319356433,-0.10432479534538794,1.1054462479841294,-1.4693555057803396,-0.7919812528961363,-0.5971911769458587,-0.9823497209479345,-0.2730284121959196,Sleep stage 2
0.8162626939712552,0.7924298590494014,0.7875714861638972,0.7865017638439903,0.7860411715570861,1.1280283483491955,-0.34336878164091605,0.8213343359143861,-1.1354020295088332,-1.126770022348329,-0.43782338259281567,-0.824760241290337,-2.491296486275256,Sleep stage 2
0.8586667689690244,0.6313181248526644,0.6401310877991325,0.6421069543104948,0.6429462628099973,1.73467861485306,-0.6763497922666792,1.9296401406936845,-0.008261790970548355,0.2812782675817979,-0.2274080476187567,-0.64230212921137,-0.2730284121959196,Sleep stage 2
0.5888688079414559,0.85334642539193,0.8629013077644218,0.8649588972690101,0.8658103479898783,1.0904505338182517,0.8893973908991437,0.7628289835098193,-1.3756196365515032,0.2855821029477961,-0.7273251979536399,-1.0208570440292855,0.8361056248437485,Sleep stage 2
1.5547324607684327,1.698640305319444,1.6973079570450722,1.6969791079922725,1.6968328964241266,1.5637019215922456,0.3259080489942108,1.5860543377158538,-1.3204359877128127,-0.7477324761096891,-0.5568966732957737,-0.8716987578374503,-1.3821624492355877,Sleep stage 2
1.338628597728056,1.418387181152265,1.4176194739264183,1.4174337993782278,1.4173442627285615,1.5017978216369225,0.07992080816497665,1.4677052832850637,-1.1722504663917108,-0.10736783126617243,-0.5242336357754938,-0.8850894068632996,-0.2730284121959196,Sleep stage 2
1.4747225152400862,1.3879966860527466,1.3828586669312628,1.3817333258077,1.3812717775405607,1.481259160920834,-1.2336781613572194,1.4291509336350101,-1.002830171201359,-0.9236330630759618,-0.40485129216983273,-0.991214726544631,-1.3821624492355877,Sleep stage 2
1.399506787239173,1.437835589185545,1.4328913406408714,1.4317825509213917,1.431323636045108,1.4664001538403182,0.5272178943074762,1.4014799845051027,-1.1832112949398215,-0.8651709126627966,-0.4921271142716282,-0.8787452255059478,-0.2730284121959196,Sleep stage 2
1.1621184363559887,1.2453891942442012,1.2439789902174878,1.2436486098314712,1.2434993262226428,1.3685033598768566,0.13273990541036562,1.2237606447614355,-1.001630495519419,-0.9810007001751442,-0.5307166856262187,-0.9359667751827273,0.8361056248437485,Sleep stage 2
1.4304752654001374,1.5054253169974658,1.5062633011017743,1.5064266493813994,1.506477739470057,1.5193569818927388,-0.5991930436387559,1.5009486370144365,-0.4134863599955295,-1.0045954864334155,-0.5203618524658253,-0.9058962737663411,-1.3821624492355877,Sleep stage 2
1.172488992462676,1.477599492638518,1.4886282955278833,1.4910033722125153,1.4919732375063803,1.464906878477599,0.36094876975369583,1.3986934390761454,-1.0282893953029986,-0.7477209487201835,-0.6817401419044984,-0.8839327946023017,-0.2730284121959196,Sleep stage 2
1.4405381305972842,1.13071242700287,1.1147490626892376,1.1112803359753831,1.1098101114366152,1.3411231843363298,0.8781180771993377,1.1754925726261622,-0.6347272814414252,-1.3299541767037963,-0.20297089271036547,-0.9406138561210234,-0.2730284121959196,Sleep stage 2
1.4283507186547866,1.4639525982281245,1.4562491625478506,1.4545319854495293,1.4538204551284855,1.511940036246364,1.2395476863981043,1.4868702531270301,-0.8959132924646288,-1.1473436922547244,-0.4878316505170958,-0.6128785384043909,-2.491296486275256,Sleep stage 2
1.399743343723086,1.2243576408603143,1.2109170085170933,1.2079715850157604,1.2067417014828907,1.3458616702982589,-0.8205397349256103,1.183795552244905,-1.132049973800884,0.009139303043814412,-0.32251901662240534,-1.0447005875135082,-0.2730284121959196,Sleep stage 2
0.8293978903869834,0.718916227071999,0.7141607063632804,0.7131299355669105,0.712687877203381,1.1070082096605167,0.8812339466906829,0.7884626698836578,-1.0807071533189945,-1.2601476667492613,-0.34530716468868544,-0.8586891954241669,-0.2730284121959196,Sleep stage 2
1.778179456247968,1.7058505629351726,1.6934732532666337,1.6907493208297049,1.68959891849708,1.5990804061628077,1.2605245122999431,1.6551698563384014,-0.7521848514602315,-1.041107825029503,-0.4176788600188863,-0.9836225054261232,0.8361056248437485,Sleep stage 2
1.2931254408722417,1.1790366572513515,1.1670903787319755,1.164468423254545,1.163370432943637,1.3215128486306174,-1.990129494763012,1.1413024291921914,-0.8455714650503444,-1.3351821380981057,-0.3683020109727636,-0.8909029515375427,-1.3821624492355877,Sleep stage 2
1.7869824195866202,2.0501537872621998,2.0521801979957743,2.052573926505078,2.052730982845707,1.7172892518628111,0.3397612720737713,1.8935758425591573,-1.1334779387571194,-1.2269204135321978,-0.6110614125184761,-0.8100036615986528,0.8361056248437485,Sleep stage 2
1.6531174986691324,1.9888440982428908,1.9940241505555045,1.9950987127826338,1.9955390522132768,1.729667885909239,4.17080645817,1.9192287017081011,-1.1701195093079166,-1.1965414192298538,-0.6550270729138221,-0.8171564131488033,-3.600430523314924,Sleep stage 2
0.5798656488543247,1.131973282108834,1.164623518874925,1.171761042775245,1.1747371492386876,1.6459569278291282,-0.26133724374526934,1.7483016151468342,-0.8386147881457793,0.7236862697305436,-0.9314397464248285,-0.9040484834405071,0.8361056248437485,Sleep stage 2
0.7931784924105827,1.127930442526057,1.1399780933687684,1.142579411842694,1.1436461387597114,1.2646734485803282,1.3877283359759727,1.0440670780729142,-1.2995941368939414,0.02676177341049494,-0.7464212159343944,-0.9218334900151608,0.8361056248437485,Sleep stage 2
0.8940723656107115,0.8140303839674715,0.808132698109858,0.8068511954441617,0.8063015833757826,1.112423502186978,-0.07736528698862813,0.7968929748798963,-0.9768193851962946,-0.710785503517805,-0.38218022382714617,-0.9026505461090486,-0.2730284121959196,Sleep stage 2
1.3287147177940577,1.633972770384816,1.642001969658784,1.6437228999624829,1.6444315185598402,1.5382588862277051,-0.2562643124889051,1.5370246239270269,-1.3113029988074691,-0.44162521277038075,-0.6658258162211028,-0.9135232138727746,-0.2730284121959196,Sleep stage 2
0.45274933283697893,0.38730213544115283,0.38435379285685445,0.3837144744645434,0.3834301661642873,0.8653495526034345,0.8580070238660563,0.4371700791792581,-0.9399384566895069,-1.0406418201778007,-0.36850125071119944,-0.8487937219712934,0.8361056248437485,Sleep stage 2
0.8855680476496345,1.223523262187848,1.2563708306193784,1.2635582084596857,1.2665551180663317,1.673198679085954,0.09196125613301195,1.8032710047488594,-0.25892767530068955,-0.5043821468662183,-0.7504980270066842,-0.8414625215480254,-1.3821624492355877,Sleep stage 2
0.8631905165538771,0.7376859130114736,0.7280252723835662,0.725913454698002,0.7250245852682853,1.0760517328527224,-0.7428126558071598,0.740726586047196,-0.1794906987063808,-1.9198779383272804,-0.3247740672778301,-0.8833945012502185,0.8361056248437485,Sleep stage 2
1.6502192084780798,1.8598441085324846,1.860467557089195,1.8605538698060176,1.8605868236854655,1.6613561961531622,1.188054959664028,1.7793158261561537,-0.9743242486782362,-1.4621020241207239,-0.590151600227106,-0.5771959690007042,0.8361056248437485,Sleep stage 2
1.3946414730131087,1.2886627880906296,1.276514070431001,1.2738419968517996,1.2727325345272584,1.3857808739810618,-0.2567109482195496,1.2545378942632595,-0.6153185841795035,-1.6967282031768485,-0.38027558460289845,-0.9351083635185513,-1.3821624492355877,Sleep stage 2
1.3081173181924979,1.1566130759910993,1.1437874840214444,1.1409770691432624,1.1398092517291243,1.3509634869408664,0.6284593394539632,1.1927678856162467,-0.8287357242294283,-1.5964315411868841,-0.3363107529504194,-0.6630084646560487,-0.2730284121959196,Sleep stage 2
1.6670356172925553,1.6397450175964527,1.6287386917248248,1.6263003985422577,1.6253011349516782,1.5847009606957834,0.9390540354421755,1.6269399473692154,-1.1194267956414805,-0.9908279127721809,-0.44516725723469786,-0.9323712535790686,-0.2730284121959196,Sleep stage 2
0.8320510522890114,0.7795098549273306,0.7721559111858615,0.7705405583485994,0.7698616055734566,1.1528779472884525,2.5317330874549104,0.8606792051521993,-0.5612877761130005,-1.9058954043440213,-0.40554974611328665,-0.5673775503324022,-0.2730284121959196,Sleep stage 2
1.7891079340757723,1.798468229235127,1.789321336679507,1.7872895404295948,1.7864499554494233,1.6368426432100465,2.200223005503591,1.73004850688675,-1.2600321378839605,-0.686576681631507,-0.46991065242742847,-0.8854818817797103,-0.2730284121959196,Sleep stage 2
0.7888154601698165,0.8171115391970821,0.8113800898632338,0.8101013166591587,0.8095798713605566,1.1231713897362985,-0.01078390809299415,0.8137140891839552,-0.4532645739634745,-1.9190747386464073,-0.4882473328872194,-0.8785287841970321,0.8361056248437485,Sleep stage 2
1.6535641994870813,1.7170978018002487,1.7095635551531152,1.7078780406306453,1.7071862155339457,1.6211073211746951,1.3056291030869156,1.6986905496653102,-1.2177064848412409,-0.7551843633168374,-0.5035294457501608,-0.9088643325097832,0.8361056248437485,Sleep stage 2
0.9676558113616853,1.0762932336826876,1.0742031478996066,1.0737148759722532,1.0735103381301243,1.2691347231129995,0.0872628559233541,1.0515831223949395,-0.371082316816371,-1.9726914493727488,-0.5563698000514823,-0.9406116232181677,0.8361056248437485,Sleep stage 2
0.9114485233502683,1.1332289930385433,1.1368595101470351,1.1376211299465415,1.1379295695704836,1.2539344825315681,1.0075779323375493,1.025976511387196,-1.0807583449762674,-1.3396914980142614,-0.6490885575813629,-0.8523790829830613,-1.3821624492355877,Sleep stage 2
0.9275402746192064,0.8768672118422902,0.8686609463849088,0.8668561105733668,0.8660951785603292,1.1537189145327214,-0.05595499456799097,0.8620172793496134,-0.8874769690968533,-1.51936080197288,-0.4108337838720671,-0.8649152496882829,-1.3821624492356026,Sleep stage 2
1.4355224009659384,1.5791641227577435,1.5778127693984318,1.5774798302472757,1.5773298819620643,1.496069592530261,0.46325877070570054,1.456912388588101,-1.0279021924050316,-0.5047507846061349,-0.5610650550888728,-0.6896564816442098,0.8361056248437485,Sleep stage 2
0.9773109505306444,1.0764992665012003,1.0749579171019592,1.0746010985592818,1.074430216407198,1.2194920494836716,1.719766521371651,0.9686764612329206,-0.7700249130520597,-1.4615622054995112,-0.549094511503039,-0.8106652671397158,0.8361056248437485,Sleep stage 2
1.2025520558802623,1.5115498996567438,1.524468390997678,1.527272673888097,1.5284300471662806,1.5278521012890607,0.46631497787920867,1.5171236031987057,-0.30549628045661,-0.9634994466449862,-0.6823547621105166,-0.8659320771002765,-0.2730284121959196,Sleep stage 2
0.06729123712642646,0.2235528891160804,0.24650735318221986,0.25158542986642407,0.2537054130837492,1.1457945195553907,0.24147017482572006,0.8493934633726234,-0.11014941011852178,1.0193193513645173,-0.7543386576484796,-0.8207669029408101,0.8361056248437485,Sleep stage 1
0.8111917943827458,1.2636640059098634,1.2881854380984632,1.293511702448021,1.2957349595724366,1.4830013102670696,-0.8242187565390797,1.432402272354109,-0.8017762491729956,0.014244113196705375,-0.8225999164167874,-0.9527541087475415,-0.2730284121959196,Sleep stage 1
0.6696399665368639,0.5854993655346101,0.5786355873943879,0.5771298101520529,0.5764931666211832,0.9721326946055558,-0.16178630059942747,0.5863644364480454,-0.5964919774338169,-1.523726165643433,-0.35831280424948025,-0.8737180439399571,0.8361056248437485,Sleep stage 2
0.9442069302534221,0.8736011046109412,0.8640228455771722,0.8619219636908384,0.861037546858946,1.1150519329100563,2.292809057647304,0.8010057852789496,-0.5146888330574951,-1.8846877764271681,-0.390276743350557,-0.5650018926251381,-5.128200271747278,Sleep stage 2
1.6202636518344733,1.6751870535078164,1.6694544052764224,1.6681715534948707,1.6676135112763193,1.5503493352478193,0.4653765877482887,1.560254869422542,-1.2594148220752883,0.17951209347620542,-0.5000701241956573,-1.0577061118661872,-0.2730284121959196,Sleep stage 2
1.599347219910473,1.4651179393671885,1.4533381760327821,1.4507560546915452,1.449678969414639,1.49055774457203,0.3897671013571364,1.4465597995994488,-1.1200019113613204,-0.9309377459142435,-0.36957456835655755,-0.9345030809137543,0.8361056248437485,Sleep stage 2
1.1709981233264737,0.9259193122551214,0.9100580532163526,0.9066037780896257,0.9051600428792553,1.2134060815805583,-0.3446188449309061,0.9586546451632575,-0.9946117022184555,-1.0954249723767444,-0.2261703506540771,-0.9303221879461796,-0.2730284121959196,Sleep stage 2
1.1646285521686834,1.0331016649533942,1.0223212394353558,1.019959708218932,1.0189698465433727,1.25526004656393,0.33264472029229014,1.0282247197177248,-0.2139276228007221,-2.2787260166609107,-0.3452782214118344,-0.6812458927810209,-0.2730284121959196,Sleep stage 2
1.236069215331165,1.3861181278071946,1.3869244022638574,1.387067949008507,1.3871262001421918,1.440860577505384,2.479818387431939,1.3543378268682258,-0.6845790003013589,-1.6177590151304306,-0.5753467141759441,-0.7032502863901983,0.8361056248437485,Sleep stage 2
1.3948341732274638,1.339948619798468,1.333538358183353,1.3321284871262544,1.3315418029472275,1.4109529933136098,1.8165064001328153,1.2998154104229325,-1.3437462943422023,-0.2973417203746322,-0.424781863641794,-0.9447313667455254,0.8361056248437485,Sleep stage 2
1.3210067286291791,1.2243044613753657,1.215266322382246,1.2132817366204547,1.2124469689169364,1.3934024448076179,0.7900485736801964,1.2681963544565478,-0.5663605299152513,-1.8139050734429683,-0.38712447565095,-0.8592478161536113,0.8361056248437485,Sleep stage 2
1.2331325860777782,1.3961579238367359,1.3946457901709937,1.3942814852026053,1.394111003303277,1.3691704052000924,0.28222306695788557,1.2249416741276808,-0.10727654009539349,-2.1718800378568526,-0.5820554465129448,-0.9252761913664851,0.8361056248437485,Sleep stage 2
1.44423570607732,1.6341498894103113,1.6435229068583683,1.6455273596585596,1.6463498495536306,1.6356533619674964,-0.76922818895296,1.727659202259695,0.6669356484908004,-0.8311424132895806,-0.5952706683252749,-0.7646749014183674,0.8361056248437485,Sleep stage 2
0.4661369456530534,0.6769079336297386,0.692690044038777,0.6961594610002292,0.697608339154248,1.4104532509769465,-1.7815615187962728,1.2989295425763465,0.3129029643278808,0.09297010265595952,-0.710262171089188,-0.24883900480693905,-1.3821624492355877,Sleep stage 1
0.6236077563795338,1.080200468688701,1.1011888273956825,1.1057558626904418,1.1076363360196086,1.338598368543894,0.09390664102763711,1.1710652428276809,-1.248174985225569,0.523114193016478,-0.8597007358936943,-1.047469888312718,-0.2730284121959196,Sleep stage 1
1.4730201923227673,1.9585030816766749,1.9730564525245864,1.9761757334081904,1.9774539333874377,1.6334896777640495,0.37743767637729564,1.7233311881389899,-1.135326680093364,-0.7985578239251172,-0.7434965350942779,-0.9060516164328098,-0.2730284121959196,Sleep stage 2
1.376150435192328,1.649459371421095,1.6582637090465526,1.660138134331816,1.6609087618759342,1.557753597781284,0.10191759645650485,1.5745513443989192,-1.1200632886108204,-1.0190490411297686,-0.6453921397739996,-0.9246939047703377,0.8361056248437485,Sleep stage 2
1.2951943959804377,1.4278930650190056,1.4281109622497055,1.4281224765561904,1.4281136548146651,1.3987972855959234,-0.9805176631953945,1.2778964964897253,-0.9164312483742462,-1.4401459299585864,-0.5610190421899043,-0.8347597458708595,-0.2730284121959196,Sleep stage 2
1.4952705302361404,1.8083657496072862,1.8157715072225065,1.8173352374677192,1.8179696493194613,1.594206734792808,0.10694310894861542,1.6455710647598796,-1.1374111359755381,-1.324709868034048,-0.6564963773958223,-0.868038956835925,0.8361056248437485,Sleep stage 2
1.5674180953367018,1.8413129162768553,1.843901360260669,1.8444069398415703,1.8446210933815854,1.6185733623210223,-0.8734291472465492,1.6936622390646596,-1.272894516437618,-0.6847663703286121,-0.6288561551432734,-0.8903162349107567,-0.2730284121959196,Sleep stage 2
1.1054052590516126,1.492664206001631,1.5005863694382218,1.5022518471045692,1.5029571286617212,1.486158171489811,0.47682847018488034,1.4383054648067595,-1.061465667257542,0.039712898992624764,-0.732399981701387,-0.9740136222317082,-0.2730284121959196,Sleep stage 2
1.4304938469717225,1.8300379836770928,1.8404061780925742,1.842616620856492,1.8435424475629116,1.6408632503585365,0.3724710952066295,1.7380963185876472,-1.3144576736410416,-0.5804446419305271,-0.7059943654847346,-0.9561993024838216,-0.2730284121959196,Sleep stage 2
0.8768414172217337,1.121405522493845,1.1240160367579666,1.1245372632612805,1.1247605322987613,1.3031584822980413,-0.4138407412358392,1.1096229636659898,-1.221872411371247,-1.0179127722486807,-0.6676345256557182,-0.8985482174763212,-0.27302841219593443,Sleep stage 2
1.5820074447901578,1.8522089487596285,1.854025376012364,1.8543633701135716,1.8545025417482242,1.6398060074237122,-0.18069521963726634,1.7359733315565888,-0.911211569893443,-1.4694169196543772,-0.6256187090624847,-0.951260351374813,0.8361056248437485,Sleep stage 2
1.3742292722497567,1.5084935115859441,1.5079836921003718,1.507832729178142,1.5077650888329743,1.4963827467984476,-1.080300276518501,1.4574937999600552,-0.559760130380315,-1.681241443529762,-0.5583113063253556,-0.9825121027175544,0.8361056248437485,Sleep stage 2
0.7563491932500959,0.7347162266618381,0.754002433556531,0.7582879181981499,0.7600845229075811,1.4549742639240717,-0.5355939308209994,1.3803046562938925,0.9765165066033892,-0.8171663184262372,-0.46911824607732117,-0.46736948358524905,-4.019066234707609,Sleep stage 1
1.4893017693901356,2.421451197241897,2.4552632807148487,2.4625571717018717,2.465594632658461,1.84417141696729,-0.5699569649757443,2.162574121620468,-0.9723172056754773,0.2927312735570643,-0.9160358620766521,-1.0733875723409976,-0.2730284121959196,Sleep stage 1
1.1674714155925245,1.7576922020796943,1.7782132024593849,1.7826307522824152,1.7844634980777516,1.586405883688091,-0.1807704246058221,1.6302758551436547,-1.3467633035513678,0.9947094897924427,-0.8302748258368643,-1.030554969364571,-0.2730284121959196,Sleep stage 2
1.264060381484592,1.6180050993268633,1.6300075301705064,1.6325877500454609,1.6336415904254618,1.4884773885917493,-0.7364954549453259,1.4426502482480443,-1.3030617119888952,0.209666765269433,-0.7000794483349717,-1.022956548913771,-0.2730284121959196,Sleep stage 2
1.5481711410934356,2.0182880340139304,2.0334637196551832,2.036723241353557,2.038072481056158,1.7122695382946522,-1.6344348788949872,1.8832300550513368,-0.8736422509017103,-0.6784516758313351,-0.7297393472453043,-0.9768947929720856,-1.8007981606282735,Sleep stage 2
1.1420742082984399,1.8235326167633708,1.85080349828432,1.8566948025124428,1.8591497627749032,1.6604605307252336,0.26492220635125496,1.777501959007678,-0.6117864788200766,-1.4811835621780236,-0.876147518564785,-0.550695023888729,-1.3821624492355877,Sleep stage 2
1.336875824749306,2.2366525020229164,2.2749817223054754,2.28327571289172,2.2867299410311417,1.8131468719604142,-1.3220623345506533,2.095545101633425,-0.23927255209233153,-0.6894225303263285,-0.9299992262873223,-0.5994477122560999,-0.2730284121959196,Sleep stage 1
1.314422609511094,2.1138925796982835,2.1432770157636916,2.149623481385407,2.152248630462435,1.705270059416669,0.29452597376577483,1.868805836690592,-0.4042162853435156,-0.2565711582276524,-0.8953265306247508,-1.0045986739676798,-0.2730284121959196,Sleep stage 1
1.565027556163391,2.4329520492539483,2.468497138757425,2.476189536345572,2.4793772837874752,1.849208937753563,0.1124839867143952,2.1735202442797217,-0.7933956128948793,-0.33976585831827055,-0.885907771311801,-1.069124036634699,-0.2730284121959196,Sleep stage 1
1.6129735999365693,1.7653204800996436,1.7648296218988724,1.7646930160459413,1.7646115614543636,1.5736984393436315,0.4516566365333073,1.605455096420919,-1.181056604539308,-0.2982732751437246,-0.560193901970619,-1.0476542053798124,0.8361056248437485,Sleep stage 2
1.763703816821072,2.2518887519795965,2.2646765673887055,2.2674037769638433,2.2685154231251827,1.7863139603349438,-1.3094495185079629,2.038228774363422,-0.9893930415321882,-0.6797230441396399,-0.7169951148333822,-0.9452934628171273,0.8361056248437485,Sleep stage 2
1.5042210550829915,1.8963988242662937,1.9068483612493266,1.9090708801335434,1.9099789638268314,1.6243142992534796,-0.2201206873854709,1.7050752659712558,-0.5501961419455057,-1.9650676939994909,-0.6959678538813417,-0.7856523820941079,-1.3821624492355877,Sleep stage 2
1.4853206811670936,2.0850950342564976,2.1051836514122484,2.1094963032140304,2.1112999007892332,1.7369130492878664,0.9511701961984723,1.9342982331050622,-1.2442592330923248,-0.9870637681413538,-0.7928288526249865,-0.9713806850614786,-1.3821624492355877,Sleep stage 2
1.795203295515357,2.2287496829377154,2.23807756186803,2.240031342414797,2.2408603836865493,1.8248966486846903,0.4936351944613351,2.120827995233946,-1.203082850889313,-0.8370832026998463,-0.6903557150052905,-0.9701064923413588,-1.3821624492355877,Sleep stage 2
1.2535098801563203,1.9480933797138607,1.972381451303956,1.9776047225022104,1.979795586511648,1.6818388827617645,-0.5700301432738893,1.8208423408442833,-0.14189467666262895,-2.12600294827275,-0.8627946592317695,-0.9154597577020741,-0.2730284121959196,Sleep stage 2
1.6873604250348497,2.246503833680117,2.2602895114516084,2.2632098468856867,2.2644402014489926,1.8403256566730044,0.6235725258069234,2.1542092932012786,-0.8993931906375896,-1.594329141404335,-0.7525118971059968,-0.9009754849863945,-1.3821624492355877,Sleep stage R
1.5473280901168407,2.0279176126688103,2.043418819272464,2.0467284791283546,2.048104377238758,1.710802219686691,0.10228410161423067,1.8801920746212037,-1.1088918066932285,-0.950778321101714,-0.7345059472962198,-0.8904371418886042,0.8361056248437485,Sleep stage 2
1.453092232153712,1.7815320794134661,1.7884742003291905,1.7899348541270035,1.7905343367199449,1.5955469619960447,-0.6633949571831212,1.6482204354120857,-0.6051482549089385,-1.7623385425576061,-0.6671373437387266,-0.8601265812735844,-0.2730284121959196,Sleep stage 2
1.5211041023431888,2.063223824921044,2.0781814303548543,2.081373329882172,2.0826999062352027,1.7455454140987186,-1.0127423579744836,1.952309624089985,-0.3860004052355674,-2.0252288882850773,-0.7628682500372802,-0.8050458817316334,0.8361056248437485,Sleep stage 2
1.6935163367323236,2.1660878703996786,2.182895239930934,2.1865107730481217,2.188009194734091,1.7646525034619134,0.8105627964156541,1.9923941772452374,-1.0534338036587565,-0.9999798964031239,-0.7185231057238862,-0.8542838555831136,0.8361056248437485,Sleep stage 2
1.456404331599412,1.5400905507333613,1.5371074951756447,1.5364198667021634,1.5361395872717016,1.5134075497623947,1.5188495118776812,1.4896475600891683,-1.1621095833100956,-0.9447132165579469,-0.5223924683660202,-0.9140289922647643,-2.491296486275256,Sleep stage 2
1.2863597488235372,1.5905553515931228,1.5929484174807178,1.5934080242812,1.5936080408367823,1.4992682745283277,-0.638469559803212,1.4629453301501514,-0.618910749958162,-1.806332396417251,-0.6650542545178626,-0.9376591823183678,-0.2730284121959196,Sleep stage 2
1.5165769788967502,1.7957806335384041,1.8042669354386565,1.806078246071844,1.8068258239218027,1.6793799233393598,0.16970671556593905,1.8158544010119477,-0.9785754638428094,-1.3565749431907024,-0.6384869823100385,-0.9157062629160451,0.8361056248437485,Sleep stage 2
1.369672826473158,1.7164888756189234,1.7217082299870112,1.722782156114315,1.723235195606656,1.5489682207082944,-0.14953477754428834,1.557598526469402,-0.5440985782649963,-2.0015605997743355,-0.6822999151633494,-0.7770159129022814,-0.2730284121959196,Sleep stage 2
1.735252981802462,2.045423348643718,2.048369409799496,2.048940357029923,2.0491836951873768,1.7263118315636203,2.0445231915195383,1.9122787184679089,-0.5964004160553413,-1.8921480487434468,-0.6365609597506539,-0.8947357041830027,0.8361056248437485,Sleep stage 2
0.3732917735241121,0.63728878873362,0.6585964949011613,0.6632801974387847,0.6652399235217938,1.6549531500688948,-1.1738412950767423,1.7663992115950184,0.7041448313507329,-0.998000033390254,-0.7812503564126491,0.04617798784696649,0.8361056248437485,Sleep stage W
0.6274856558151558,0.9544137603188086,0.9658747283492904,0.9683469624418357,0.9693761939970275,1.1449175937086868,0.4460371460518816,0.8480206986351209,-0.8767189771740473,-0.6229432853848946,-0.7681671133326774,-1.040602213871696,-0.2730284121959196,Sleep stage 1
0.5560690919013491,0.5923378398899144,0.5886720055532662,0.5878530264139064,0.5875179326153023,1.030431765261595,0.035813449274998965,0.6718421637815742,-0.893253322575608,-1.0054415808825419,-0.5025252504881997,-0.8631829285933578,-1.3821624492355877,Sleep stage 2
0.9735225888380437,1.2201450043917332,1.2248053756034865,1.2257823852101453,1.2261885665003236,1.322736659218686,2.195559390529124,1.1434307414854181,-1.025411926894349,-0.733812921867507,-0.6607054424460321,-0.8102771936171175,0.8361056248437485,Sleep stage 2
0.40998780002006907,0.5396377225457697,0.5417180194017142,0.5421508438583227,0.5423250383809943,0.9113983584997705,0.7287410185625829,0.5003308103919096,-1.1310614718481218,-0.4136360251389798,-0.6236485567975056,-1.0012765098476255,-0.2730284121959196,Sleep stage 2
0.6099278009623078,0.7960417007366561,0.7997218239128423,0.8005009186842155,0.800816953810559,1.0570522556814808,1.3130087627697755,0.7118186686025054,-1.0576480001502493,-0.9770520926231616,-0.6545742011296419,-0.8166881542918153,-2.491296486275256,Sleep stage 2
0.8159139050644691,1.1123176283040233,1.1201703038172384,1.121847940192821,1.1225306366626613,1.2427595865150178,0.27356777536477284,1.0072857321665343,-0.8712121199508722,-1.4676257601989164,-0.7146924076896664,-0.9120718558894669,0.8361056248437485,Sleep stage 2
0.9098828405032586,0.9915604104815715,0.9951150191281587,0.9958798777442235,0.9961874918782809,1.1872407580237232,2.0656887717587513,0.9159220075312811,-1.1933371070701935,-0.5069174570216032,-0.5428384795870141,-0.89685069165072,-0.2730284121959196,Sleep stage 2
0.5537213414163003,0.7644876608018999,0.7695354752619009,0.7706090525434777,0.771046847280127,1.0513319234244125,-0.8542765501190981,0.703182983912409,-1.268947110737061,-1.0577037599338086,-0.6847432796457319,-0.9049037713031681,-1.3821624492355877,Sleep stage 2
0.6980090126066169,0.8978251268770278,0.9011579370262928,0.9018489182797966,0.9021390346994014,1.1191582366734378,-0.5470825669018454,0.8074102362537988,-1.1955673872979848,-0.49499581133795145,-0.6550258140777931,-1.0286783258206948,0.8361056248437485,Sleep stage 2
0.7745960402306383,0.993599834812615,0.9966320538313487,0.9972559291015828,0.9975124185954273,1.1726894907845287,0.48165741455510436,0.8924086671296644,-1.1681082132033491,0.5722961828380577,-0.6608735029267547,-1.0615721363782156,0.8361056248437485,Sleep stage R
0.6974419605132004,1.0751485130708254,1.088291411116091,1.0911235664959977,1.0922999790448238,1.2267780513192152,0.8835349794075287,0.9807202350195635,-1.0582447826856678,0.061049296454575845,-0.7906358584126314,-1.0566296491196319,0.8361056248437485,Sleep stage R
0.4536523764443699,0.6055477683811655,0.6080708502765798,0.608595007382954,0.6088171590737002,0.9618109600454854,-0.11028117501451418,0.5715283291547518,-1.195311930318073,0.8985610156901404,-0.6416129935492517,-0.9350432799308505,-0.2730284121959196,Sleep stage R
0.8700425017247154,1.1959537939418396,1.2041697376231264,1.2059164770969644,1.2066405572725076,1.3025980227579708,1.4693262651936312,1.1086467166143357,-1.061983690605108,-0.03375435968286468,-0.7267820226976076,-1.0014421830932183,-0.2730284121959196,Sleep stage R
0.5309171237807051,1.0262401603801794,1.0464649633542795,1.0508425679153768,1.0526665963374238,1.2323928405305176,1.3552593529149843,0.9900308177430899,-0.8370297268849993,-0.09454742429780674,-0.903759532358175,-1.044040239000341,0.8361056248437485,Sleep stage R
0.7406799499528314,1.2103250250358912,1.2261886093903955,1.2296035635729003,1.23102722648186,1.3206164794103357,2.956375279559861,1.139752432509654,-1.053688912410059,1.4080338732967126,-0.839433045119792,-1.0669023528538502,0.8361056248437485,Sleep stage R
0.6241974849641848,0.9911333419577228,1.003701361297431,1.006408310631291,1.0075352528835508,1.2085020172521126,-0.3785981828652835,0.9506071603108531,-1.26632370263854,1.4862036028155978,-0.7969516451363532,-1.036375588453475,0.8361056248437485,Sleep stage R
0.9201398862475494,1.601981815537983,1.6369514586989788,1.6445656644588402,1.6477562814696745,1.7891755251355512,-3.004424737896831,2.044320658462594,0.7428576144779659,-1.2112945397637496,-0.9193420430142891,-0.2990016225323437,-0.2730284121959196,Sleep stage 1
1.8486931014717274,2.5463574530914785,2.567377791577635,2.571884722484615,2.5737533517663063,1.9088270478985974,1.1226906089208306,2.304812327898238,-1.4615628238093947,3.1789585775843996,-0.7908811863678218,-1.0083736923662812,-1.3821624492355877,Sleep stage 1
1.4987991344438378,1.9542836330368205,1.9711581909632159,1.9747996404854156,1.976295930159141,1.6949013819851335,0.994856072811888,1.8475301887813804,-1.4901803655011765,2.407590764153441,-0.7289476594261721,-1.0217472395780371,-1.3821624492355877,Sleep stage R
1.6112540535785187,2.2021404110629863,2.219369743500904,2.223055735072511,2.2245930864817813,1.7977341337826078,3.209431420929953,2.0625493880360857,-0.7958428251862715,-0.2971971784082825,-0.7741556826746119,-1.047256652977401,-2.9099321976679415,Sleep stage R
1.7504586890455234,2.1386800924659197,2.14459674398704,2.1458137529550987,2.1463479285487965,1.7756663067441167,0.8078422329551539,2.0156640012433726,-1.1111306316993383,0.7171189055607273,-0.67246812820315,-1.02891272254411,0.8361056248437485,Sleep stage R
1.7036938523414298,2.3183015635241593,2.340935183013974,2.345806272954217,2.3478280682275736,1.8629541763898354,1.0690980898251474,2.203531373681621,-1.0948974942606626,0.12861308858461232,-0.7762774657612066,-1.0305560803057547,-1.3821624492355877,Sleep stage R
1.8469525946131815,1.6942409238096678,1.6853276584920078,1.683378180105168,1.6825562853459772,1.619725792919375,0.9489124913504814,1.695946022779233,-1.1210918259480547,0.5801884635173489,-0.3711134952831267,-1.0682841788991835,0.8361056248437485,Sleep stage R
1.634704566523615,2.2685929249977645,2.2908899876742748,2.2956974064673368,2.2976926528492876,1.860502286611803,0.3938274805879283,2.1981554459470174,-1.2016804958693381,1.6267551415522006,-0.7904977555320929,-1.0700485459487397,-0.2730284121959196,Sleep stage R
1.9754051547029077,2.443831413362222,2.4525340529718083,2.454358489604915,2.4551167740509565,1.9165274665441143,-0.19238751682207766,2.3219931957429476,-1.4965575206315462,2.0689558593123794,-0.6911306357310221,-1.0013301751376298,-1.3821624492355877,Sleep stage R
1.9251672930074668,2.2356127383416715,2.238056409095469,2.238517160293815,2.2387187621146345,1.8062346138277632,-0.31843526515077536,2.080734254631507,-1.4586259200441771,1.7343409723082348,-0.6258308364353425,-1.0638346713028513,-0.2730284121959196,Sleep stage R
1.6251801998954019,2.2944338196980394,2.3161086912179387,2.3207617431184446,2.3227009957441243,1.814995668648365,0.17990680316506158,2.099516683806768,-1.1250087211114481,0.11486312702412535,-0.8043717666560563,-1.0621709670922137,-0.2730284121959196,Sleep stage R
1.776846333644629,2.8306398916343953,2.8837659987494444,2.895332941169908,2.9001469160630755,2.1074265213945678,1.9535744276127047,2.763683317395058,-1.1194254502220264,2.150663374010829,-0.920337468676593,-1.0138377319304606,0.8361056248437485,Sleep stage R
1.6790291780078803,2.541036829398279,2.5773849038878023,2.5852583790493675,2.5885250091000525,1.889678502430601,3.9295549377134225,2.2623236600538306,-1.183565141191091,0.4778611579465336,-0.8698954013133903,-1.012866069651692,-1.3821624492355877,Sleep stage R
1.540873501619594,2.5200449527106707,2.566037990229632,2.5760399597636097,2.5801931739292523,1.941440921881174,0.681354466122715,2.37790122479636,-1.1678923296618768,1.9602011258962202,-0.9277613123024863,-1.0351364097552942,0.8361056248437485,Sleep stage R
1.8638163361239433,2.232062310705863,2.2651111393455006,2.2723639824762643,2.2753820569089926,2.0123875470797805,1.9078168692098079,2.5399795721796083,-0.7421254828336614,0.21986539211499387,-0.6703530640151445,-0.9985262497804237,-0.2730284121959196,Sleep stage R
1.8553538440529358,3.1596385658801687,3.221867515824231,3.2353863650126327,3.2410290615238426,2.2065528991829764,-0.6568939014628765,3.0050828312238465,-0.8848798617045005,0.8467515760549456,-0.9768822296622645,-1.0135888431825149,-2.491296486275256,Sleep stage R
1.7073986855328656,2.408961489012752,2.4355045562836914,2.441223027388128,2.4436070417953695,1.899702439923003,-0.5687560746675147,2.2845270568593197,-1.0155680502555184,1.0588456514462559,-0.8091079358688548,-1.0676064728517867,-3.600430523314924,Sleep stage R
1.967356604322831,1.8204552948383386,1.8078242928767938,1.8050567917179767,1.8039073224273383,1.6941949639473608,-0.2709990923493824,1.8460731461484612,-1.4628284536456304,2.9711860780603585,-0.37707205182628284,-1.0521402171389054,-1.3821624492355877,Sleep stage R
1.8462528320841958,2.214738653975023,2.219231688314454,2.2201402036690894,2.2205253849440294,1.7860450840000988,-0.2077689626402928,2.0376780458630868,-1.247539212558377,1.9956241028086987,-0.6567484847068807,-1.0491727929712964,0.8361056248437485,Sleep stage R
2.0694142998559077,2.2505137710128036,2.24637560763231,2.2454191291076717,2.2450215891672043,1.835827256541604,2.47560023337259,2.144461713117548,-1.51388687788088,1.7117602801539735,-0.5581108978690343,-0.8339509750220575,-0.2730284121959196,Sleep stage R
1.7547679691575813,2.523590551235384,2.5489588932886558,2.554409493305549,2.556669127353948,1.9014937967755652,0.2026775901585682,2.2885153623479924,-1.1170046576776105,0.7466967339038643,-0.8264741458698127,-1.0278546281046506,-0.2730284121959196,Sleep stage R
1.6490734071819682,1.2003773732982304,1.2064152354676496,1.2077675530026424,1.2083241906006557,1.4943823299139436,-0.41953551742467415,1.4537513480038902,-1.5805252710459303,1.5397482438527592,-0.1314315788964369,-0.8121404081282838,0.8361056248437485,Sleep stage R
2.041875071832182,2.314154390013122,2.323537603967153,2.325531745194399,2.326372775712721,1.8870481188216168,1.0177885942975864,2.256518853883425,-1.3118627697956393,2.550495244245359,-0.6072718161153239,-1.0139749358657115,-1.3821624492355877,Sleep stage R
1.9557741068595336,2.2911834913798823,2.301851417444462,2.304104519956055,2.305066892354837,1.871063520476755,0.08057498596650466,2.2213085235781587,-0.5365013153279343,-1.219277782642211,-0.6393112524603883,-1.0529493715628604,-0.2730284121959196,Sleep stage R
2.2442261657811384,2.4966338057343878,2.495418081397178,2.495084088519854,2.49494871442037,1.9594494365955306,0.8534922197137114,2.4186513011973974,-1.169070618743784,1.106784494786189,-0.5853784195807515,-1.0654281282959295,-1.3821624492355877,Sleep stage R
1.9291675261916958,2.2114319542721046,2.2117205533526647,2.211723449648851,2.211712865664913,1.7669884642630254,-0.2478217666888812,1.9973347261639998,-0.9907277767382308,-0.5085641079172779,-0.6119550905880695,-1.0441056250417573,-3.600430523314924,Sleep stage R
1.9076533733540713,2.0701948312346152,2.0796246346816027,2.0816670409142937,2.0824938931389902,1.8199904287538973,0.038889430668700244,2.110271797779248,-1.537178457136816,2.270498489036687,-0.5620100289435833,-0.9647187164773902,0.8361056248437485,Sleep stage R
1.7528620720005172,2.354672393694615,2.3741055692134725,2.3782861523569987,2.380029939492057,1.858741173731319,1.094387462361752,2.1943189880035745,-1.1528034084870833,1.6460623623918849,-0.7652259148890395,-0.9937026302670843,-1.3821624492355877,Sleep stage R
1.8189758628177233,2.3886758047734764,2.4401243285624923,2.451351615501256,2.456044229075623,2.186226713932705,2.5406787663302834,2.954929943876362,-1.307569980728584,2.8043238324561277,-0.7615780421484808,-0.996832708184926,-0.2730284121959196,Sleep stage R
1.8516547868451805,2.5260782700366287,2.5592842803020677,2.566497585601055,2.56950044436022,2.0045838411882935,0.0858097734934748,2.521947429201395,-0.8366210795206356,-0.5964937151784101,-0.7877280617613737,-1.0684596266024433,0.8361056248437485,Sleep stage R
1.6582895322472342,2.285996245054751,2.311764695591343,2.3173417532874816,2.3196623051715246,1.8721599898707566,0.31517812042800597,2.223733509515499,-1.15226103128254,0.5418376895293182,-0.787273483345611,-1.0190834488006717,0.8361056248437485,Sleep stage R
2.150479268256059,1.410396452126328,1.3785123320421508,1.3715993681078809,1.3687283167540167,1.5947030092181596,1.9774822928789848,1.646557280497097,-1.1176464864381341,2.8965930021803565,0.07795286255467841,-1.015592782944046,0.8361056248437485,Sleep stage R
2.4435461678252826,2.314257477980519,2.296233094860458,2.292260121907477,2.2906217349164937,1.8714985669225856,1.2176528273818703,2.222280475823848,-1.2319171191139797,1.9827571959353456,-0.3988508446404279,-1.0521958398955655,-0.2730284121959196,Sleep stage R
2.4258304954724275,3.0903099190044823,3.106580357663565,3.1100386167133403,3.1114920985529197,2.1622953935092295,2.642824839263811,2.896304921300957,-1.1272058156867466,0.6021709334382105,-0.7310170346932152,-1.073790451955634,-1.3821624492355877,Sleep stage R
1.8221746594452428,2.022683998108962,2.0300061376872285,2.031573608925111,2.0322330815803205,1.8112452823360004,0.024422036060403822,2.091470579180542,-1.5491294179914976,2.070859968281104,-0.5823593287848586,-0.9339320418973233,-1.3821624492355877,Sleep stage R
2.335692793709227,2.141165852716604,2.126881172380175,2.1237553055266494,2.1224429167878496,1.8564040224799352,-0.27766560986258637,2.189222847406907,-1.4983743260207902,2.2734892741101635,-0.3630831634156423,-0.8865058269836449,0.8361056248437485,Sleep stage R
2.533893262205778,2.1828945256237424,2.157365561049328,2.1517847195393425,2.1494629421912896,1.8540144582031552,-0.007814234941794704,2.1840160549898746,-1.225297301012674,1.6541950333244801,-0.27796011142929766,-1.065455070742963,-2.491296486275256,Sleep stage R
1.3584050766391371,1.6402530848943508,1.654899606010673,1.658087140055363,1.6594205054488764,1.7407277558419276,1.4230397649677893,1.9422493135057632,0.5075629605929065,-0.13875135243971895,-0.6552028762672867,-0.37631432182386015,-2.491296486275256,Sleep stage R
1.74572082728592,2.7322492571683923,2.773341156551385,2.782228006651815,2.7859215091794116,1.9729842030047589,-1.6395825000489777,2.449422172336446,-1.2072776196192823,0.364224881902853,-0.9011079858460936,-1.0134930858005693,-2.491296486275256,Sleep stage 1
1.83460985697842,2.2224387332826057,2.2318849420059643,2.233892444870118,2.2347127550705266,1.795749758824944,1.7718239811700511,2.058304434386603,-1.086772812129392,-0.4185021993485448,-0.6683856450957969,-1.040453916079078,0.8361056248437485,Sleep stage R
1.681326887505952,1.8634801953751863,1.8646010666727908,1.8648005203640095,1.8648778097532004,1.6554169991935812,1.1120119008584521,1.7673246367530804,-0.8806899676222062,-0.7957551046808913,-0.5747826893825343,-1.0239556743123537,0.8361056248437485,Sleep stage R
1.6522059775733384,2.1833127733579336,2.2038489152428538,2.2082630536698904,2.210099979318621,1.8120463930744026,0.8007320738870172,2.093170476216688,-0.9846242280590554,-0.40061594679148615,-0.7480050164329082,-0.9387698338254172,0.8361056248437485,Sleep stage R
1.6697949503185865,2.481459882049552,2.512927697165889,2.5197226395360692,2.522531764023752,1.8758433574664404,-0.15118491902734352,2.231800238634528,-1.1752100912217738,0.7939662519450297,-0.8528365191149831,-0.9555730008462605,-0.2730284121959196,Sleep stage 2
1.7570980444471227,1.6967911757921663,1.703774320748782,1.7052949813509477,1.7059170874997012,1.6456328749572777,0.1555438043431146,1.747648015533544,-0.6636201840736754,0.2563825307919192,-0.43953229879281,-0.3855149711545121,-0.2730284121959196,Sleep stage 2
1.6501140656860473,2.622175895396642,2.6755732504329433,2.6872034096011346,2.6920621948863426,2.1285447417003547,0.9551504241538369,2.8144132428968045,-0.9920916190772239,0.9861905594486038,-0.9134935381158276,-0.8888364765854618,-0.2730284121959196,Sleep stage 1
1.7703177626541722,2.4374642119148233,2.459442240679887,2.4641644711001307,2.4661200961151004,1.8721610945406575,0.46219672460897815,2.2237105220364977,-0.9164589836914526,-0.9293208382968116,-0.7884218645986222,-1.0377425820061157,-4.709564560354592,Sleep stage 1
2.244878239713395,2.5549232316151773,2.555771736724268,2.555888742387395,2.555927568402394,1.9175148532258706,0.3200935727416801,2.3242002108982187,-1.0776360939128373,-1.0093479716073712,-0.6099362182008092,-0.8697133768644116,-1.3821624492355877,Sleep stage 2
1.526333852189066,2.112465108848998,2.1357141958791748,2.1407537998402835,2.14284952475304,1.8331942137762838,0.4374403656171472,2.1387427739942777,-0.7848778151719246,-1.35946196682369,-0.7843054577712129,-0.945488111637073,0.8361056248437485,Sleep stage 2
2.2092354116336153,2.735352795105737,2.746677612995235,2.749075408662154,2.7500485501533363,1.9974421333757468,-0.2874655508039342,2.5054881190107983,-0.35914951705416015,-2.0980170836399408,-0.6978694612249828,-0.8962765319124565,0.8361056248437485,Sleep stage 2
2.5772726998460596,3.2313411822577693,3.2558813906889688,3.26114125649408,3.2633187062302453,2.1634841520182433,2.492042957355664,2.8991979455786914,-1.1258693005814264,-0.7719323081698352,-0.7210213412329094,-0.9905739981475034,-1.8007981606282735,Sleep stage 2
2.0884355952168883,2.3726655999012976,2.3834751610249203,2.3857842449021733,2.3867519136838546,1.9437143047946845,1.1173828760241686,2.383041518006871,-0.737281770059459,-1.4534989218470618,-0.6110686109146023,-0.9454738479098467,0.8361056248437485,Sleep stage 2
2.12003326277629,2.827002674085404,2.8486899678389315,2.853322950492013,2.8552602762095876,2.102207509728644,0.6709492600270308,2.7512025528250077,-0.7155224419936228,-1.5925426300818202,-0.7696229698143118,-0.9025536471222017,-0.2730284121959196,Sleep stage 2
2.2344247129355823,2.584148985918947,2.5961895881577197,2.598744076385505,2.599808502955209,2.019434033645649,-0.31338683140411744,2.556296529099492,-0.9945558804418212,-1.0263371452423418,-0.631457086858012,-0.9680701230191577,0.8361056248437485,Sleep stage 2
2.0874881547120765,2.216939530276562,2.230693704962861,2.233654909483365,2.234898036396592,1.8885493228511858,1.7002949156517706,2.2598329346969264,-0.8303251650610316,-0.4811675868772247,-0.5437577198076533,-0.8574721355618405,0.8361056248437485,Sleep stage 2
1.62742255323057,1.9541129863426379,1.9653973646892648,1.9678199049825298,1.9688252016749352,1.7444588645475119,-0.22423449160789066,1.9500379094571623,-0.43969308332160045,-1.888774978491389,-0.656036109264048,-0.8573747855479028,0.8361056248437485,Sleep stage 2
2.361247159305239,3.138553310792185,3.162150572859491,3.1672032736347857,3.169288001629797,2.1230812441337585,-0.8186634967402944,2.8012633312648343,-0.8063736111802453,-1.762284624985532,-0.772447566228657,-0.6520815236634568,-0.2730284121959196,Sleep stage 2
2.130694407585079,2.733979966648703,2.7487096072894714,2.751836479928047,2.753140107948236,2.025288321901487,0.9647140183937585,2.56988646188578,-0.42798389771963585,-1.947769526131936,-0.7316079074691993,-0.8330217490861853,-0.2730284121959196,Sleep stage 2
2.3414729879404708,2.940871335154768,2.9558455195649365,2.9590347135599644,2.960339726786788,2.074312776320818,1.3421572387042597,2.6848737691739353,-0.8992106791527125,-1.4878433140364717,-0.7154946855591132,-0.8750969633999693,-1.3821624492355877,Sleep stage 2
1.806378262965132,2.4134772198624295,2.433486083387444,2.437781013235,2.439562844317197,1.8935140026422808,-0.9376219200424973,2.2708009311964177,-0.7480969030949,-1.4998676946353449,-0.7623837292615299,-0.8345426692825956,-0.2730284121959196,Sleep stage 2
1.9174737997896982,2.274328042305573,2.278711509685759,2.2795964391265073,2.2799759836878906,1.8430443803097396,-0.09988277434908786,2.160122721211466,-0.6624001156226446,-1.8830490907820698,-0.6473684588895007,-0.8180830186721657,-1.8007981606282735,Sleep stage 2
2.0495004442160325,2.0658592753849887,2.0580017435131843,2.056245765125203,2.0555078606417805,1.766632508445926,2.4901800638615637,1.9965913850733261,-0.7375269448934613,-1.5602518801931917,-0.47502660432265736,-0.849358310345906,-2.491296486275256,Sleep stage 2
1.5402998824231933,1.8298096387623746,1.837464559263093,1.8390860280858443,1.839745419022219,1.6718995061078339,0.4248960121034583,1.8006597185182782,-1.0128102499830058,-1.0636407015710418,-0.6416293662187917,-0.9291513754943754,-1.3821624492355877,Sleep stage 2
1.9814943944640686,2.7400301350742353,2.7625991920982633,2.767433506479189,2.7694431354445075,1.9742759677188804,0.9997372659137006,2.4523750613853177,-1.034662750990452,-0.6540607641859896,-0.7988834686734472,-0.9506576884263526,0.8361056248437485,Sleep stage 2
1.8450839116897675,2.554267752375031,2.5768295608127203,2.581672008411764,2.5836868768984065,1.9408974978090874,2.343848473176795,2.3766900056417777,-0.9532359545878487,-1.1762382267528773,-0.7958150971170993,-0.8882598754387007,-1.3821624492355877,Sleep stage 2
1.7373734035133634,2.3337559006876316,2.3523787916141825,2.356379305452871,2.358023024240325,1.8002038026632243,0.4729779292373254,2.067847363777588,-1.2368648638541067,-0.7521882933856499,-0.7643096573294631,-0.8876942513747619,0.8361056248437485,Sleep stage 2
1.6157711825652599,2.0801023136508445,2.095225080323277,2.098474264697071,2.099803282063022,1.7262670695931255,1.1596764476239396,1.912185221976186,-1.0772021079192156,-0.8464111420828859,-0.721001496287122,-0.9503037034341196,-1.3821624492355877,Sleep stage 2
1.696553233645142,2.3660295388650967,2.385657463785274,2.3898678113603835,2.391601323988209,1.7965093542130608,-0.5909266731289968,2.059943763560267,-0.9664415626340203,-1.2016524807644349,-0.795830453207483,-0.9209007075372213,-2.491296486275256,Sleep stage 2
2.038157476457257,2.6207726853530278,2.639458179278346,2.6434641384317437,2.645114400414125,1.952976503106062,0.6157068166148907,2.4039771543904713,-1.042797490483839,-1.333407557341808,-0.7332157817664743,-0.8255944801314842,0.8361056248437485,Sleep stage 2
2.3812842412833075,2.961159848095588,2.9760957345566306,2.979276210180331,2.9805778555105746,2.0591583112076584,1.1032657489033522,2.6491272305961058,-0.8459170255517924,-0.6066997877743707,-0.7065098758876572,-0.9165538639618747,-1.3821624492355877,Sleep stage 2
0.4109510299934355,0.760011511001476,0.7886134286063196,0.7948908418501913,0.7975110087277714,1.4429166129203872,0.23373224263049272,1.3581013095728214,1.115475896725145,-0.7852542575134215,-0.8459104849668047,-0.5807465390121385,-1.3821624492355877,Sleep stage 1
1.737301845352336,2.287628680908049,2.3059423485272434,2.30986741152157,2.3114961846408324,1.8215612379956485,-0.11882498708420776,2.113639254917951,-1.1020950898957234,-0.7108377816604413,-0.746566662221912,-0.9395566482021881,-0.2730284121959196,Sleep stage 1
1.4139386927364,1.306121091765204,1.2998018385452736,1.298418124933185,1.2978383009266892,1.438167167656147,0.8591857799846778,1.3493975751143326,-0.44813114982865054,-1.8769867430386098,-0.38534150846949317,-0.8356822550015707,-0.2730284121959196,Sleep stage 2
1.7212927107157319,1.761248810199436,1.755858404805073,1.754651059907861,1.7541496053332095,1.6317414671913706,4.323023014036217,1.7198589658267656,-0.983506930299459,-1.5113518662035095,-0.49061276189837383,-0.691070334334409,-1.3821624492355877,Sleep stage 2
1.580887398513888,1.6903405458351144,1.6914761619955823,1.6916902703461527,1.6917969336081924,1.61988957937335,1.9207502179084337,1.6962696534780084,-1.1452766134463719,-0.7729751869972971,-0.5379995607261445,-0.9902649741605711,-1.3821624492355877,Sleep stage 2
1.7081864865902219,2.108102192680117,2.1142861989048836,2.1155546118141704,2.116102303834637,1.7702535077883652,0.15415686639687712,2.0042320767035893,-0.8887607345657419,-0.8144276140531819,-0.6807926519420774,-0.9768830123456311,-0.2730284121959196,Sleep stage 2
1.1019401781137828,1.0965541434919164,1.091703626162174,1.0906136582087587,1.090175877093703,1.3400045109126058,1.9649097312403192,1.1735345766984884,-1.0224343159037879,-0.7194721272087402,-0.45962433561727933,-0.9362341414048136,-0.2730284121959196,Sleep stage 2
1.2915545192644426,1.8164640943098955,1.8381838385033618,1.8428679510173762,1.844836604460289,1.7243638354315602,-0.24053169721797765,1.9082263369236785,-0.8951815095214761,-1.2667233642203035,-0.7852965003151805,-0.8952834027446853,0.8361056248437485,Sleep stage 2
1.350138673290426,1.9502947846064065,1.970396868211017,1.9747238800410984,1.9765224850137524,1.6884723881977752,1.3805237041608074,1.8343763170202727,-0.9718703173322513,-1.3788667674825659,-0.8093687051479517,-0.8933275624424301,-0.2730284121959196,Sleep stage 2
1.4714028650113828,2.150584296793149,2.174706554514259,2.1799048332805153,2.182060552489684,1.7556573995246394,0.07424750351707851,1.973490470123245,-1.024372271181251,-1.0363342261271806,-0.8272432283740568,-0.9350274275869757,0.8361056248437485,Sleep stage 2
1.230698074686582,1.8527373431321539,1.8777448145585751,1.8831394615486037,1.8853909949211376,1.6307935361484205,-0.4768237682545656,1.7179654040625343,0.09498199233295553,-0.8648839679769519,-0.8370841794732621,-0.8433660945730225,-2.491296486275256,Sleep stage 1
1.4840940952234671,1.8835823900261401,1.8942701257538155,1.896543929546877,1.8974832845551168,1.6513901353039202,0.27537439968882355,1.7592193113456003,-0.3898348824372269,-1.5599246721884261,-0.7012923896705711,-0.8627955859868018,-1.3821624492355877,Sleep stage 1
2.1060464327425388,2.2251742923584192,2.221081664323906,2.2201486610081385,2.219745806550199,1.8087272894775015,1.7215041388777006,2.0860834695430293,-0.7397791156275004,-1.7664639677367195,-0.5282109300262406,-0.6869005531572944,-1.3821624492355877,Sleep stage 2
1.9463585803394965,1.8145560803048308,1.8013923493723545,1.798500440154512,1.7972859687795564,1.6344855142060641,1.6245741312287476,1.72534026861119,-0.6396398580015379,-1.5977763176374102,-0.3851912295866977,-0.8824455997103466,-0.2730284121959196,Sleep stage 2
2.1032442399514832,1.9925475853400016,1.9766192993171883,1.9731169157085204,1.971653649073175,1.7397138697013401,-0.4598457838852261,1.94014223492312,-0.18545826484086603,-2.3080179948767,-0.4008666735555217,-0.7470652046452985,0.8361056248437485,Sleep stage 2
1.7265992619551729,1.7821077670938328,1.7753480221754117,1.7738298231315754,1.7732131335333547,1.6458159035675304,-0.9473598036119089,1.7480138841068424,-1.111776572202923,-0.3487897881785272,-0.498628783302104,-0.9741383303617261,-1.3821624492355877,Sleep stage 2
1.5957643497593523,1.5858900510451555,1.5795248631380696,1.5781012062908844,1.5775184680337897,1.546401026846209,-0.5010627920225104,1.5526457412745975,-1.0069841515618585,-0.5352241834363862,-0.4592093895277211,-0.9857895073216625,-1.3821624492355877,Sleep stage 2
1.4856379763306529,2.1494937327992765,2.1771931956065145,2.183183135296156,2.1856740541100086,1.7731188229416692,0.4109055334872948,2.010254945585016,-1.3529992991974038,0.2349031880631715,-0.8213406669924741,-0.9223671439899205,-1.3821624492355877,Sleep stage 2
0.7990067442187512,0.974783799639132,0.9912054062819342,0.9948026877276237,0.9963008957405407,1.3172248032937772,-0.5922604722150804,1.1338632760621439,-1.0273817958048654,-0.8590432716240366,-0.6379006455001113,-0.8891452858384078,-0.2730284121959196,Sleep stage 2
1.3273056470964242,1.8121738033748334,1.8260498277065236,1.829011208426081,1.8302477846613685,1.663092968655994,-0.3320049718844596,1.7828123774650553,-0.692016090045051,-1.5528000802556865,-0.7585981009053768,-0.8884774453407199,0.8361056248437485,Sleep stage 2
1.518185036878642,1.9698157330050587,1.9853645847400931,1.9887114541967243,1.9900959875169197,1.6812634666373731,-0.33489879875413875,1.8196819047065562,-0.9887200032026137,-1.3412303076561456,-0.7246617663184879,-0.8382853014209537,0.8361056248437485,Sleep stage 2
1.1177797831477378,1.7967315885098136,1.824423519480816,1.8304218631779028,1.8329016776071403,1.587108098279189,0.33832463314289285,1.6316665571651103,-0.968141435244749,-1.2797115585679835,-0.879268663819932,-0.8935991790263828,0.8361056248437485,Sleep stage 2
0.8515985547870799,1.336330369862617,1.3517864319867636,1.355108974796882,1.3564909078944483,1.372610443207588,0.9683863043374893,1.2310580886896674,-0.9063290376497092,-1.4213455745639891,-0.8269396851931335,-0.8215403162578758,-1.3821624492355877,Sleep stage 2
0.9592151621527181,1.4951142146333318,1.5127834480755713,1.5165847257868252,1.5181690860343064,1.472856082412806,-0.35937229193040093,1.4134785262047336,-0.8157215834574312,-1.4752164480194494,-0.8360241643071142,-0.8308135846771137,-1.3821624492355877,Sleep stage 2
1.5981005410038829,2.6434873313043656,2.684834896666475,2.693779599994034,2.697502054207701,1.953483861787261,-0.501314092687831,2.405105553346101,-0.9340677166832028,-1.193033878172233,-0.9375004089253993,-0.9309329794336749,0.8361056248437485,Sleep stage 2
1.4113574560434468,1.8114977315139,1.8184325168991682,1.8198726016057687,1.820484201283628,1.6182204888250271,0.5380609148907741,1.6929509431964402,-0.8259898553609164,-1.1896998144469009,-0.7060378538287719,-0.7795997120979585,-0.2730284121959196,Sleep stage 2
1.8718295829349825,2.114470607889311,2.1183501367307893,2.1191364438397566,2.119464311095872,1.769053982576524,-0.06316459300484244,2.0016882331168433,-0.8633405680260371,-0.6385053126700112,-0.5984309164421061,-1.0247496247960828,0.8361056248437485,Sleep stage 2
1.2576633797764691,1.6664560194376592,1.6780369145030727,1.6805125498526945,1.681527830458285,1.5100737552422583,-0.8062914820655801,1.4833367049966029,-0.8659445222691121,-1.0961877649154441,-0.7285802785489414,-0.9516729978740052,-2.491296486275256,Sleep stage 2
1.1214566194907238,1.1788054970135833,1.1814430116851422,1.1820011135042439,1.1822385421299177,1.398393094578237,1.2217911382924629,1.277162302855506,-1.0370224803902743,-1.0298491031291612,-0.5162620324173285,-0.8777445472512216,-1.3821624492355877,Sleep stage 2
1.7276827756449373,2.30656564029388,2.322437348543789,2.32582467042636,2.327245620741367,1.839840751731941,-0.3524305548391257,2.1531739906276015,-1.0041844884286275,-0.9592784667727392,-0.7573199693287613,-0.9573552856955252,0.8361056248437485,Sleep stage 2
0.9191625574930158,1.158106951270569,1.1613632247015826,1.1620301158074209,1.1623165758252443,1.2807716029695062,-0.4850290843079187,1.0713287447115585,-0.970930474859467,-1.4226418860862278,-0.6598598915794008,-0.8618765576832949,-0.2730284121959196,Sleep stage 2
1.6388015985715012,2.2324744240683545,2.2529018484837273,2.2572907051326494,2.259127948492084,1.8702479659978088,-0.2737208709760972,2.219531888167338,-1.147488821803111,-0.6084379997157173,-0.7739084107994743,-0.9464122509111305,-0.2730284121959196,Sleep stage 2
0.9591916645524191,0.9705114691297546,0.9663440382752257,0.9654112039760214,0.9650292516226928,1.2259766623887545,0.6301648944043251,0.9794013726437272,-0.9489687346216069,-1.5220360092344334,-0.4738012889304256,-0.8398236507303716,-1.3821624492355877,Sleep stage 2
1.5922059629389673,2.0501624967215286,2.0568412512954843,2.058214887240434,2.0588058355795575,1.7271641986382738,0.32817386619067174,1.914047371729498,-1.1917780251230978,-0.8590400461734872,-0.7158963983569903,-0.8619959046124077,0.8361056248437485,Sleep stage 2
1.0228689334253247,1.5402283908597565,1.5564680643887712,1.5599547951319435,1.561406070110905,1.4607087288217866,0.5763462901046864,1.3908905647697314,-0.8713738244284829,-1.14718662952512,-0.8158785396267875,-0.8929977038601814,-3.6004305233149387,Sleep stage 2
1.5574477498623938,2.0834803181153068,2.097925874309221,2.101009581356454,2.1022890331577555,1.7456555446161013,0.022273597771393414,1.952558237331407,-0.5235709529571106,-1.7532975114226736,-0.7521925903071834,-0.8156491142430319,-1.3821624492355877,Sleep stage 2
1.5480794035342522,2.3286669775191124,2.354223994391476,2.359719169654411,2.3620020027122703,1.8074375205629571,0.9200486975395353,2.0833022630430023,-0.725506232111103,-1.5500319433694527,-0.8548642371141373,-0.9007852978501074,-0.2730284121959196,Sleep stage 2
1.2771061447458427,1.9992426746100824,2.0308914541562353,2.037760653071253,2.040626857726616,1.7550284490034391,1.5104977852450536,1.97217812927517,-0.9977089448454851,-1.2441870972226814,-0.8734354121069127,-0.7921691864330168,-2.491296486275256,Sleep stage 2
0.8440428609187495,1.3078828928030684,1.323184737436803,1.326476700959373,1.3278443158649385,1.371507212878636,1.7288716406365392,1.2290885409398653,-0.9211134107315885,-1.4288513133023477,-0.8168783545087765,-0.7344776974670647,0.8361056248437485,Sleep stage 2
1.1135336180283042,1.9311192195974636,1.9641561627440625,1.971309322403518,1.9742741560195918,1.6160507713684535,1.236523817078806,1.68863974451644,-0.7740221506854965,-1.6169923668063677,-0.9361689729515166,-0.8391781747790802,-5.128200271747293,Sleep stage 2
0.9627347279051365,1.4527342442319124,1.4687606574473635,1.4722064989265429,1.473632102575014,1.4166713016641364,1.1941950445363223,1.3101874823793718,-0.3493430186051148,-1.9782684424663828,-0.811493391397254,-0.8229105993929996,0.8361056248437485,Sleep stage 2
1.2629858059518937,1.7599999944445137,1.7736686893936309,1.776589986489909,1.777805027031235,1.5701609199961033,-0.18546585834323417,1.5985873570555482,-0.7285190452609787,-1.6585751147141907,-0.7716878985015828,-0.8476201342226882,0.8361056248437485,Sleep stage 2
2.004174190340778,2.358454777478118,2.375742780034413,2.3794719157359028,2.3810138570854336,1.8901837679323945,0.2995402279341701,2.26344364510539,-0.15399326921989306,-0.7917581994383923,-0.6478801550779989,-0.8252348696004543,-1.3821624492355877,Sleep stage 2
1.6953269219840004,2.0014424870965892,2.0170503833094817,2.020401974077499,2.0217778841220353,1.6979956494052428,0.7442286744202404,1.8538607214138179,-0.42323955114677037,-1.9302389157916577,-0.6443335443754197,-0.7804623370676361,-0.2730284121959196,Sleep stage 2
1.8450517474995531,2.0175471557389435,2.013989812747145,2.0131619320634124,2.01280659278724,1.7224517255378182,0.6976205647087242,1.9042780925172225,-0.35158326739290596,-2.132075637162088,-0.5610755491797805,-0.7631425964048044,0.8361056248437485,Sleep stage 2
1.8370591487052266,1.9360125991296635,1.943325013545175,1.9449036822480321,1.9455703105523032,1.862957710170511,-1.3983968813368963,2.2035532047022457,-0.6866301497499915,0.0646862878202294,-0.5303283336288444,-0.730350366217728,-0.2730284121959196,Sleep stage 2
0.8153174262315113,1.3152349561619026,1.351244999225372,1.3591382951667803,1.3624362219383146,1.905537166468981,-0.08327683984472933,2.2974780338067418,-0.41568042773808095,-0.3902124291894327,-0.8547572750039423,0.13357204501385117,-0.2730284121959196,Sleep stage W
1.756725351608511,2.208381809025934,2.2282403552176238,2.232519348399807,2.2342868638898743,1.7976321727270084,1.3260904623362575,2.0623482853269515,-0.21542723240456618,-0.6476810792554151,-0.7061750196443493,-0.8396871498827434,0.8361056248437485,Sleep stage W
2.198419640903724,2.4424537540942284,2.442784544172787,2.4427938862115206,2.4428006095642596,1.9345776018894685,-1.2651686211443358,2.3624664507742446,-0.933601538531132,-0.45497157895027185,-0.5842540646953988,-1.0544020579274607,0.8361056248437485,Sleep stage 1
2.002911938176245,2.285550512414033,2.288750497583678,2.2893791688979284,2.2896524251218837,1.8313448404701829,-0.2857068333213139,2.134753719115568,-1.1827246979432606,-0.8272549614501852,-0.6102458208903623,-0.9665837563004166,-1.3821624492355877,Sleep stage 2
1.8545603647449742,2.080406011754342,2.081547539842576,2.081743684465924,2.081816184764795,1.7908886686028058,1.6294162876919354,2.0479721529150123,-0.6933583040680181,-1.6838458534981615,-0.5896491831955064,-0.897609797954203,-0.2730284121959196,Sleep stage 2
2.2663012601521637,2.491277718888186,2.4920683733509836,2.4921759629472082,2.4922165307618447,1.9038934401519723,-0.2394429402147771,2.293830227172136,-0.49424366401193465,-1.8811167360502092,-0.5741878154004619,-0.9292427066571124,-1.3821624492355877,Sleep stage 2
2.152742198083339,2.599432455386241,2.611222352856539,2.6137184100527477,2.614731747205566,1.9397173743702851,-0.3508554797049736,2.3740274632509837,-0.6804931931971405,-1.6718311893557805,-0.6727866886061468,-0.9002094341580114,0.8361056248437485,Sleep stage 2
1.9587575938640667,2.5835720663267083,2.6014099571107114,2.6052209745667785,2.606789857148189,1.903754169745462,-0.3806918975054625,2.293525543886805,-0.5269301112295017,-1.919515451609146,-0.754189312272201,-0.9272233242356774,-1.3821624492355877,Sleep stage 2
2.3641841485990858,2.6228810251276666,2.6206541331006297,2.6200910290925776,2.6198591759053547,1.9895219525661014,-0.2378510826515184,2.4872867382513895,-0.2724044229382786,-2.1530488541373662,-0.5833822302237066,-0.8029463375878425,-0.2730284121959196,Sleep stage 2
2.0761223423484085,2.687579200118096,2.7045613778159354,2.708185636844333,2.7097022889333795,2.020130739436581,-0.09886575244955907,2.557911391396594,-0.314770357893669,-2.146575686620281,-0.7395538335917365,-0.8254787037258703,0.8361056248437485,Sleep stage 2
2.2468751549838046,2.7265461545456326,2.7400847965508803,2.742968904267369,2.744162101863152,2.0242417960509327,0.37209777882808764,2.567467174571808,-1.1375848269257554,-1.2743018566748183,-0.6799694901374206,-0.9005311068143893,0.8361056248437485,Sleep stage 2
2.0916212062705943,2.5497855744622977,2.568861507269501,2.5729585708348495,2.5746430108861724,1.9287863863369628,-0.4174301836391062,2.3494300257292613,-0.8518836465883672,-1.6337814343518857,-0.6842451355349438,-0.8079531485997048,-0.2730284121959196,Sleep stage 2
2.1475989388353813,2.2839387631981594,2.280240374158988,2.2793919209331905,2.2790078579959734,1.8052672016617566,0.3654196531553815,2.0786494287105715,-0.8206912688871788,-1.4644063192110566,-0.5357241684535585,-0.9018206444406688,0.8361056248437485,Sleep stage 2
1.966985880420733,2.3170609695004214,2.3271150331710215,2.3292578838973146,2.330123055327453,1.8323018418128632,0.3351909307088692,2.136824707506226,-0.5551073373623162,-1.9706402321761487,-0.6445731648832027,-0.7483734911542169,-0.2730284121959196,Sleep stage 2
2.2045229972446703,2.5351228974580264,2.535868109790227,2.5359624486753014,2.535996654510123,1.8952526587588672,-0.5514441729043229,2.2746529146250434,-0.811256076033245,-1.6830504386106397,-0.6198754511242873,-0.8867317175393519,0.8361056248437485,Sleep stage 2
2.098822325699529,2.3805970149712605,2.380995396915452,2.381018263942617,2.3810303789200145,1.8891365566933827,1.7858519990347688,2.2611278778668265,-1.1051203939116696,-1.358161896122689,-0.6041798494903684,-0.9105321902122948,-0.2730284121959196,Sleep stage 2
2.1138135167090084,2.4631730435868944,2.46631334728357,2.4669252346357813,2.4671855331804533,1.8815400692620279,0.12398797520330064,2.2443378382739834,-0.2769454738031676,-2.1976060483764783,-0.6329381184642118,-0.8267063714073263,0.8361056248437485,Sleep stage 2
2.31878112999434,2.6880137923013327,2.693168594676281,2.6942189186238203,2.6946381196741926,2.0132726750294867,-0.12299938430244858,2.5420048287968298,-0.9467689756333455,-1.5003804330669468,-0.6317296540031119,-0.7996483878484556,-1.3821624492356026,Sleep stage 2
2.2872400495694154,2.541264198079488,2.543695574347125,2.544152880379129,2.544347330916415,1.9307884723399373,-0.7442974809912074,2.353925540674497,-0.986364933883987,-1.0552711942524982,-0.5863801654045633,-0.965486118309417,-1.3821624492355877,Sleep stage 2
2.558548145894577,2.5965603955909375,2.5874838094484454,2.585448339228569,2.5846236534930322,2.0362979055615646,-0.24062461497728546,2.5955419098043397,-0.4592230961074185,-2.019369535501965,-0.48404929207918385,-0.782774172307655,-0.2730284121959196,Sleep stage 2
2.0395847159090947,2.527646530574393,2.5400585251776406,2.542669964816644,2.543778530897171,1.9618801698369686,-0.012889086669336833,2.4241525054898863,-0.28042519066095234,-2.2114018823361477,-0.6958972041831665,-0.7303084035674398,0.8361056248437485,Sleep stage 2
2.2217001913406706,2.6095423519961907,2.615128895038376,2.6162598233316072,2.6167519389683696,1.9812808091789165,0.38561149963029145,2.4683994644796265,-1.133144710039882,-1.2504261761346596,-0.6437676771790365,-0.9026951837534999,0.8361056248437485,Sleep stage 2
2.156597329755114,2.5904415270168943,2.597063687764763,2.598420847676197,2.599000635493152,1.9553521173943125,-0.14263580239559043,2.4093369363401083,-0.5864264734839651,-1.8412556294840208,-0.6653406494028044,-0.9442771088888992,-0.2730284121959196,Sleep stage 2
2.100969115635899,2.6706596505063986,2.683017751792924,2.6856218525494637,2.6867185191855834,2.003424787117413,0.4553084433418307,2.5192585902373725,-0.7698486038726403,-1.7527871868055866,-0.7211646379830898,-0.7584308573963509,-1.8007981606282735,Sleep stage 2
2.2483506369218094,2.5793729897740962,2.5820546831348854,2.582567550418499,2.5827762639008753,1.9828048116139554,0.5945231228729113,2.4718706637534598,-0.70881473145584,-1.9154380380035663,-0.6190181324373504,-0.8116570783350628,-0.2730284121959196,Sleep stage 2
2.159781797719785,2.6793515921967916,2.698791508270026,2.702962610372627,2.7046763719406766,1.9556249400472976,0.29595752625672783,2.4099533184677657,-1.475664880632876,-0.6931657725564441,-0.70233498902908,-0.9137997818509074,-0.2730284121959196,Sleep stage 2
1.8720179241725394,2.4337237402436087,2.4510737436822163,2.454787474021667,2.456321557243054,1.8572270547206162,0.14258831622338058,2.190994120479463,-0.6599832586141431,-1.775463368417492,-0.738573419904532,-0.8202475242690714,0.8361056248437485,Sleep stage 2
2.2139595820332287,2.4964950752863624,2.4991658173105247,2.4996779477928452,2.4998819633824034,1.9482031174160004,0.6151656780415109,2.3931519046577088,-0.7105861027027431,-1.7873584162740939,-0.600922268482135,-0.8026022994970324,-0.2730284121959196,Sleep stage 2
2.085227424899196,2.640398039169728,2.656521925361541,2.6599625865028,2.661382035046582,1.9437649727990796,0.03875448783538106,2.38314335835883,-0.7612597239228939,-1.8393588704094888,-0.7188179009297025,-0.802381676932126,-0.2730284121959196,Sleep stage 2
2.232827064884385,2.5178080139499457,2.5311957554656193,2.53406477957535,2.535232198124521,1.925311911541665,-0.12715586589319688,2.3416295167188244,-0.7499708453406144,-1.7764222721352319,-0.6064926698650406,-0.8736611174267558,0.8361056248437485,Sleep stage 2
2.049484172155644,2.7037513776463826,2.7265968861939602,2.731495572188347,2.7335372143334764,1.9956649986808348,0.19296809481218127,2.501401779982219,-1.1446790725008837,-1.0947503464578616,-0.7587050355769004,-0.8836823268535765,-2.491296486275256,Sleep stage 2
2.3315151214791823,2.363698346626039,2.3529823963307543,2.3505956211857626,2.349614448487836,1.8930622654923828,0.1302598718342026,2.269819853534757,-0.9368029755092891,-1.4288986258879643,-0.48097493130721086,-0.9313990278928332,-0.2730284121959196,Sleep stage 2
2.252751217048874,2.985783946581448,3.0046732005142887,3.008692649382863,3.0103773141060843,2.1245602502256014,0.32734185526250453,2.804839306967687,-0.9472574491434783,-1.5999634437643728,-0.7659187115553613,-0.8466118428752415,-0.2730284121959196,Sleep stage 2
2.065884102924943,2.909823651565027,2.9383061533360877,2.9444167469746487,2.946971276072425,2.0538751315825903,1.0529328185860192,2.636686503844922,-1.0583359143079765,-1.2301226733068367,-0.8195120392066529,-0.9233954134970759,-0.2730284121959196,Sleep stage 2
2.441296264719928,2.8540409765268326,2.8601135517306178,2.861364599621385,2.861875320459045,2.105034586786233,0.9724891246138806,2.7579505330112775,-1.3511030421783365,-0.6390906631463393,-0.6423415283240476,-0.9894447703708875,-1.3821624492355877,Sleep stage 2
2.065452643034719,2.57076009473563,2.583389234709987,2.5860644899037526,2.587174260768723,1.9494155265644417,-0.49297291333634563,2.395907332975847,-0.957667378220447,-1.229650988656816,-0.7006311729034516,-0.9618605744549891,-0.2730284121959196,Sleep stage 2
2.1009582968278173,2.892494223670565,2.916207701301299,2.9212895053223664,2.9233979525635245,2.017551201751346,-0.6524241484725927,2.5519437255863338,-0.591860143221951,-1.6891152525905613,-0.7986179573695715,-0.8968484253503386,0.8361056248437485,Sleep stage 2
2.00875771767963,2.151989024496371,2.1524350857738073,2.152481208892064,2.1524977070824485,1.8175817892002208,2.031205626297511,2.1050816301771413,-1.0413972627092367,-1.0018339918622914,-0.5444815471964736,-0.9248472336483378,0.8361056248437485,Sleep stage 2
1.9819200183619146,2.5184238508141434,2.5345404029315737,2.5379741413999977,2.5394046017729366,1.9338531202026772,-0.7540314443839303,2.36080763085933,-1.062045630955523,-0.9616972837378459,-0.7198053197091956,-1.006036759966298,-0.2730284121959196,Sleep stage 2
2.03900478800554,2.3450457605555552,2.3508033713430696,2.351997442730125,2.3524983385011504,1.855476110224749,0.24666712599666285,2.1871849207885092,-0.819614682579184,-1.3922655160463533,-0.6199875261868436,-0.9388809903477583,-2.491296486275256,Sleep stage 2
2.326787493583883,2.7521829314238326,2.7594834981302565,2.7609916972328294,2.761639570769372,2.0522296497298482,0.06696240098605317,2.6328325036136104,-1.1511259380105212,-0.8915970390810756,-0.6531323712798527,-1.0220301477903526,0.8361056248437485,Sleep stage 2
2.0378420038452183,2.9488626264617244,2.9863969056117408,2.9944966288975214,2.9978936302012333,2.151443515674365,0.8756297119546967,2.869885862031807,-0.9799240868929411,-0.8134009397441413,-0.8452076766030914,-0.9533073528054394,0.8361056248437485,Sleep stage 2
2.12155726055626,2.0546370210177094,2.0410619948286954,2.0380508538683726,2.0368227994580503,1.772500841400345,-0.18749218785125576,2.0089690380486145,-1.1288806729461187,0.3860273797732944,-0.42732521032288784,-1.0444972549431808,-0.2730284121959196,Sleep stage R
2.0527284938500068,2.3634924750443442,2.3703383336448103,2.371775888103142,2.372387591565334,1.9005931584045173,1.342486547810698,2.286513213862101,-0.9641703631119689,-0.2385537437270705,-0.621890596733947,-1.060661022334467,-0.2730284121959196,Sleep stage R
1.816918410562021,2.7923825355608587,2.8306920946601744,2.8389680497250507,2.842423131486339,2.098863663543002,0.966071295764258,2.7432359153325523,-0.7573713312157048,-1.170577372913255,-0.8883040448763021,-1.0214506933487482,0.8361056248437485,Sleep stage R
1.5205556840624226,2.2617373128596685,2.2854759152814426,2.2905714717432555,2.2927021329418182,1.818266044164572,1.0607303109801132,2.106534850190121,-1.0005338492133542,-0.09720507523892488,-0.8436934145961663,-1.08876564923691,-0.2730284121959196,Sleep stage R
2.010447811874923,2.744014664337434,2.766842685313941,2.7717299138438354,2.773763895260085,1.982357556683016,1.6679514378073792,2.4708640492932763,-1.2424930532539318,0.24924831739424264,-0.7882548384554579,-0.9806332666700251,-0.2730284121959196,Sleep stage R
2.131262302105818,2.994393677976139,3.0240549081625594,3.030435277150816,3.033083451136061,2.1390618562734334,0.7004882435679886,2.8398197284693962,-0.9333858554818817,-0.08369365139496769,-0.8194224146557505,-1.0395742320801693,-0.2730284121959196,Sleep stage R
2.2117371340794816,2.9033520097852543,2.9204758990773847,2.924125791455073,2.9256261085226383,2.040161337305829,1.9562638102197072,2.604560704844714,-1.3779223778085579,1.4597453064601793,-0.7554941050515738,-0.9908183315422444,-0.2730284121959196,Sleep stage R
2.1713586895085695,3.0505519072994702,3.077732674568197,3.0835601558787324,3.085986299722556,2.092697531117775,1.250331698241046,2.7285108756727077,-0.8773383135985882,-0.4159582311279708,-0.819481526414186,-1.064276162070187,0.8361056248437485,Sleep stage R
1.9119432397460825,2.4391600060088927,2.4595937733663895,2.4640089581353855,2.465849326581582,1.9647864922063258,0.009256715772714384,2.4307773278254974,-1.5103840700072073,1.020865402554046,-0.7237993656389193,-1.0315880345251025,-0.2730284121959196,Sleep stage R
2.328798239285681,2.669479458231883,2.674846546264882,2.6759348623973054,2.676403025149451,1.9841315051120152,3.225176643784192,2.4749368483554037,-1.331268154011049,1.4448547746031897,-0.6205158576102741,-0.9652763089035471,-0.2730284121959196,Sleep stage R
1.6511077550849207,2.113120099217097,2.134017636116562,2.1385204572297694,2.1403924163457613,1.8143794050348554,0.7336326640725231,2.0981982039325633,-1.1512404630641881,1.1186426568930186,-0.7198676258691544,-1.037590857673629,-0.2730284121959196,Sleep stage R
2.132423781024355,2.4297224499161176,2.453148346677908,2.458232164959042,2.460343987543109,1.9754010258652748,2.4056700650834753,2.4549524404942606,-1.3177492702694142,1.338973471148722,-0.6209103202091376,-1.0340406288698798,0.8361056248437485,Sleep stage R
1.7654129585594083,2.4771487736750943,2.500715819431315,2.5057825095454316,2.507880978627844,1.9249624294021905,-0.45037013735472203,2.3408667372925214,-1.459032145187279,2.5220685883161544,-0.8052211495903615,-1.0314730526507072,0.8361056248437485,Sleep stage R
1.462764854283462,2.161480275677954,2.2147326751147136,2.2263647265980215,2.231212998371107,2.121544866868484,0.791169858913482,2.7975660143948176,0.5466482630383431,-1.1866101910289506,-0.8487578081821534,-0.6064893459399274,-1.3821624492355877,Sleep stage 1
1.5403432118320797,2.2143156120392873,2.2354484108839694,2.239974914745123,2.241865145820881,1.772754729792585,-0.04599073810439025,2.0095131318142343,-1.1751914824530116,2.039361258424307,-0.8155662996052392,-1.0005066646161207,0.8361056248437485,Sleep stage R
1.909140897078477,2.0405232102750746,2.045188311446143,2.0461715143653474,2.0465800242018264,1.7533263371591543,0.44366902788560025,1.9686082661836357,-1.2301068498181822,1.6038612450006344,-0.5436592194381012,-0.9836417756791958,-2.491296486275256,Sleep stage R
2.077395762664389,1.891300035319621,1.8828034412752688,1.8809249717409702,1.88013066267742,1.6965856915321658,0.20361556975621042,1.850987873168478,-1.1719907791158917,2.2543043678364163,-0.36087868875300627,-1.012095954514609,-2.491296486275256,Sleep stage R
1.142452223447181,1.0500350283694084,1.0483843936955726,1.0480270257468893,1.0478645667659028,1.3057466457008624,0.8427453275730543,1.1140587452573636,-1.41444527397322,3.4137386871480486,-0.3895602958621373,-1.0329929302842384,0.8361056248437485,Sleep stage R
2.3843008509746295,1.6740061445731012,1.6494203339617923,1.6440903621630072,1.6418750174975747,1.6866740718855786,1.3764039174858296,1.8307144548413443,-1.3150949878096407,2.0314019642511103,-0.012076239058368661,-0.9324729129910054,-0.2730284121959196,Sleep stage R
2.2583126722649616,2.278899688327866,2.265999205518171,2.263128063245123,2.2619530787304307,1.8711631862620437,0.40766297055026685,2.2215163176879504,-1.1679071562240553,0.476547600136111,-0.4741610861854806,-1.0581687306004701,0.8361056248437485,Sleep stage R
2.3007001160712695,2.5685402384278375,2.574150749499845,2.575333685454309,2.575855378348446,2.0443930455071087,-0.9916084279902081,2.6144550696269184,0.2358181416288001,-0.9689129182121198,-0.5931155759308441,-0.2950400331023575,-1.3821624492355877,Sleep stage R
1.5339496817158962,2.2894468232279346,2.318658729272301,2.324950454171327,2.327593072647642,1.8799009556088533,1.0796072991049552,2.240733751927482,-1.0408226836976728,0.741449408511479,-0.8494473674319779,-1.013959200203897,0.8361056248437485,Sleep stage R
1.9640127577441147,1.7764318066966527,1.7618919934301982,1.7586934084731012,1.757364578184491,1.6568299271399267,0.21130967109223753,1.7701663510157035,-1.2444252113195415,1.3484587383742785,-0.34978311611992063,-1.0476204120280808,-0.2730284121959196,Sleep stage R
1.7645803381888368,2.0803794545482175,2.0881409059097136,2.0897792835870046,2.0904404681988864,1.7649709038704124,1.5212264667680837,1.9930938362387216,-0.9529527397412816,-0.6802297172005038,-0.6401282017291524,-1.0561075162515507,-1.3821624492355877,Sleep stage R
1.675942998244358,1.5938924566718313,1.5806974362293418,1.5777915434138459,1.5765795278511483,1.5325379042131528,1.654729237384947,1.5260753693581617,-0.8024113323292753,-1.207919132567101,-0.40785755188141665,-1.046542370105524,-1.3821624492355877,Sleep stage R
2.005090601380568,1.3988228432448493,1.374571459570929,1.3693189878958556,1.3671258366908157,1.5518995398311684,1.6027026371376127,1.5632478935055663,-1.3095293320604868,0.7236041619420007,-0.022189980467912485,-1.0109736118483825,-0.2730284121959196,Sleep stage R
1.5411392892053495,2.349005686144695,2.381955408882278,2.389079266108682,2.392031965473725,1.805077912366296,-1.397606921675384,2.078253878643516,-0.805573601498824,0.961326824893272,-0.8681546323815166,-0.794946371382066,-0.2730284121959196,Sleep stage R
1.0576080921350195,1.4407306324313405,1.453860343176017,1.4566776930480332,1.4578509558975876,1.4220957512683696,0.21405610566338965,1.3200491662136484,-0.8148709088554995,0.3839950117915628,-0.7394691661769481,-1.0623683369346375,-0.2730284121959196,Sleep stage R
1.382871637998422,1.7423584507160759,1.751207552431655,1.7530790361715336,1.7538691245329905,1.5979649646554712,1.383622022575242,1.6529437839877728,-1.010444563523957,-0.6610559563319505,-0.6897991633094961,-1.050792402789986,-1.3821624492355877,Sleep stage R
0.6414563418613597,1.2204030492899276,1.2542212505811474,1.2616041978757992,1.2647115177026929,1.639612560282256,1.3485947073303508,1.7355643928184157,-0.36287530143825364,0.8988946252331595,-0.9309558858695688,1.0760763408163765,-1.3821624492355877,Sleep stage R
1.1215648234129711,2.2108085490472886,2.271394131528045,2.284609767262649,2.2901172187512384,1.9140250217334367,-3.9147174546340193,2.31637414627203,-1.265701675210414,4.021882403663282,-1.0346190343450903,-0.38692508207471205,-0.2730284121959196,Sleep stage W
1.583312645911748,2.5590855795605623,2.604642504412034,2.614529607479051,2.618645771200334,1.9829624237898873,-0.8806869211714863,2.472238866279687,-0.600229995476364,0.6299123562011409,-0.9207002339069539,-0.6956857405741268,0.8361056248437485,Sleep stage W
1.5667898952647314,2.4482161286914947,2.4845996080321533,2.492467105228667,2.495739148587025,1.9149959874535862,-0.16060525077862156,2.318567315045099,-0.8605760866070771,0.24474776097868894,-0.8903359260947362,-0.48673264310928754,0.8361056248437485,Sleep stage W
1.330971605261061,2.1604548774114094,2.1918162642371275,2.19859004114877,2.2014017284890377,1.733670485382263,-0.5903132132370751,1.9275516629257663,-0.7194538835277743,0.05860292581351185,-0.9042588269392791,-0.4869022272566629,0.8361056248437485,Sleep stage W
1.579568492513704,2.0661510263375793,2.0862053378749863,2.090520500935329,2.0923059486260267,1.7558251296118241,-0.8302462029116577,1.9738361734571768,-1.731071607545785,4.284631878794846,-0.7363481744133207,-0.42467072009463663,0.8361056248437485,Sleep stage W
0.7401088479326766,0.9707813624871683,0.9960089123449476,1.0015423336097196,1.0038610572988087,1.5143109778189916,-1.988977434898889,1.4913538834986793,-1.408747363531193,1.4615624016900675,-0.6938020728350618,0.5403787151078898,0.8361056248437485,Sleep stage W
0.5269974468783105,0.5550986047527079,0.5588609339818018,0.5596848904857857,0.5600268679287967,1.5856040613065994,-0.9862658946153167,1.6287033461099085,-1.4384471809583859,1.8272151604404436,-0.5042088733883784,-0.5793458132470314,-1.3821624492355877,Sleep stage W
-0.6451125077272365,-0.6370200296858999,-0.6357399253909993,-0.6354535924376828,-0.6353355015222971,0.09769790074501059,-2.9784323744521526,-0.3539817560004395,-0.46818308598196146,3.012063276693683,-0.6697868733641472,0.729072836852824,-1.3821624492355877,Sleep stage W
-0.6486026175651666,-0.641677841991837,-0.6406448780232867,-0.6404132197817276,-0.6403214346044409,-0.5693764485763649,0.23811794348977217,-0.6402296676281959,-0.0026144071470826477,1.5923488639319594,1.2017707962276285,0.3075427353731181,-0.2730284121959196,Sleep stage W
-0.6488780392242817,-0.6417457982941862,-0.6407180157392345,-0.6404875154992288,-0.6403942586543233,-0.6827550217294267,-3.569258329703599,-0.6517863218587577,0.28476459771804025,0.5955466173364962,0.8964491472888795,0.17902387177404042,-2.491296486275256,Sleep stage W
-0.6491449244381362,-0.6419579841525678,-0.6409384517206117,-0.6407097647238376,-0.6406191900763177,-0.7026452572352779,0.16930612747998655,-0.6527019895508804,0.5159021837062376,-0.12348391460186564,1.6975654535683473,0.1048973574365336,-1.3821624492355877,Sleep stage W
-0.6495221110487865,-0.6419081004743552,-0.6408822123415323,-0.6406521412986731,-0.6405592182771317,-0.7105076543502106,-1.0148305508672084,-0.6529731397104721,0.7130381705406988,-0.10346149880151376,-0.36305707400466497,0.29334193190208646,-0.2730284121959196,Sleep stage W
-0.6492182570717034,-0.6418480211403431,-0.6408280970377158,-0.6405993040071829,-0.6405042025715553,-0.7128095132247192,-1.3536233979010641,-0.6530423090954082,0.9897809214274315,-0.049421870535495654,0.4843481094744706,-0.07114637574832355,-1.8007981606282735,Sleep stage W
-0.6491239972739865,-0.641863454990122,-0.6408434681823673,-0.6406146660539432,-0.6405227079383841,-0.7064552904390535,-1.2427605080265043,-0.6528406012410962,0.21850984427954945,0.9984113271147762,0.9124430562561321,0.4850352563811998,0.8361056248437485,Sleep stage W
-0.6494278020353517,-0.6419699613011554,-0.6409468223574362,-0.640717359916502,-0.6406265439613877,-0.7152315473295521,-2.3663855970325294,-0.6531105979860699,0.2337001903103802,0.30457004814687016,0.4293502757038677,0.27127619877598197,-0.2730284121959196,Sleep stage W
-0.6492275495884537,-0.6419409505301574,-0.6409192532742507,-0.6406900988417258,-0.6405990550149576,-0.708592698286282,-0.7900126605227383,-0.6529118698166538,0.07522137165642544,0.2367667552274993,1.1142669489494392,0.23695391978422609,-0.2730284121959196,Sleep stage W
-0.649318246403124,-0.6418451917882299,-0.640823693861602,-0.6405945570000856,-0.6405015148535739,-0.7066150488576672,-1.9065137126329814,-0.6528452300772029,0.4280447207316477,0.4990744939651444,0.11788881243498123,0.6191608235530439,-0.2730284121959196,Sleep stage W
-0.6495381480916071,-0.6420450133011049,-0.6410236798524734,-0.6407945876242892,-0.6407015842528189,-0.7226624446231882,-0.24095338908993147,-0.6532895116882436,0.12702286590296383,0.24790250776813824,0.5359116298385697,0.8526233068572432,0.8361056248437485,Sleep stage W
-0.6495783535951456,-0.6419486536087728,-0.6409247050045401,-0.640695059843587,-0.6406024214760013,-0.7179741373009686,-0.3887611704916192,-0.6531817409114921,1.0264724609748541,-0.22797606087941866,-0.4073131231197195,0.6019967340578641,0.8361056248437485,Sleep stage W
-0.6493189971530473,-0.6418753815950579,-0.6408561521584901,-0.6406275029286294,-0.6405342134093026,-0.7133518807984192,-3.1888171750820438,-0.6530582643515134,0.26093157953612756,0.3744947814837578,0.28758585948108484,0.6439140935803934,-0.2730284121959196,Sleep stage W
-0.6495752474199601,-0.6419911163656271,-0.6409688820443105,-0.6407396026897895,-0.6406475839183117,-0.7190106099743535,1.6573524971942621,-0.6532072446443263,1.3335446836565914,0.7055549831414409,-0.14808676131378964,-0.5855137689991584,-0.2730284121959196,Sleep stage W
-0.649619638201032,-0.6420245849572053,-0.6410027517292112,-0.64077356710488,-0.6406820571933245,-0.718120027939669,-0.4127450865687012,-0.6531855007066723,1.700496280001118,-0.34877759331771496,-0.16332819672821064,-0.5945131131098328,-0.2730284121959196,Sleep stage W
-0.6494203057345719,-0.641958010119863,-0.6409339496904858,-0.6407042640173016,-0.6406120331904174,-0.7152043265094066,-1.8098985171938908,-0.6531097059193443,1.3166731962916416,0.19355171203374308,0.3650856964792345,-0.4142788154786657,-0.2730284121959196,Sleep stage W
-0.6496476425253837,-0.6420388414482782,-0.6410158624845935,-0.6407864071815439,-0.6406919402695838,-0.7205812494683377,-0.11913785540959583,-0.6532437799238532,2.069405619183888,-1.0805733002923836,-0.2406558626678,-0.550756037485323,0.8361056248437485,Sleep stage W
-0.6494121611055998,-0.6418911656501662,-0.6408705035529705,-0.6406415399408127,-0.6405463620864152,-0.7137692562648557,-0.5123478212624919,-0.6530700346403683,0.6763485501008845,1.1445328187258144,0.013850516477047168,-0.15954253847659808,0.8361056248437485,Sleep stage W
-0.6492148059494354,-0.6419346164119989,-0.6409127255906683,-0.6406835242521032,-0.640593067837845,-0.7106165150830359,0.6665693706647873,-0.6529763882550179,0.051281986459233014,2.370221088133521,1.1090693959274867,-0.19679185841470961,0.8361056248437485,Sleep stage W
-0.6495039146127408,-0.641921692539798,-0.6408988741646551,-0.6406694753777304,-0.6405784823605355,-0.7189740600342536,-1.5221403183375648,-0.6532067737319073,-0.027764226365410476,1.2650004008324494,-0.21034666096093058,0.1860796817764023,0.8361056248437485,Sleep stage W
-0.6494787771585643,-0.6420122474516082,-0.6409901158936072,-0.6407608584331164,-0.6406681887756902,-0.7122035174231699,0.9568333270789436,-0.6530245436016533,0.4091227433951942,0.8727469294659997,0.5443763338290177,-0.09895215350187685,-0.2730284121959196,Sleep stage W
-0.6485121422107821,-0.641661677319601,-0.6406437465414014,-0.6404153634907331,-0.6403236889989098,-0.6983362496100746,-2.2328742058041793,-0.6525322488317605,-0.014311243967738571,0.5409805433157903,1.427848873028543,0.9461075811796524,0.8361056248437485,Sleep stage W
-0.6494640817447395,-0.641879190201265,-0.6408563650186049,-0.6406269469339199,-0.6405355263853714,-0.7056221962583944,0.2992345622314649,-0.6528108953190528,0.4269204490248771,-0.3794705905640502,-0.24960184566911917,1.3492893862830355,0.8361056248437485,Sleep stage W
-0.6491887721079702,-0.6418790911415468,-0.640857241515166,-0.6406280264705586,-0.6405368669555467,-0.709146664691158,-1.6285725667406512,-0.6529297029030562,0.3265070687447348,-0.5914105247511704,0.771119763650883,1.6165929714154599,0.8361056248437485,Sleep stage W
-0.6494418164274406,-0.6419591811249055,-0.640939030602254,-0.6407102141776807,-0.6406210937905744,-0.7194057620981246,-0.7894815547508917,-0.6532166675951584,-0.6199947452247581,0.21826609192806518,0.3085285181046506,0.44265863998887506,-0.2730284121959196,Sleep stage W
-0.6489692237700978,-0.6416839035031869,-0.640662213215545,-0.6404330471959813,-0.6403430285952503,-0.7054922055562572,-1.2599592317678805,-0.6528060863823948,-0.6140408336659539,0.5247938963860134,0.41080372881949967,0.39214742463454244,0.8361056248437485,Sleep stage W
-0.6495654322442312,-0.6420183445818183,-0.6409964396627444,-0.6407671140190361,-0.6406640841567912,-0.7168442382195798,-0.1010698727346157,-0.6531535239872326,0.13355773298912382,-0.34340475445326973,0.10598488943197144,1.0544142391281153,0.8361056248437485,Sleep stage W
-0.6494660227086996,-0.6418832733936034,-0.640861718486931,-0.6406325349034525,-0.6405374302542446,-0.7084752744121988,0.826817601555736,-0.6529079049213561,0.11343254942409278,0.11056198003261967,-0.23246093929722783,0.8802744423956594,0.8361056248437485,Sleep stage W
-0.6493260760508107,-0.6419613482070438,-0.640939500977148,-0.6407103079435233,-0.6406208270256102,-0.7123323550644599,-0.9563088888338609,-0.6530280862307969,0.02562833896728374,0.31922960844881676,0.8530009121729178,0.47132488062368416,-1.3821624492355877,Sleep stage W
-0.6490421352742589,-0.64190686745486,-0.6408880832987041,-0.6406595627439738,-0.6405704401162642,-0.7089405296410537,-0.8280844403991381,-0.6529232081237312,-0.6014041522080724,1.2756598477640204,1.599022778617078,0.017728237801759448,0.8361056248437485,Sleep stage W
-0.6492120078881476,-0.6419379180316632,-0.640917204500415,-0.6406882263330963,-0.6405956606243879,-0.7124876721325828,-1.9031601235835902,-0.6530327815416308,0.5998168242290373,0.10905488157735135,1.1651987672467221,0.6052866323438197,0.8361056248437485,Sleep stage W
-0.6496472617361521,-0.6419619818948581,-0.6409379229397165,-0.6407082444771962,-0.6406173612512543,-0.7129376224253622,0.3465451652041473,-0.6530461385454661,0.10186144177268248,-0.16246132076505015,-0.6643113571549055,1.3240267673893786,0.8361056248437485,Sleep stage W
-0.6493204110673043,-0.6418571315644889,-0.6408370996008161,-0.6406082461637607,-0.6405115583306028,-0.7112181911249349,-1.9957365988127054,-0.6529948954710459,0.5791294818076721,0.23605801206860713,0.1787240316686104,1.1787880185768063,-0.2730284121959196,Sleep stage W
-0.6493457200627257,-0.6419764656203333,-0.6409553167804959,-0.6407261980846511,-0.6406278628032045,-0.7119281851760305,-0.9125773915969689,-0.653016066539655,1.0507630662933953,-0.2619250433855796,0.9092157744716676,1.7660573453592945,0.8361056248437485,Sleep stage W
-0.6492117148515357,-0.6419510102209508,-0.6409325123008838,-0.6407039994422902,-0.6406112177826528,-0.7146098066646115,0.5822868583486114,-0.6530936846280556,0.2755926788141148,0.5471043383694048,1.3234638233082567,0.66212664377266,0.8361056248437485,Sleep stage W
-0.649526810434677,-0.6420195209139371,-0.6409988754554632,-0.6407699444231155,-0.6406788184467556,-0.7203969863125338,-0.8874865614890132,-0.6532396948814192,-0.5056450050606783,0.5512652771248582,0.3545986100507005,0.29379394662981806,-1.3821624492355877,Sleep stage W
-0.6494854124336072,-0.6419607552254224,-0.6409374426767696,-0.6407079470215609,-0.6406187382109846,-0.7173823421373705,-1.619618570170368,-0.6531670693278153,-1.5612055096593738,0.929087619126608,0.08883516095750707,0.19965144864432086,-0.2730284121959196,Sleep stage W
-0.6495436956021052,-0.641981393542661,-0.6409595374175212,-0.6407303015123645,-0.6406350190794665,-0.7181456714393668,0.47843924087503065,-0.653186193367741,-0.02194766773397509,0.3516960380420036,-0.04668464761059411,0.6832761331473322,-0.2730284121959196,Sleep stage W
-0.6493578915159955,-0.641974414016054,-0.6409546853168313,-0.6407258699872672,-0.640626566316367,-0.7102071657041646,1.1821298075075872,-0.6529634365549041,-0.2298071806918268,-0.024217041928609784,0.8456301171512853,0.6008682750796768,0.8361056248437485,Sleep stage W
-0.6491908548593148,-0.6419382158433706,-0.6409158107838345,-0.6406862982728202,-0.6405776753696573,-0.7107434554088663,0.3784495223430739,-0.6529798325276484,0.11713736472404981,-0.8199227133517606,1.2407904105810363,0.8124976170665699,-0.2730284121959196,Sleep stage W
-0.6491376893022092,-0.6419697712458826,-0.6409499512516103,-0.6407211037692366,-0.6406195768446559,-0.7107233544356828,0.6119316851707653,-0.6529795298179055,-0.22608442523179084,-0.3797126422526475,1.874154250600009,0.5179424688234124,0.8361056248437485,Sleep stage W
-0.6496734728427955,-0.6419808365714237,-0.6409566996562621,-0.6407268925328325,-0.6406247867398808,-0.7189293684712349,-2.0075869881249373,-0.6532054142751434,0.13444687098486985,-0.9831071711453665,-0.7137912694307293,0.47672699819505787,-0.2730284121959196,Sleep stage W
-0.649474283020735,-0.641947950188217,-0.6409253739727513,-0.640695900291047,-0.6405930550513506,-0.7135265817406723,0.3156711371024158,-0.6530630999020632,-0.20916810832927504,-0.6409511287152934,0.06402531841727821,0.6884854744129743,-0.2730284121959196,Sleep stage W
-0.6495845594113907,-0.642035156736004,-0.6410140804417724,-0.6407849778321416,-0.6406816261763857,-0.7238408700753474,0.9556350684607763,-0.6533135086351893,-0.3004470222455175,-0.2376713087809065,0.14361551554670204,0.5329316349535317,0.8361056248437485,Sleep stage W
-0.649677964700703,-0.6419732010710855,-0.6409499666468745,-0.6407204558358058,-0.640624963370781,-0.7193063505016749,-1.3707059066491563,-0.6532144081835598,-0.5993258571884126,-0.07024898635419866,-0.7620954030294128,0.23532900234714904,-0.2730284121959196,Sleep stage W
-0.649518362125219,-0.6420434838631777,-0.6410227508202304,-0.6407938303690296,-0.6407052996746198,-0.7143771167639248,1.201943781118807,-0.6530868853666553,-0.5651899208682495,1.147291175789099,0.6554582265843409,-0.7060516349722811,-3.6004305233149387,Sleep stage W
-0.6494461719050922,-0.6418649048836886,-0.6408356346763701,-0.6406048270635831,-0.640514434610922,-0.7129074709533004,-0.31478669887776695,-0.6530451948155033,-0.8518161476199387,0.5376943496380884,-0.27667151753120206,0.2200983755912046,0.8361056248437485,Sleep stage W
-0.649418928876644,-0.641905591223226,-0.6408837427030079,-0.6406545591836331,-0.640565155283348,-0.7124653935755599,0.17771340200749033,-0.6530322770695807,-1.1151173625252104,1.1796570780385434,0.05625091425200047,-0.2289303760864471,0.8361056248437485,Sleep stage W
-0.6496644651133161,-0.6418923124915972,-0.6408640062794909,-0.6406333703525439,-0.6405377473771406,-0.7170478465873921,-1.8877526161359834,-0.6531585332067827,-1.3645546175171157,1.3605177904464247,-0.971649641753163,-0.3065663568113929,0.8361056248437485,Sleep stage W
-0.6495151926734092,-0.6419902482470088,-0.6409666988470827,-0.6407370249438602,-0.6406289135254717,-0.7207703546652819,1.1989241069310903,-0.653248274078198,-0.09930838870731004,-0.8640659195025593,0.14601450556684017,0.3041466732476593,0.8361056248437485,Sleep stage W
-0.6495168252521708,-0.6420471302325202,-0.6410265414901989,-0.6407976388832719,-0.6407077167590962,-0.724247588178998,1.5891236728102736,-0.653321371432791,-0.3338085599225575,0.2556306656582114,0.7111648473688219,-0.42189281589199223,-0.2730284121959196,Sleep stage W
-0.6494973148722449,-0.6419076779007691,-0.6408823279480425,-0.6406523771025009,-0.6405606277111967,-0.7095076193253373,-0.4426226278364392,-0.6529412255308528,-0.4376045625594708,0.7367365588703941,-0.26441143217922025,-0.3205372422565214,0.8361056248437485,Sleep stage W
-0.6494552338143627,-0.6419308203844134,-0.6409080185443599,-0.6406786114194721,-0.6405874466008973,-0.7097301845198747,-0.7856474934717147,-0.6529484690278294,-0.6729820681224884,1.0235999200855352,0.04273743400117623,0.3922743406069299,0.8361056248437485,Sleep stage W
-0.6494880055637082,-0.6417928167342745,-0.6407666457014055,-0.64053652166984,-0.6404453176288402,-0.7110739178423305,0.5097052391306209,-0.652990298854297,-0.6389198040544145,0.8104971449552761,-0.6335067189771674,0.25920393655528423,0.8361056248437485,Sleep stage W
-0.6496531522770764,-0.6420085221100761,-0.640985716825016,-0.6407563352295487,-0.640666177238985,-0.7194068951876711,0.29416659824415253,-0.6532166884304232,-0.7899643800100874,1.047957547343245,-0.4659152861062192,-0.13953156862329893,-0.2730284121959196,Sleep stage W
-0.6494194662558443,-0.6418966445661374,-0.6408708140747925,-0.6406407451280773,-0.6405484558083457,-0.708160566927648,-3.079013871334127,-0.6528975634896589,0.24387802206400572,1.7495803040082307,-0.018228469678467082,-0.10068484669946459,-0.2730284121959196,Sleep stage W
-0.6495692812032909,-0.6420359500053702,-0.6410142738873376,-0.6407851393472165,-0.6406959859930632,-0.7213157990470871,-1.843079737393851,-0.6532602125871058,-0.23525339712794224,0.251830407034186,0.23961736789345967,0.05032850881994911,-1.3821624492355877,Sleep stage W
-0.6492908346306567,-0.6419211743006606,-0.6409003424426897,-0.6406713240314388,-0.6405759704438275,-0.7136756703037496,-0.06346441187450672,-0.65306739637137,-0.22825847488099613,0.19516834519687432,0.68549560799857,0.4089851048659675,-0.2730284121959196,Sleep stage W
-0.6494889392195462,-0.6420016060585717,-0.6409813901154421,-0.6407525587628061,-0.6406619798744909,-0.7199357202531849,-3.5794190544450797,-0.6532292713750559,-1.4049431989389622,1.0049590153737875,0.4107032702072948,0.1339408662829403,-0.2730284121959196,Sleep stage W
-0.6496116432833414,-0.642023622903534,-0.6410003729090877,-0.6407708764812605,-0.6406793227035777,-0.7195016856210574,-0.008204140888087968,-0.6532189760647994,-1.009999575614895,0.8867534571632264,-0.13560050778414032,-0.02912475484503671,-0.2730284121959196,Sleep stage W
-0.6497417431690277,-0.6420272155310172,-0.6410042944855723,-0.640774886395668,-0.6406848752477305,-0.7246263516570239,-2.7058366784673082,-0.6533288480270717,-0.10847766979030664,0.10397112570376928,-0.8838932854755623,0.1764887669921423,-0.2730284121959196,Sleep stage W
-0.6495501386959502,-0.6419760118887312,-0.6409539691050936,-0.6407247431861139,-0.6406346529566677,-0.7180119801777809,-3.064738116056427,-0.6531828270836465,0.391529510750115,0.17677751113283968,-0.11454535398990892,0.43795904688621884,-0.2730284121959196,Sleep stage W
-0.6492558471592079,-0.6419361578017362,-0.6409175217373719,-0.6406890174837101,-0.640598442389446,-0.7044338653114302,-2.303935839047088,-0.6527683163714785,-0.6387013058305289,1.018248440970817,0.9800701398459181,0.48069934938140463,0.8361056248437485,Sleep stage W
-0.6495600167719159,-0.64200294703631,-0.640981373430588,-0.6407522093565357,-0.6406587027053688,-0.7188686730317437,-1.2398056809033318,-0.65320416133947,0.5208452007506038,0.563660218730003,0.020008537891964235,0.7407622489067087,0.8361056248437485,Sleep stage W
-0.6494999081837313,-0.6419643402512554,-0.6409409014050128,-0.6407113532655924,-0.6406190794266045,-0.7061804080623688,-0.4211778912917862,-0.6528300752545667,0.4786670663268831,0.9075339737484408,0.0430807683617355,-0.06090992599378246,-0.2730284121959196,Sleep stage W
-0.6494850929636112,-0.6420463307433325,-0.6410263619802995,-0.6407975749007363,-0.6407070193066394,-0.7196364474841589,0.04205122514328309,-0.6532219984714167,0.1486712664321599,1.2867348678467752,0.9203986993816466,-0.397854394243329,0.8361056248437485,Sleep stage W
-0.649443431586219,-0.6419727699520794,-0.6409513833767196,-0.6407222563727081,-0.640627876353536,-0.7159520938924427,-0.6512590108018427,-0.6531299984224388,0.9882434049153035,0.3734247203429428,0.39256382690475206,0.7310758380934084,-0.2730284121959196,Sleep stage W
-0.6494083148846199,-0.6419005381689978,-0.6408769016180392,-0.6406472885697935,-0.6405535909352069,-0.7134565428908902,-0.025198006537148588,-0.6530609899797489,0.7176976750318176,0.6860819590559805,0.058847853421211266,0.4443786313893171,-0.2730284121959196,Sleep stage W
-0.6490051276234071,-0.6418006814448807,-0.6407776614358547,-0.6405481363456224,-0.6404470109851571,-0.7070813200794701,-0.4411487779597767,-0.6528611183712405,1.1805397637369983,-0.41206531659933465,0.873304833534111,0.6748849647380822,-0.2730284121959196,Sleep stage W
-0.6494465115968869,-0.6419929095137024,-0.6409707216132627,-0.6407414449297553,-0.6406501633032793,-0.7140809105136917,0.35996147591399297,-0.6530786354042454,0.6500709840113202,-0.07054370113705459,0.5383738287987038,0.27125197001482876,-0.2730284121959196,Sleep stage W
-0.6494201129786934,-0.6419699089790498,-0.6409496584406074,-0.6407208149906943,-0.6406300410817486,-0.7174521573448766,0.46665473291802584,-0.6531688303857607,0.547155556389543,-0.15772492765565788,0.49443320352030207,0.07084538926117527,0.8361056248437485,Sleep stage W
-0.6496594675931517,-0.6419949343068954,-0.6409716909226447,-0.6407421637231919,-0.6406475486910737,-0.7204711706099453,-1.2545336867060626,-0.6532415088778759,0.6439737074611497,1.149725448024728,-0.5737814234143819,0.9990741372030066,-0.2730284121959196,Sleep stage W
-0.6493506478184664,-0.6419559420831238,-0.6409350440897374,-0.6407060234704514,-0.6406127045171842,-0.7157453810613975,0.05427065970741465,-0.6531245486676283,0.8547324245778728,0.3595937086803483,0.7010196133881748,0.6597089980843626,0.8361056248437485,Sleep stage W
-0.649380887438052,-0.6419793351612156,-0.6409581230106277,-0.6407290733530943,-0.6406384830664049,-0.71417102494728,-0.1941813719677019,-0.6530812220475403,0.5764998640588307,0.041959369502038,0.760659814073858,-0.2372143122487908,-0.2730284121959196,Sleep stage W
-0.6496197860121763,-0.6420165139110369,-0.6409926473559001,-0.6407630056419039,-0.6406703245854698,-0.7163248603070916,-0.8122386999289218,-0.6531397319362423,1.1907863976589894,-0.509208237642216,-0.23747855533398932,-0.4051734750265619,0.8361056248437485,Sleep stage W
-0.6492654249753633,-0.6418068997742861,-0.640783342658365,-0.6405537582850211,-0.640461560905529,-0.7070048234258592,-0.9387958363771378,-0.6528586747241859,0.3566159133950737,1.270357808556795,0.10211027959418226,-0.15647805007541252,0.8361056248437485,Sleep stage W
-0.6494206609585891,-0.6419816694312842,-0.6409585173375383,-0.6407290382771633,-0.6406378384432466,-0.711502443824324,0.2501971885776205,-0.6530033043285571,0.497631337179311,0.26943884843556337,0.5610833373682771,-0.592052466452255,-0.2730284121959196,Sleep stage W
-0.6493717085554884,-0.6418523057479452,-0.6408308662857304,-0.640601757087311,-0.6405108758434157,-0.710283042503278,-0.13350520702233692,-0.652965750545166,0.36890897397582506,0.7914586023296292,-0.031550661538830176,-0.4465053310246867,-0.2730284121959196,Sleep stage W
-0.649391384528878,-0.6418499160723916,-0.6408269825763186,-0.6405975628445734,-0.6405069437995617,-0.7122780661919464,0.07273897350286188,-0.6530265606129182,-0.610959390083276,1.6743491780999873,-0.11770673550749275,-0.4958929337494559,0.8361056248437485,Sleep stage W
-0.6493177202835907,-0.6418297802471181,-0.6408088713568609,-0.6405798548417179,-0.6404869679017674,-0.711922434482157,-0.19025872939973418,-0.6530160742892596,0.631872392959911,0.8819290257996532,0.05120864346349955,0.12278784019158266,-0.2730284121959196,Sleep stage W
-0.6494908532797667,-0.6418918025132272,-0.6408680863770819,-0.6406384784369036,-0.6405464933610975,-0.7128363240118436,-3.242122436757349,-0.6530430068336197,0.6237156108968818,1.3862083184406875,-0.300451729001992,-0.1474961513160852,-2.491296486275256,Sleep stage W
-0.6495973284726247,-0.6419948149910512,-0.6409726130608394,-0.640743299274686,-0.6406486858953225,-0.7202410015330402,-0.3664754993424894,-0.6532364540002119,0.6566853329043403,0.7920659372311739,-0.2401915920189768,1.7641149375541454,-0.2730284121959196,Sleep stage W
-0.6495312236239997,-0.641887322755389,-0.6408624907095278,-0.6406326475993536,-0.6405410664763711,-0.7105439453677006,-1.616836355752344,-0.652973865771829,1.2893124578847925,-0.5611153467015197,-0.47575053701233777,0.26084851979155305,0.8361056248437485,Sleep stage W
-0.6494661042362105,-0.6420310794920988,-0.6410118309521781,-0.6407832103265537,-0.6406920806589963,-0.7203536476645388,-0.7664680520709595,-0.653238626910423,1.5652008431430542,-0.49135578293889187,0.861139662557872,-0.5184102162554058,-0.2730284121959196,Sleep stage W
-0.6494876551858094,-0.6419395832381751,-0.6409144312912104,-0.6406844912068034,-0.6405911801789105,-0.7133234305378616,-2.5018597661444084,-0.6530570459162496,1.0257604730072367,-0.39689289036909176,-0.06259626033491827,2.1271063229988716,-0.2730284121959196,Sleep stage W
-0.6492796478069666,-0.6418628806631513,-0.6408449753928478,-0.6406164719249402,-0.6405071353914921,-0.7087475971839116,-0.6562747149682822,-0.652916788214277,1.3336911314902868,-0.5455770678101054,0.36849605401180585,0.9257973131830706,-0.2730284121959196,Sleep stage W
-0.6494037415477067,-0.641908010700838,-0.6408869780532342,-0.6406579130135894,-0.6405643783600703,-0.7096606539045742,-1.2916033434706802,-0.652946048336577,0.6582616908174953,-0.2603813081385432,0.1358159608525455,0.5002112324163587,0.8361056248437485,Sleep stage W
-0.6495676259570091,-0.6419897229706013,-0.6409671385590996,-0.6407377455782075,-0.6406405126173209,-0.7192061677700796,1.57333645406811,-0.6532118558790471,1.6607335041132916,-1.468941159214846,-0.12026681522518534,-0.14318396284557192,-2.9099321976679415,Sleep stage W
-0.6495739865762631,-0.6419318363131382,-0.6409049398386732,-0.6406746458127862,-0.64058350993281,-0.7108484717232675,-0.5766530435485343,-0.6529835479378533,0.3121894312419658,1.1850451713488188,-0.47896126007997863,-0.34507299057167806,0.8361056248437485,Sleep stage W
-0.6490492416131574,-0.6417726941603924,-0.6407498363924166,-0.640520380217214,-0.6404270904859352,-0.7048670530402146,-3.594992120173378,-0.6527840700389191,0.4178611365752457,0.29192157124561885,0.5897691429707356,1.2126179998076987,-2.491296486275256,Sleep stage W
-0.6496216505503942,-0.642006227430818,-0.6409830635236605,-0.6407535641394578,-0.6406612175522794,-0.7154206740684366,-0.7896936918070695,-0.6531157128404683,0.8381412405507659,-0.2138550985869024,-0.3081144309186699,1.6411802757483223,0.8361056248437485,Sleep stage W
-0.6490806897358682,-0.6417630819620802,-0.6407435269871217,-0.6405147974118621,-0.6404230892158379,-0.7035734937984406,-0.11271273156809021,-0.6527368648389974,0.46048554992305996,-0.14776134370083935,0.4721992710197716,0.8147584591449673,0.8361056248437485,Sleep stage W
-0.64939262239773,-0.641998968927777,-0.6409792868872513,-0.6407505230727426,-0.6406576294594188,-0.7182497915543786,-0.5405210865946473,-0.6531888132024765,0.374390714270666,-0.3160960163021391,0.9155013995656028,1.328305384019121,0.8361056248437485,Sleep stage W
-0.6492176809922652,-0.6419111898634042,-0.640889789692393,-0.6406606241816931,-0.6405662945458885,-0.7102441958297537,-0.004775137791821243,-0.6529646309996717,0.48791961176516885,-0.05159457780496459,0.9021779573349055,2.437894281860918,-0.2730284121959196,Sleep stage W
-0.6492814440767928,-0.6418528764448087,-0.6408284102453748,-0.6405986132111917,-0.6405057861804397,-0.7138088056954389,-1.2915945623198044,-0.6530711467404343,0.7506571298132404,-0.47033196607248967,0.26394678322778514,2.0210128940042282,-0.2730284121959196,Sleep stage W
-0.649274294266083,-0.6418494807881676,-0.6408302082851483,-0.6406015364382639,-0.6405098467486576,-0.7124182783708657,-1.1523320670202204,-0.6530310163410478,0.29356339159511113,0.04087272031933866,0.30399422579443053,2.031119238524025,0.8361056248437485,Sleep stage W
-0.6491217890559787,-0.6419158386063357,-0.6409000537267568,-0.6406721232729036,-0.6405801772983211,-0.7135439349248267,-1.235145284088013,-0.6530634577728265,0.4827513297281152,0.4365366814124783,1.3966771651606285,1.478486979129896,0.8361056248437485,Sleep stage W
-0.649625527263898,-0.6418620918957061,-0.6408342281216646,-0.6406036819010301,-0.6405084660402852,-0.7084218911775502,0.26922393299093345,-0.6529060182763636,1.032045545506604,0.06594967037474077,-0.9034568623261579,1.4189135787185245,-0.2730284121959196,Sleep stage W
-0.6495304844370049,-0.6419650879663691,-0.6409430800908223,-0.6407138419130328,-0.6406214554000087,-0.7195763925600923,-0.14275635910881257,-0.6532207449990407,1.0898663638430508,0.061987681099961944,-0.08604439126183,0.5023687583596094,0.8361056248437485,Sleep stage W
-0.6491310047033212,-0.642015892209392,-0.6409954880961877,-0.6407665938267549,-0.6406745786765112,-0.7136428838267193,-0.510667137139313,-0.6530665415453266,0.9155912696121508,0.3525301749387791,2.610828158766885,0.40063208161529795,0.8361056248437485,Sleep stage W
-0.6496226014843774,-0.6420742029287092,-0.6410527906877492,-0.6408236714962804,-0.6407303632444292,-0.722585171580394,0.559517983729662,-0.6532877177731056,0.905033589203829,0.011020954667523631,0.27554222595178934,0.9899795788439947,0.8361056248437485,Sleep stage W
-0.6494137133929583,-0.6419022757142406,-0.6408785106479831,-0.6406488642583554,-0.640552839926354,-0.709565792033469,-0.5244680878002622,-0.6529431927403527,1.146380644267231,-0.15805104977531742,0.04634403671566193,1.2504681820742967,-0.2730284121959196,Sleep stage W
-0.6493727529473096,-0.6418931075035653,-0.6408693579904002,-0.6406396681819887,-0.6405359546460606,-0.7111916873383829,0.2591262184431773,-0.652994140177839,1.2300165753743517,0.3650436320360773,0.15457549132476525,1.3713953938923897,0.8361056248437485,Sleep stage W
-0.6494732223525089,-0.6420280500529808,-0.6410071426248355,-0.640778095587997,-0.6406830972315268,-0.7158710155738229,-0.784257023860423,-0.653127807523468,0.7436648848011724,0.14773377017436942,0.7585618111303476,2.457531776053104,0.8361056248437485,Sleep stage W
-0.6494322841326754,-0.6419162977031371,-0.6408937601635214,-0.6406643442620652,-0.6405662614760408,-0.7034132451486702,-0.33847917327135885,-0.6527309904343468,1.1441450655268794,0.12423882110630055,0.057294169635351194,2.3357548719319805,0.8361056248437485,Sleep stage W
-0.6491513196703467,-0.6418316032244052,-0.6408118832889893,-0.6405830951720901,-0.6404889890172193,-0.7093063733583992,-1.124114961151804,-0.6529348122051081,0.5505886187852311,0.3543341979540306,0.6158591546186891,1.5402839145062626,0.8361056248437485,Sleep stage W
-0.6492944496129953,-0.641720224250714,-0.6406925093193558,-0.6404620005994712,-0.640367516458426,-0.705807679232358,0.06552733667311667,-0.6528170660963083,0.9505637606040717,-0.03385352832028535,-0.3054719267322233,0.9136889374952906,-0.2730284121959196,Sleep stage W
-0.649430101391273,-0.6419499554191225,-0.6409266797009946,-0.640697144343791,-0.6406046329870251,-0.7143219556873693,0.2922146674778455,-0.6530856132095273,0.3440606130100686,0.6497847577617867,0.2700995597510589,1.0587608565950923,0.8361056248437485,Sleep stage W
-0.6492802205729992,-0.6419113221030334,-0.64089028933361,-0.6406612524153388,-0.6405695704984239,-0.7101915418877505,0.5352504676267984,-0.6529629371108254,0.11927831661371639,0.8721559944082667,0.6541407215312275,0.7876878355258126,-1.3821624492355877,Sleep stage W
-0.6490473777014929,-0.641965617975314,-0.6409431689234468,-0.640713829582763,-0.6406223867656283,-0.7054877646122102,-0.26963498879637443,-0.6528062575763457,0.17290119004893434,2.1079847662604774,2.210555698626082,-0.33583377843043716,0.8361056248437485,Sleep stage W
-0.6493654529212943,-0.6419888454474174,-0.6409706216689799,-0.6407421854147214,-0.6406485642584288,-0.7161356168214814,-0.14741249860076225,-0.6531347367727081,0.6540501125934798,1.0071298491528786,0.9712273068820882,0.5137271799064576,0.8361056248437485,Sleep stage W
-0.6495540501077092,-0.6419679255912341,-0.6409436091391943,-0.6407138501880514,-0.6406202918202109,-0.7178037684516273,-0.4592881708799812,-0.6531777828280391,0.612997403368895,0.3687869280689618,-0.1979132546898355,1.5028826504218291,0.8361056248437485,Sleep stage W
-0.6489555641403846,-0.6419352282011357,-0.6409151491740962,-0.6406860892021761,-0.6405647331444553,-0.7101433526552995,0.04006074276905762,-0.652961288515818,1.1381875053299297,-0.18275557290860783,2.263261213648024,3.1831696539738576,-0.2730284121959196,Sleep stage W
-0.6494819614339212,-0.6419495463546042,-0.6409255728942447,-0.6406954283455047,-0.6405332725434367,-0.7161833168732328,0.4238470981409612,-0.6531361709513914,1.433310443204889,-1.138406692484838,0.029053260093610835,4.283433450832343,0.8361056248437485,Sleep stage W
-0.6492140181656971,-0.6419155424112335,-0.6408948693235434,-0.6406658398746627,-0.6405669649286778,-0.7115257706960768,-1.140400643019549,-0.653004172925913,0.35810640508120617,0.16968498415836197,0.9596895755449253,1.9081195164457936,-0.2730284121959196,Sleep stage W
-0.6488327753042079,-0.641611733852402,-0.6405840170474947,-0.6403533142501145,-0.640234867219072,-0.6996605632853837,-0.744107452313814,-0.6525861719729357,0.7825572726402292,-0.4661739381335871,0.4261611680900426,2.955366486627564,0.8361056248437485,Sleep stage W
-0.649527561333749,-0.6419530463944985,-0.6409321587358848,-0.6407031195862722,-0.6406099233329211,-0.7152159471094078,0.6386099852392195,-0.653110056609303,-0.10740963872331273,0.5992763274651128,-0.13511109585943226,2.261881834956944,0.8361056248437485,Sleep stage W
-0.6494142072858234,-0.6419010331795372,-0.640876183908666,-0.6406463212678608,-0.6405556343273593,-0.7118423288963038,-0.5139056475681598,-0.6530135134938059,-0.14837620821960723,-0.012773911032050604,0.030816769722252835,1.6879576090261827,-0.2730284121959196,Sleep stage W
-0.6494119756391284,-0.6418712990131515,-0.640848246029352,-0.640618779936127,-0.6405290487354338,-0.7040317289405578,0.10361084774908057,-0.6527537063504348,-0.5463756543692156,0.5273047052271223,-0.09595835851942561,1.3752680213106145,-0.2730284121959196,Sleep stage W
-0.6495789704178413,-0.6420030585497173,-0.6409793550477658,-0.6407497584648133,-0.6406586515104873,-0.7181148699043353,-0.39126151144438787,-0.6531853225827513,-0.21572727760163293,0.25858203139588587,-0.10056928445442566,0.7625153146571674,0.8361056248437485,Sleep stage W
-0.6490803378797686,-0.6418679353540035,-0.6408465954871726,-0.640617403700801,-0.6405170080625713,-0.7052493944461439,-0.5789307471944926,-0.6527975253501075,-0.38826027012256337,0.00850600078713226,1.0893376389577691,1.8296677231861485,0.8361056248437485,Sleep stage W
-0.6494135328800772,-0.6419156448651261,-0.6408949338431781,-0.6406659542323437,-0.6405719326976937,-0.7150696787321438,-1.1378984895017834,-0.6531062142518372,-0.06544006681745874,0.04906159949916701,0.14289399564223576,1.0358348805159427,-1.8007981606282735,Sleep stage W
-0.64899723932327,-0.6418749005248024,-0.6408573587753227,-0.640629078217074,-0.6405393749204142,-0.7088572187839787,1.0621920085404626,-0.6529202840243221,-0.4281389500191504,-0.02101181374666342,1.4871315821720408,0.48655910940116065,-0.2730284121959196,Sleep stage W
-0.6493532765301369,-0.6419561500895999,-0.6409361929838776,-0.6407073865084952,-0.6406157929804304,-0.7121719693236793,-0.8899709024550544,-0.6530238476887323,-0.4247533228456598,0.6731278143435787,0.7002902244302189,1.0191697515098992,-0.2730284121959196,Sleep stage W
-0.6486964481864197,-0.6417656016604637,-0.64075074191064,-0.640523022769326,-0.6404329839407406,-0.7048213607222754,-0.9250498184038651,-0.6527823078282098,-0.4942965811454068,0.46368068229438225,1.6253099451006348,1.135783999875782,-1.3821624492355877,Sleep stage W
-0.6495883767448746,-0.6419236312463529,-0.6408976199626627,-0.6406675078684767,-0.6405762289591698,-0.7139542614271772,-1.7999921828368521,-0.6530754112451033,-0.6131744499096046,0.8534725831059798,-0.5673996454538799,0.8565339035885043,-2.9099321976679566,Sleep stage W
-0.6495218731590396,-0.6419715143758842,-0.6409473340202833,-0.6407176375797874,-0.6406272452396403,-0.7158153372039049,0.18136024875555803,-0.6531263856392947,-0.3244403769246343,0.4009549673673121,-0.02136873426007982,0.3300496071206169,-0.2730284121959196,Sleep stage W
-0.649647934484758,-0.6419515497080488,-0.64092544099677,-0.6406953300870699,-0.6406054194081524,-0.7158799448500501,-1.3283700277182118,-0.6531280502351726,-0.25568717854057776,-0.24242169606313552,-0.7175358580957537,0.5031655918517957,0.8361056248437485,Sleep stage W
-0.649409783549588,-0.6419687057428688,-0.6409466555768736,-0.6407174250227405,-0.6406277471735077,-0.7150465603320953,-0.8950599409716339,-0.6531055214225786,-0.34322855105064826,-0.13477578059897086,0.516571944382992,-0.025837542790494168,0.8361056248437485,Sleep stage W
-0.6490399735061534,-0.6418428305235604,-0.640822528092274,-0.6405936402955394,-0.6405004318673814,-0.7088600407352471,-1.0440168228890898,-0.6529206824144069,-0.6768798960533872,0.2003855232316281,1.0560652368226364,0.8001768293076639,0.8361056248437485,Sleep stage W
-0.6495975124647326,-0.641935138667438,-0.6409079484339857,-0.6406775614843098,-0.6405845513289128,-0.7111723818855543,-0.5482378608662855,-0.6529934640017598,-1.0010161853551196,0.6915083906935989,-0.566155160037612,1.6726480466804605,-0.2730284121959196,Sleep stage W
-0.6492482455936925,-0.6419303578180826,-0.6409065232700905,-0.6406768780975776,-0.6405870475548475,-0.7062041966234305,-0.5161639813550795,-0.6528312175398369,-0.40139537000159187,-0.24221263704202284,0.908161226133617,1.354679185373562,0.8361056248437485,Sleep stage W
-0.6491041084905188,-0.6417927193835555,-0.6407685708024091,-0.6405387900933815,-0.640441802572437,-0.7076828330302657,0.47319211187093213,-0.652881769099501,-0.2961326355882155,-0.03320806133202495,0.5223905841009772,2.102302702675623,-0.2730284121959196,Sleep stage W
-0.6491691040796496,-0.6417352704087552,-0.6407088574599596,-0.6404786217887687,-0.6403869328619111,-0.7066813450802893,0.4528253065936243,-0.6528476185147846,-0.7297717517412219,0.5142473207106101,0.07697044891875228,2.1628253016396846,-0.2730284121959196,Sleep stage W
-0.649639335032479,-0.6419275836771808,-0.6409024461194196,-0.6406724805062354,-0.6405750878308161,-0.7152274535776568,-3.4913877187840288,-0.6531103565627056,-0.5573271441738753,0.08560195640472089,-0.7605109236183294,1.5679598811311886,-1.3821624492355877,Sleep stage W
-0.6488086916240354,-0.641869924526247,-0.640851773374458,-0.6406233035192813,-0.6405266947819849,-0.7069509175562058,-1.2320765600098997,-0.6528571170417856,0.09104649670032244,-0.08351128479502433,2.125036216982118,1.9174371472858784,-0.2730284121959196,Sleep stage W
-0.6488032387904312,-0.6418380259324489,-0.6408173039752596,-0.6405882521429058,-0.6404886047525113,-0.7015387324301189,-1.011179093314388,-0.6526599310499388,-0.00764141496898047,0.003199256114174441,1.8107207710282087,1.3937886630572094,-0.2730284121959196,Sleep stage W
-0.6493384376089264,-0.6419217497399281,-0.6409023229519776,-0.6406735941346916,-0.6405773122463463,-0.7160224814390194,-0.31747789876107224,-0.6531319972133792,-0.4440613628848412,-0.37949526477176687,0.5036428068759278,1.54461148436699,-1.8007981606282735,Sleep stage W
-0.649521775874006,-0.6419591767456809,-0.6409350515991512,-0.6407053672730989,-0.640615329870337,-0.7181953923017771,-0.1799680760818392,-0.6531874166594199,-1.035980678384359,1.1304680610460227,-0.09584182161339563,0.5099114782998335,0.8361056248437485,Sleep stage W
-0.6494963005386011,-0.6420024998913353,-0.6409829607987223,-0.6407542637667244,-0.6406641551701395,-0.7205500138155999,-0.5248536111773582,-0.6532432728119476,-0.4996780984957676,0.17245049693405406,0.3855865591560595,0.664457676503856,-0.2730284121959196,Sleep stage W
-0.6494757372524546,-0.6418840131663451,-0.6408608276766601,-0.6406313550550022,-0.6405421811333117,-0.7084001317859429,0.6348626039870225,-0.6529057789003844,-0.9128801056700648,0.8680415001479019,-0.2740989374477775,-0.1625293160896643,0.8361056248437485,Sleep stage W
-0.6494024635581118,-0.6419947723297791,-0.640975139568346,-0.6407464388635639,-0.6406557055509666,-0.719837936293619,-0.19546328040882222,-0.6532269483660926,-0.7012899597229577,1.3453964374990393,0.8191718548970843,-0.07247207331444042,-0.2730284121959196,Sleep stage W
-0.6496820692677683,-0.64198810729781,-0.6409636983919653,-0.6407339768032261,-0.6406451021605173,-0.7150093444889825,2.1565805863515473,-0.6531043218601873,-0.7312881357839802,0.4318848413302242,-0.7282273032998424,-0.4869112162597815,-0.2730284121959196,Sleep stage W
-0.6492536934734863,-0.6418255037921126,-0.640799926679279,-0.6405699009500214,-0.6404801914701214,-0.7039468134072404,-1.1262530968433349,-0.6527505857243869,-0.5069005992076552,0.6962450489199983,0.21251319879130678,0.5696347826091406,0.8361056248437485,Sleep stage W
-0.6492355282941508,-0.6417798654612143,-0.6407565592564476,-0.6405269923593595,-0.6404323045698527,-0.7089537233880431,-1.828059287597915,-0.6529235559809557,-0.3672212907312385,0.3717378740036634,0.07953279655327851,2.1598603963705094,0.8361056248437485,Sleep stage W
-0.6492972698753287,-0.6418952578747046,-0.6408749966465291,-0.6406461366796089,-0.6405565000701873,-0.7118871919269473,-0.8786819850988075,-0.6530149584954583,-0.5512066872805556,-0.015232067492550811,0.48277509747949676,1.6530099278901855,-1.3821624492355877,Sleep stage W
-0.6495162581144648,-0.642023263645058,-0.6410014830590315,-0.6407723142246269,-0.6406837321727721,-0.7136780033359676,-0.34219327045808906,-0.653067553463156,-1.1080348986368211,0.5137089452885351,0.43909859443944205,0.32242892482538915,0.8361056248437485,Sleep stage W
-0.6494197144152336,-0.641895777790047,-0.6408727105631602,-0.6406432631463509,-0.6405546815899053,-0.7134552028138434,1.097557069700345,-0.6530610212639679,-0.9927734578554439,0.8111525796980987,-0.006531648601428883,-0.3086355072038265,-0.2730284121959196,Sleep stage W
-0.6490040874105358,-0.6418954080242352,-0.6408758241500454,-0.6406471161357956,-0.6405583682480254,-0.7075037518206432,-1.0224237802651421,-0.6528753630682688,-0.8270966436992844,0.032545728973081486,1.627702134827791,0.9764080907447799,-1.8007981606282735,Sleep stage W
-0.6493334213291947,-0.6418960468736992,-0.6408714685768591,-0.6406416541613607,-0.6405507466302727,-0.7105086921543108,0.38830909555013393,-0.6529728151349344,-0.28110385464183313,-0.08146987524833026,0.31575812135751774,2.268502161846436,0.8361056248437485,Sleep stage W
-0.6492141575153844,-0.6419077542233399,-0.6408893093192354,-0.6406608105318333,-0.6405699485820382,-0.7109491006437515,-2.4818955463478627,-0.6529866362195801,-0.3245729982260874,0.5191227261556429,0.9177269365467317,1.7013099484665641,0.8361056248437485,Sleep stage W
-0.6492061139466174,-0.641852698155138,-0.6408321585619341,-0.6406032605574729,-0.6405148687907474,-0.7055420491271202,-0.05519343591079876,-0.6528080070247514,-1.1788970480629029,1.383801783819135,0.5492023542046673,-0.6172530360664948,-0.2730284121959196,Sleep stage W
-0.6493331291861036,-0.6417710113606909,-0.640748534310047,-0.6405191922360624,-0.640428116485411,-0.7086778746509377,0.1528780602106638,-0.6529145059515642,-1.130918105280404,2.2017865933675527,-0.23250380957249994,0.6483277511800929,0.8361056248437485,Sleep stage W
-0.6491010654460508,-0.6418641944859466,-0.6408446032183724,-0.6406158760290006,-0.6405267114253431,-0.7047576332486841,-1.232603020527986,-0.6527800002504835,-0.6485512805008836,0.778707887680468,1.0029950704406636,0.6706795741857102,-1.3821624492355877,Sleep stage W
-0.6492769335371301,-0.6418950502410938,-0.6408731922603867,-0.6406439990102835,-0.6405550877638687,-0.7080522596483784,-2.312418032625077,-0.6528943184341321,-0.6076448196991855,-0.025256256965208206,0.5471336266212237,0.6236217061464823,0.8361056248437485,Sleep stage W
-0.6497510157473886,-0.6420331677469565,-0.6410104156596255,-0.6407809959949954,-0.640686550682943,-0.7268736723836998,-0.03690514964210394,-0.6533702571270154,-1.113734958014074,0.7526127314859247,-0.9138711602398598,0.8171377820029949,-0.2730284121959196,Sleep stage W
-0.6494235332914361,-0.6417834594676811,-0.6407578802443392,-0.6405278328039571,-0.6404362344935609,-0.6986783225991579,-2.27389995095416,-0.6525461491880045,-1.453535684453522,1.0253726568141903,-0.4672914082964252,2.5525929386118404,0.8361056248437485,Sleep stage W
-0.6484751300592704,-0.6419589381036573,-0.6409431470044425,-0.6407152098614656,-0.6406238995070757,-0.7072290348175716,-0.36231131404280736,-0.6528663870545783,-0.3800810123085202,-0.09794050168914449,4.963567900680864,2.3001450720910945,0.8361056248437485,Sleep stage W
-0.6494907769740227,-0.6418937213600941,-0.6408702864800986,-0.6406407140951217,-0.6405477802705466,-0.7070991764410519,0.6755423601927655,-0.6528619288540314,-0.5971749644635049,0.8515181457953556,-0.29042396089609285,1.5897515053346556,0.8361056248437485,Sleep stage W
-0.6488336459667395,-0.6416532002952977,-0.6406286335646185,-0.640398727933669,-0.6402992120177489,-0.7016281489227129,-0.9020730556144128,-0.6526637310295776,0.7035460051328986,0.014254627274008577,0.5955439578035469,3.3365407711253443,0.8361056248437485,Sleep stage W
-0.6490587420404131,-0.6416091273458252,-0.6405872609521601,-0.6403579038510395,-0.6402548747152672,-0.7006827034407488,-0.5876384385166672,-0.6526268031589573,0.4543921690331868,-0.14790450611067313,-0.04731643936935742,1.985528082320695,0.8361056248437485,Sleep stage W
-0.6493158538493631,-0.6419591846134016,-0.6409347411275635,-0.6407044062102075,-0.6405348172606339,-0.714042485332472,0.592626253424144,-0.6530780883536225,1.427647252628107,-0.8486716795867877,0.8528295512036572,4.934287444384777,-0.2730284121959196,Sleep stage W
-0.6495287166617595,-0.641977094213545,-0.6409571625317779,-0.6407280718289448,-0.6405931253001242,-0.7190571101403717,-0.44494013473790095,-0.6532084126404829,1.1333682516166488,-0.8201664149693756,0.015527712422953,3.20606899306565,0.8361056248437485,Sleep stage W
-0.6495575216170982,-0.6419168618872408,-0.6408910592645765,-0.6406608829292401,-0.640555824833141,-0.6989728390288501,-0.5208342782420818,-0.6525581149806226,0.5599944280301701,-0.3536917344472541,-0.46742438662722174,1.713516550700562,0.8361056248437485,Sleep stage W
-0.649250868398113,-0.6419545844033651,-0.6409336356231311,-0.6407045282588478,-0.6405993987551509,-0.7144866487522149,-0.6369520561644414,-0.6530901834249657,0.653265370261921,-0.46910586099568474,1.1491919808507447,0.8581921124857544,-0.2730284121959196,Sleep stage W
-0.6489364180744415,-0.6416526386028928,-0.6406248439573855,-0.6403940730550673,-0.6402726046603713,-0.6981188793846898,-1.7512492566585327,-0.6525229714607432,0.7741678851029301,-0.3612328563626432,0.34162020489654316,2.0858371123259873,-0.2730284121959196,Sleep stage W
-0.6494909078045797,-0.6419869537119149,-0.6409645799262269,-0.6407351850978339,-0.6406328715799569,-0.7173242957335166,0.1006363424600626,-0.6531658364478684,0.6123242215328732,-0.13548579291922797,0.25667227434390705,0.8867348861605102,0.8361056248437485,Sleep stage W
-0.6494364975236097,-0.6419758076531086,-0.6409571302529739,-0.6407285045026953,-0.640614992259443,-0.718738215104626,0.11388945973984634,-0.6532006347570507,0.3044657304788113,-0.4913642438356283,0.4783768050191088,0.6885584280712842,-0.2730284121959196,Sleep stage W
-0.6490528770505313,-0.6418639216768225,-0.6408421951495903,-0.6406129657085922,-0.6405167636918452,-0.7069812756607616,-0.5571487238939505,-0.6528580125888085,-0.21125834428617252,0.5330930628843509,1.1532480598319084,0.5893319712697895,-0.2730284121959196,Sleep stage W
-0.6497065528813307,-0.6419581160006406,-0.6409327744143756,-0.6407028162657515,-0.6406102547537403,-0.712821154855804,0.14942495539831682,-0.6530425808758912,0.6278835432813243,0.619930590241499,-0.9577212518237099,0.756313063200204,0.8361056248437485,Sleep stage W
-0.6495063583498941,-0.6419762402499026,-0.6409557212438247,-0.6407266392590303,-0.6406139532185173,-0.7182829785379113,-0.158541873093295,-0.65318980066203,0.8398615948279802,-0.3096315818527255,0.11614761696982302,2.117214763914638,-0.2730284121959196,Sleep stage W
-0.6491241548110384,-0.6418282725572856,-0.6408051443762166,-0.6405752672319943,-0.6404413074377404,-0.7082620683739919,-0.4930681709579837,-0.652901019675537,0.7930865195001401,-1.0500964063434222,0.6609537500730035,1.6089964360468436,0.8361056248437485,Sleep stage W
-0.6493428549825574,-0.6419603427785727,-0.6409351055532018,-0.640704758390552,-0.6405589406343369,-0.7081780636582928,-0.6978209075799267,-0.6528982036369243,0.9952829454977936,-0.8688994211031811,0.7295914576065812,2.6641064435135844,0.8361056248437485,Sleep stage W
-0.6492018020281595,-0.6418468508123779,-0.6408222959575424,-0.6405924088263034,-0.6404891850831578,-0.708464996827612,0.04952404964962071,-0.6529077897471739,0.22504734771374935,-0.059630011747210505,0.5013292708905699,1.1549615606064014,0.8361056248437485,Sleep stage W
-0.6494238575954401,-0.641853213154485,-0.6408270084444581,-0.6405968207265823,-0.6405012071742476,-0.7068039814039098,0.3458874363161106,-0.6528518543839743,0.3579036361262915,0.6109540990175574,-0.23148211469097,1.1848498103003877,-1.3821624492355877,Sleep stage W
-0.6496915008972454,-0.6420056940295188,-0.6409825744799127,-0.6407530835305172,-0.6406598544331766,-0.7229906024294086,1.3715972168021477,-0.6532961813436703,0.41072768589350467,0.47323615046342105,-0.6936113883519641,0.45914797275489944,0.8361056248437485,Sleep stage W
-0.649078112067747,-0.6419535247687341,-0.6409355050679848,-0.6407071254074251,-0.6406166540061389,-0.7110074802602563,0.017766100179139346,-0.6529884389076405,0.11505031892724171,0.6144528097648811,1.977243778085061,0.33250600408690734,-0.2730284121959196,Sleep stage W
-0.6494233853282748,-0.6420231768473535,-0.6410028494827051,-0.640773995720472,-0.6406835213403718,-0.7156899695640123,0.22096711389105717,-0.6531229741287358,0.4130393480000948,-0.26642510739013336,1.0088437908538719,-0.3491105149242908,0.8361056248437485,Sleep stage W
-0.649381520629857,-0.6420024129978683,-0.6409817096717167,-0.6407527687892522,-0.6406625849424125,-0.712377757963936,-0.5973595391237086,-0.6530295628954712,0.4346939369537614,-0.0223322237256227,0.9999802825957952,0.05074055519697567,-0.2730284121959196,Sleep stage W
-0.6493214862549888,-0.6419662626602408,-0.6409466062630417,-0.6407178564532892,-0.6406244176068413,-0.7126750172096106,-1.057358995664926,-0.6530383903476177,0.3229600831122068,0.6872281242101335,0.9460727515159482,0.9352747794968489,-0.2730284121959196,Sleep stage W
-0.6489670844481749,-0.6417620079093456,-0.6407416344678156,-0.6405127085556417,-0.6404191888732013,-0.7040255086515796,0.2239064043407248,-0.6527533432289975,0.6807289426577546,0.4656246546520424,0.7847374877864154,1.206182209831439,0.8361056248437485,Sleep stage W
-0.6495141372473704,-0.6418012056526219,-0.6407737468754087,-0.6405433026183674,-0.6404492080582518,-0.7076756396209126,-0.8769504560484099,-0.652881506794308,0.7896870612831083,0.2307405895759527,-0.6942214379026348,0.21096536673606342,0.8361056248437485,Sleep stage W
-0.6494153915464983,-0.6419195937330362,-0.6408974583121885,-0.6406681394628175,-0.6405712732258005,-0.7143946127316307,0.1806479847184106,-0.6530875678973915,0.6306229778627928,-0.18090689603850527,0.14838992589005282,2.5278115226594475,0.8361056248437485,Sleep stage W
-0.648808931562778,-0.6418239333205007,-0.6407995658814533,-0.6405695654674192,-0.640450262391049,-0.6967834371486243,-0.7174100862686998,-0.6524668110387108,1.1086452014341588,-0.2522054136925158,1.6373883253356147,2.8801025709965935,0.8361056248437485,Sleep stage W
-0.6494996252426459,-0.6419072432007594,-0.64088521345558,-0.6406558438911228,-0.6405525101003828,-0.7135837821256782,0.7632268635478634,-0.6530647881030378,0.28739823751664084,-0.12089460276825711,-0.2570015574013489,2.707419293337127,0.8361056248437485,Sleep stage W
-0.6493963178983705,-0.6419578863614984,-0.6409374887390055,-0.6407086027017008,-0.6406170144771656,-0.7174627413014897,-1.4271150725486725,-0.6531690472646644,-0.5019792256367934,-0.727254054190608,0.5095369695024555,0.8860558820564008,0.8361056248437485,Sleep stage W
-0.6489352975905721,-0.6419079802880396,-0.6408928966140044,-0.6406651291829832,-0.6405734272528446,-0.710937361171634,-0.4831890596338326,-0.6529861418477602,-0.3805657676698597,0.06589224729713247,2.09215210725025,2.150582427934393,-0.2730284121959196,Sleep stage W
-0.6496288854926798,-0.6419452238574501,-0.640920886645218,-0.6406911626717933,-0.6406015226413877,-0.7170712278495637,-0.7643682252952022,-0.6531593863120416,-0.5270916051944242,0.12555701961868584,-0.648649120306314,0.731133320814735,0.8361056248437485,Sleep stage W
-0.6495840094475449,-0.642036845977589,-0.6410143598161225,-0.6407850409251284,-0.6406951030166005,-0.7213827748183931,-1.0683407901661595,-0.6532619903093536,-0.4092889782583091,0.1387403242143216,0.14681709989974984,0.2865301648704594,-0.2730284121959196,Sleep stage W
-0.6495073664342275,-0.6420080149388482,-0.6409843209784637,-0.6407547391679679,-0.6406651366825808,-0.7153686197755288,0.25293543518842143,-0.6531142746075094,-1.0352651275242974,0.19384647771480934,0.32864626030223587,0.11562969786893426,0.8361056248437485,Sleep stage W
-0.6493037480554832,-0.6418010852767945,-0.640779726076708,-0.6405504398250996,-0.6404407719702809,-0.7138057158210188,-0.011888600904369778,-0.6530711537690582,-0.7860514745726447,-0.05235556628147084,-0.029137660417764836,1.2433101995944396,0.8361056248437485,Sleep stage W
-0.6495911149995601,-0.6419968444953655,-0.6409750955143468,-0.6407455705879467,-0.6406132922894601,-0.7206496938813728,-0.10678138814896224,-0.6532455733004685,0.038815856221388424,-1.1909763601096843,-0.1907470794722909,11.793538474013987,0.8361056248437485,Sleep stage W
-0.6491351476759732,-0.641860344656365,-0.6408338361915141,-0.6406035971812856,-0.640513027732529,-0.7009517365257636,-0.35163733828333166,-0.6526371513477316,-1.6603549556942503,1.406418353164261,0.797661854813134,0.9511489730349978,0.8361056248437485,Sleep stage W
-0.6492649681718246,-0.6419427413650418,-0.6409225546547783,-0.6406937203076246,-0.6406028761421579,-0.7158307425570527,0.03248911001657577,-0.6531267291624872,-0.9002396734095764,-0.08203845831836643,0.9820062010291638,0.6950947026618672,-0.2730284121959196,Sleep stage W
-0.6490932502237619,-0.6418315684218244,-0.6408082252584822,-0.6405787038082533,-0.6404887368585112,-0.7088363721452277,-1.0899983486734615,-0.6529197083141333,-1.3135074791270913,1.2449699180641465,0.7799510410155299,0.38276319310228324,0.8361056248437485,Sleep stage W
-0.649560482507781,-0.6419048005870022,-0.6408832542503318,-0.6406541477177268,-0.6405648184189405,-0.7184408982209946,-1.8279838885425135,-0.6531935202612635,-0.6682699055494116,0.35970801876271136,-0.5065260222252065,0.23778323789233283,-0.2730284121959196,Sleep stage W
-0.6492973878213323,-0.6420444024910842,-0.6410222183425266,-0.6407929552923514,-0.6407027637136714,-0.7159233951923699,0.45069100351663527,-0.6531292299820077,-0.30455809315961146,-0.0732254651770273,2.0762969032831524,0.7832563995876908,0.8361056248437485,Sleep stage W
-0.6494556651902105,-0.6419570786463086,-0.6409320093189379,-0.6407021149875609,-0.6406120404005373,-0.7063667196604336,-0.3281731825277286,-0.652836707408083,-0.06391706167024358,0.24769434229947937,0.18763082151439245,0.5075142826137379,-0.2730284121959196,Sleep stage W
-0.6494971910017237,-0.6419860276405742,-0.6409648393362299,-0.6407358171712154,-0.6406473167433478,-0.7186174187583608,-1.4833035747562182,-0.6531977282008596,-0.7001187591697158,-0.2750302474695106,0.22840844550387934,-0.3461252401203212,0.8361056248437485,Sleep stage W
-0.6494132664058524,-0.6420167613581652,-0.6409947600237372,-0.6407655465072039,-0.6406766010239857,-0.7168568609051139,0.7223004487248654,-0.6531536053145238,-0.9145810465739861,0.572965804176442,0.967493286869528,0.31730132763494606,0.8361056248437485,Sleep stage W
-0.6494938124618486,-0.6420458296580118,-0.6410250041462447,-0.6407960602070515,-0.640707659583668,-0.7226791251107765,0.2669395864634758,-0.653289675267045,-1.0417643398790228,1.059729626166278,0.843067727515301,-0.42676337586255103,0.8361056248437485,Sleep stage W
-0.6493683826059975,-0.6418774402766196,-0.6408526068151704,-0.640622786226025,-0.6405339445153195,-0.7142757821302563,0.45616288221062373,-0.6530843141779002,-0.7938558691080665,-0.019059202743252464,0.0810669641064847,-0.21863698504026627,-1.3821624492356026,Sleep stage W
-0.6493692437610545,-0.6419272042851412,-0.6409063601101419,-0.6406773806989708,-0.6405884888750288,-0.7084522014640587,0.7365950813578631,-0.652907155230418,-0.3752106292429827,-0.44320496620633204,0.3998539454387549,1.3630855427180917,-1.3821624492356026,Sleep stage W
-0.6491580501079021,-0.641770145140809,-0.64074860218168,-0.6405194768635374,-0.6404307707729113,-0.7048161226471925,-1.8517608490137385,-0.6527823082234095,-0.4229826745867535,-0.17041064743499035,0.2720094907311048,0.6194919609526452,-2.4912964862752704,Sleep stage W
-0.6493145838191009,-0.6419660022662017,-0.6409437525671391,-0.6407144439103737,-0.6406243760959089,-0.7102246357593235,-0.47203686486962737,-0.6529639128886295,-0.029780690066880004,-0.23191281667364547,0.9463133900099677,2.056621840598813,0.8361056248437485,Sleep stage W
-0.6492920807227314,-0.6419800146259077,-0.6409613835544608,-0.6407328100746614,-0.6406371092810952,-0.7142486188376894,0.5066931677413931,-0.6530836681420028,0.5147409638397153,0.932877677755259,1.2481386959363547,1.7262469633612068,0.8361056248437485,Sleep stage W
-0.6490713525692935,-0.6418164194386432,-0.6407915441751247,-0.6405615320396627,-0.6404549245190214,-0.6963471419261497,-1.0567849002136314,-0.6524476788775269,1.3742105410472212,-0.6488014774482249,0.7477613768383771,2.204334638810864,0.8361056248437485,Sleep stage W
-0.6494203742265259,-0.6419616498267655,-0.6409417705603121,-0.6407129193154205,-0.6406128791951684,-0.7180709178091854,0.1538216975817542,-0.6531842985536496,1.1968252831892134,-0.4736341608606931,0.43087320134959056,1.6743587871919332,-0.2730284121959196,Sleep stage W
-0.6490218295619788,-0.6417887032283969,-0.640767234130852,-0.6405380599827091,-0.6404425842434861,-0.7048325444195682,-0.3788884365560876,-0.6527826199796312,1.0308379651246087,0.06537635126129993,0.7644594793449776,0.9264249531857526,-0.2730284121959196,Sleep stage W
-0.6496704725310045,-0.6419984039125021,-0.6409753694255038,-0.640745864789635,-0.6406490000447699,-0.7194448866230233,-1.3652985996326459,-0.6532178522555517,1.2194161391932605,0.07026688265610508,-0.613954677727997,1.5377661763318133,0.8361056248437485,Sleep stage W
-0.6492448872531142,-0.6417663485079201,-0.6407429807884825,-0.6405133475341914,-0.6404146015667075,-0.7074176437788237,-0.14286207729772252,-0.65287282514255,0.5907664707770504,0.1566834266868978,-0.0008462347943681312,2.622227818602031,0.8361056248437485,Sleep stage W
-0.6493824968805715,-0.6418332590004097,-0.6408095021042098,-0.6405797326202053,-0.6404685405853002,-0.7071933878668039,-0.12132283327372077,-0.6528650565339306,0.9878412389749652,-0.472557191205683,-0.16111637734260797,2.2100837731963976,0.8361056248437485,Sleep stage W
-0.649424721714147,-0.6419978493810988,-0.6409762043742416,-0.6407470061545576,-0.6406505753685954,-0.7155597056914771,0.28098655785046545,-0.6531194836997531,0.3842443293909499,0.32452981156742816,0.7065715515533192,2.2644285253627725,0.8361056248437485,Sleep stage W
-0.6495422527887942,-0.6418552591519855,-0.6408274213138725,-0.6405968806988329,-0.6405007181925026,-0.707036672247299,-1.2174358265663339,-0.6528599329220283,0.4732039542996641,0.5180988267959155,-0.6353656091856751,2.0906972574622844,-0.2730284121959196,Sleep stage W
-0.6493934934153132,-0.6419236323796754,-0.6409034523381222,-0.6406746043467086,-0.6405820101791082,-0.7172294082506001,0.029639607166475485,-0.653163259231881,0.6430248874318609,1.6297526778310134,0.279158323463993,-0.5152092245185621,-1.3821624492355877,Sleep stage W
-0.6493858073392803,-0.641759718666126,-0.6407331527183033,-0.64050292487492,-0.6404101518076419,-0.7095975208211234,-0.6629817279055488,-0.6529444321638072,0.6168127763940818,1.4853881030990905,-0.4321488475050446,-0.03960828636318826,0.8361056248437485,Sleep stage W
-0.6490852705228692,-0.6418476933850593,-0.6408293736508763,-0.6406008788042176,-0.640506065650803,-0.7099667477706444,-0.585077584972211,-0.6529562785853193,0.5449459585038289,0.16572205746012364,0.9522059384302292,2.2826162121889952,0.8361056248437485,Sleep stage W
-0.6494829255672909,-0.6418415541650545,-0.6408160334633125,-0.6405859774050042,-0.6404881567572865,-0.7103451105187443,1.5774900349593513,-0.6530313370316979,1.0548664282732416,1.0049471063850723,-0.4697498095085937,1.0859253627857697,-1.3821624492355877,Sleep stage W
-0.6496829073184699,-0.6420411171880489,-0.6410192152358457,-0.6407899986994323,-0.6406958926672057,-0.7172639051206533,0.36839180028677154,-0.6531655731020296,0.8566533582661746,0.8917305808826756,-0.4390556182899639,0.8749679994605829,0.8361056248437485,Sleep stage W
-0.6494239443037098,-0.6419768580616227,-0.6409561550373518,-0.6407271579752865,-0.6406313318153756,-0.7101250658689653,-0.3489516858741489,-0.6529622514316279,1.1175046583935637,0.7101415358861972,0.5290210524158875,0.7598665617422856,0.8361056248437485,Sleep stage W
-0.6492074558152754,-0.6418679952705755,-0.6408464061989759,-0.6406172288688639,-0.6405231228976146,-0.7070079385776465,-0.2796200706343695,-0.6528871620437603,0.8965842319583456,4.206137641223239,0.6312569079304855,1.0584517759927943,0.8361056248437485,Sleep stage W
-0.6490384835973224,-0.6416721347228733,-0.6406473757764948,-0.6404175090052091,-0.640323107564737,-0.7048018528397771,-0.24464048529165736,-0.6527905312750459,0.6944717080299627,2.6464839495631876,0.18568914373778134,0.7910290886897668,-0.2730284121959196,Sleep stage W
-0.6494930658463122,-0.6419597149690787,-0.6409346212716037,-0.6407043418544686,-0.6405650082292542,-0.7160541973082823,-0.7027736896658111,-0.6531346889355676,1.7458712289100637,-0.453775788212298,0.03286262144613978,1.7059488168221015,0.8361056248437485,Sleep stage W
-0.6493733840126411,-0.6419979820109276,-0.6409761551498545,-0.6407469628294246,-0.6406554968674119,-0.7161145466610539,0.5557663284708861,-0.6531351881204813,0.22391101322447254,1.6289988051669675,0.980212344401853,0.06822909959644419,0.8361056248437485,Sleep stage W
-0.6495569688078795,-0.6419196610512024,-0.6408956767935341,-0.640665884108476,-0.6405579722206115,-0.7175823396563685,-0.16967009057955193,-0.6531728073535505,0.6421417376641901,-0.2996016990846843,-0.4444281186787789,1.7158312488006258,0.8361056248437485,Sleep stage W
-0.6492323346626714,-0.6417333642433828,-0.6407078549524575,-0.6404774925465915,-0.6403379280176047,-0.7092198752227112,-0.5548119481448278,-0.6529324661745948,1.2279077308622306,-0.7143107348144533,-0.09363298276555941,3.086657877312861,-0.2730284121959196,Sleep stage W
-0.6496320210189913,-0.6420540486917308,-0.6410324108096005,-0.640803130992576,-0.640696146234044,-0.7206836021784451,-0.0654866207351181,-0.6532464384037296,1.0412062275123972,-0.6630873905769284,-0.0009199439445123503,2.165625074339952,0.8361056248437485,Sleep stage W
-0.6494433883225535,-0.6419022040494091,-0.6408807929373749,-0.6406516694958444,-0.6405569758693188,-0.7099104356657022,-1.5134284581337651,-0.6529541462180044,0.8835609086377179,0.4445260408785238,-0.055347862320881916,0.06652161507140612,0.8361056248437485,Sleep stage W
-0.6489179111201095,-0.6419188285723132,-0.6408983888031549,-0.6406694061341389,-0.6405678659134448,-0.7102688955727617,-0.23701910366187443,-0.6529658733432878,0.7924091027807869,-0.10120212348763362,2.214667930663227,1.7292164896619235,-0.2730284121959196,Sleep stage W
-0.6495971874656151,-0.642030336309202,-0.6410077315560341,-0.640778013156573,-0.6406425179014597,-0.7164269329067966,-0.8816270829201627,-0.6531424216693904,2.1410226435804267,-1.4886419713242993,0.008677598106089928,1.48156247602913,0.8361056248437485,Sleep stage W
-0.6495888894583179,-0.6420013790524373,-0.6409777026173418,-0.6407481314448131,-0.6406580737890871,-0.7152578581684068,0.9718921370775179,-0.6531111977528979,0.8509418386733669,-0.02436340062442536,-0.1650660532603018,-0.48850106432152984,-3.6004305233149387,Sleep stage W
-0.6494253778019514,-0.6418395070193302,-0.6408106714072624,-0.6405799674331468,-0.6404895424330533,-0.706908997262243,-1.1842864427489914,-0.65285536074577,0.4145103605147827,0.11160612419415977,-0.30153607617798855,-0.6519158701441033,-0.2730284121959196,Sleep stage W
-0.6495043574514574,-0.6419450227079048,-0.6409229265062741,-0.6406937070395237,-0.6406043918003065,-0.7174886736082763,0.49656623381755993,-0.6531697362240586,0.32403493213962015,-0.385595745725309,-0.08431550521845062,-0.8164366953012265,-0.2730284121959196,Sleep stage W
-0.6491212256322033,-0.6420273083989745,-0.6410088546820272,-0.6407804116509749,-0.6406915174645604,-0.715860407090947,-0.6579998628146317,-0.6531274041478795,-0.18321725703234218,0.9737276406016562,2.9390384156710176,-0.6317030891488626,-0.2730284121959196,Sleep stage W
-0.6492509706770796,-0.6418219325873937,-0.6408005408489246,-0.6405713735604771,-0.6404715194094307,-0.710411286534806,0.3813521223165851,-0.6529699280418787,0.7210598709205187,0.06944700781587826,0.2286088401541892,0.7095974091285393,0.8361056248437485,Sleep stage W
-0.649220924442984,-0.6419247002106203,-0.6409023539308878,-0.640673030232313,-0.6405814184461949,-0.7075313499111865,-0.31756363513806884,-0.6528765287506314,-0.0981198784011735,-0.1195128183081593,0.9905422010665565,-0.27520672878668606,-2.491296486275256,Sleep stage W
-0.6495268635662135,-0.6419898720696708,-0.6409669103812555,-0.6407374838910342,-0.64064718310855,-0.7135260046042962,0.1981955288228034,-0.653062979415223,-0.19259817865179238,0.3797540463476782,0.08821163206947143,-0.0006635079447324216,0.8361056248437485,Sleep stage W
-0.649202049327346,-0.642024912112442,-0.6410064285919019,-0.6407778674098707,-0.6406729718394243,-0.7177730038751543,0.4051935431385184,-0.6531767975903058,-0.02908765154516351,-0.7651286898303596,2.399248361836737,0.4240399099390747,-0.2730284121959196,Sleep stage W
-0.649221150064523,-0.6418404006832049,-0.6408205562018464,-0.6405917051166176,-0.6404863853001697,-0.7077287901101577,-0.12012819077564858,-0.6528831183967476,-0.5545559510477711,0.06675941564211817,0.4319600735942507,0.07424801502364747,0.8361056248437485,Sleep stage W
-0.6493916153091291,-0.6420234590674029,-0.6410031945138208,-0.6407743134134544,-0.6406795044621764,-0.7206787773686538,-0.20277696658941177,-0.6532460651768367,1.0027950096168858,-0.7477147714245547,1.202886543289466,-0.14674931322253526,-0.2730284121959196,Sleep stage W
-0.6495117922124021,-0.6418534573580177,-0.6408305090385908,-0.6406007531616366,-0.640474448709711,-0.7123245748922793,0.5038963184032909,-0.6530280604305718,0.8297428749819231,-0.8324820145376708,-0.517654606085989,1.3123470107678183,-0.2730284121959196,Sleep stage W
-0.6496267811002389,-0.6420105854028694,-0.640987598139526,-0.6407580958186022,-0.6406581109759688,-0.7212034202266719,0.47022066497542647,-0.6532577530679069,1.559742027577964,-1.2625638532535783,-0.3082513819849663,-0.20933142014259631,-0.2730284121959196,Sleep stage W
-0.6496641283409798,-0.6419994941396696,-0.6409758343285957,-0.6407462535709275,-0.6406538671204777,-0.7210037947110568,0.022708612797015776,-0.6532533382908807,0.8039306292617933,-0.5581975611217201,-0.5785760956595947,-0.5199162628134113,-2.491296486275256,Sleep stage W
-0.6495184941919323,-0.6419446337387932,-0.6409196717015533,-0.6406897874555778,-0.6405960171922607,-0.7117853881160024,1.1365941149082672,-0.6530118483466292,0.42630310670555,-0.25250787400806735,-0.1683134776468084,-0.24249658847960662,0.8361056248437485,Sleep stage W
-0.6496245571947238,-0.641939098015692,-0.6409152852725355,-0.6406854075489088,-0.6405514299773306,-0.7189627767423993,-0.15803369022982752,-0.653206110612546,2.0287793310524416,-1.3769313844398925,-0.6507521360704833,1.0992011937106545,-0.2730284121959196,Sleep stage W
-0.6492859259640683,-0.6419321457587038,-0.6409112992600259,-0.6406822372825248,-0.6405797680176069,-0.7144316226476177,0.353242493494023,-0.6530886710929433,-0.6682027191335239,0.0965692294524849,0.7923421179967947,0.33146500729693257,0.8361056248437485,Sleep stage W
-0.6490681606083152,-0.6417228997102465,-0.6406979251654495,-0.6404680166884442,-0.6403749991029741,-0.7070099992199793,0.08831637729856602,-0.6528588082772344,-0.13621052507798143,0.6141503555338444,0.3013453287297735,-0.09031313513940682,-0.2730284121959196,Sleep stage W
-0.6494203462749933,-0.6418311125654484,-0.6408042885314033,-0.6405740154255567,-0.6404817796915416,-0.7091078642936176,-0.9275463345673003,-0.6529285857533111,-0.8392230630079777,1.0011963543129538,-0.3068047728971685,-0.06740572169183615,0.8361056248437485,Sleep stage W
-0.6495207560032022,-0.641978932924511,-0.640954197298571,-0.6407243313842054,-0.6406282615367845,-0.7181126624382548,0.3564993035729502,-0.6531854655360315,0.5948987244972781,0.0021789463817478284,0.028127712247786717,1.9967249781485723,0.8361056248437485,Sleep stage W
-0.6495311223695672,-0.6418936239952633,-0.6408699334377822,-0.6406403094355446,-0.6405479919523592,-0.7145961337131567,-1.008426067216519,-0.6530933793793278,0.28131802459401095,0.997424162033166,-0.44602078025197794,1.3761461496680705,-0.2730284121959196,Sleep stage W
-0.649597934731794,-0.6420402732871983,-0.6410186517645339,-0.6407894826471336,-0.6406949754176783,-0.7209039711904265,-0.7139661273417739,-0.6532511379870126,1.1093017713039481,-0.07164145470965728,0.09918436382275224,1.143238018529637,0.8361056248437485,Sleep stage W
-0.6493950295058204,-0.6419162627212172,-0.6408931696990126,-0.6406636569239358,-0.6405677547397222,-0.7135529146067981,0.026635377730072803,-0.6530636191222722,0.9847633329060627,0.53651437202113,0.20481893694102649,1.1336506642625175,0.8361056248437485,Sleep stage W
-0.6496218763849962,-0.6420067695068946,-0.6409830180656965,-0.6407532962638268,-0.6406481344353832,-0.7164120584926456,0.3585719047234349,-0.6531421751123098,1.9038495814355143,-0.9134469525709558,-0.31047535651027913,0.6549470002158916,-1.3821624492355877,Sleep stage W
-0.6496957032415781,-0.6420041114450226,-0.6409807024322938,-0.6407511133090872,-0.6406528933154774,-0.7187256994251917,-0.22943855001792263,-0.6532003664945651,1.467947034090758,-0.13494652857325898,-0.7253296897934736,0.9874922855407854,-0.2730284121959196,Sleep stage W
-0.6492216372638822,-0.6417041639165434,-0.640677740157024,-0.6404474657369027,-0.640348499065654,-0.6998240942319691,-0.27928533766424574,-0.6525922401983401,0.8045688436357448,-0.4506089566785177,-0.16350256109383485,1.18874725091851,0.8361056248437485,Sleep stage W
-0.649534800526495,-0.6419929265715922,-0.6409703389569553,-0.6407408193941793,-0.640632917411848,-0.7171927836933037,-1.8149805438179454,-0.6531622174097779,0.583214407591812,-0.34650346775132074,0.07242656886894754,1.0772329190250387,-0.2730284121959196,Sleep stage W
-0.6495336537225176,-0.6419718845035781,-0.6409487824209685,-0.640719124225467,-0.6406006399007333,-0.7152895787206835,0.4536004109962945,-0.6531122163663861,0.5444560747677528,-0.4698794721095104,-0.06762997325870447,0.8599774830939174,-0.2730284121959196,Sleep stage W
-0.6494219400002811,-0.6418264047360214,-0.6408033816334281,-0.640573844314177,-0.640470768296549,-0.709771363403966,-0.9673571613941742,-0.6529496856356763,0.4278400742409561,0.6275117501112283,-0.312228905858871,1.2146867634123766,0.8361056248437485,Sleep stage W
-0.6496730002313758,-0.6419005908251254,-0.6408736441777575,-0.6406433371057589,-0.6405515931790067,-0.7179409245285625,-0.20491430545344178,-0.6531812519061404,0.1799240549839521,0.24001728815656329,-0.9796145503403203,1.0720703262163913,0.8361056248437485,Sleep stage W
-0.6495742502433901,-0.6418709857178464,-0.6408445711288334,-0.6406143802043406,-0.640522975820798,-0.7038643429890036,-0.7856348633462767,-0.6527475911232172,0.28739272106468244,0.9605928016070668,-0.6942083486860734,0.268202597905324,-1.3821624492355877,Sleep stage W
-0.649415258768775,-0.6419849746007206,-0.6409641960141078,-0.6407351513961976,-0.6406339534960293,-0.7178239260832976,-0.21384836561392456,-0.6531783150676259,0.9570016396670828,-0.2719842206575436,0.6438553759284095,0.6782411774506335,0.8361056248437485,Sleep stage W
-0.6495364840749878,-0.6419764825110466,-0.6409545105188214,-0.6407252625623538,-0.6406306680049054,-0.7184439712498687,-0.34869839815739423,-0.6531935208852749,0.7673043564814063,0.8247351395312328,-0.043590996575880094,0.40226999062811813,-1.3821624492355877,Sleep stage W
-0.6494264650496242,-0.64197999325834,-0.6409573738686813,-0.6407280065945413,-0.6406341867556151,-0.7156011680601456,0.23702882956346458,-0.653120564020862,1.368614994335551,0.16616534650137899,0.5233321793349384,-0.06917534503323397,-0.2730284121959196,Sleep stage W
-0.6494549210209897,-0.6418621004797369,-0.6408348917808556,-0.640604512592777,-0.6405106704091139,-0.7074198110415537,-1.294659653659539,-0.6528726145063043,1.2607267211244504,0.6490860366843373,-0.30827260953754854,0.03492260564137149,-0.2730284121959196,Sleep stage W
-0.6494531429369388,-0.6420028537435425,-0.640982021296659,-0.640753035784702,-0.640658683117866,-0.7191697374339805,-0.4453829191723607,-0.6532110308418239,1.6050297909214608,-0.7146088803185454,0.6111094566916189,-0.05183015885422311,0.8361056248437485,Sleep stage W
-0.6494733714316493,-0.6419221390541721,-0.6409008681554941,-0.6406717771491677,-0.6405775914867632,-0.7168379758833963,-0.31089062095606723,-0.6531530963272401,1.2900257068230525,0.48924791943432766,-0.07164859257784105,-0.20300052686411454,0.8361056248437485,Sleep stage W
-0.6492759142217681,-0.6418465856101406,-0.6408267318716255,-0.6405978812307068,-0.6404965148100226,-0.7102319227388414,0.08029500053388802,-0.6529641917381239,1.1251410765811836,0.20420227529963153,0.2792864148310455,1.6648999086741503,0.8361056248437485,Sleep stage W
-0.6495207493641485,-0.6418994534849356,-0.640875585021257,-0.6406458654823056,-0.6405419230257282,-0.7163585147514725,0.8279190846409749,-0.6531405643205943,1.8464355077570802,-0.842733424889425,-0.3836832491142218,1.1939633442893984,-0.2730284121959196,Sleep stage W
-0.6495696727062646,-0.6419806707272361,-0.6409568449382296,-0.6407270660424185,-0.640616934683142,-0.7125218059542653,0.4380383363871271,-0.6530338985529369,1.6484042063841307,-0.7051217152086833,-0.19623559784461772,1.015738470915802,-0.2730284121959196,Sleep stage W
-0.6494723456061152,-0.6419168744603634,-0.6408981342414651,-0.6406696100268137,-0.6405760697286054,-0.7153117680171827,-1.1560000476444117,-0.6531126367598187,1.1203406785038041,0.4207938754677273,-0.07894295637802148,0.130711401656512,-1.3821624492355877,Sleep stage W
-0.6494351215193612,-0.6419860574651675,-0.6409629089027608,-0.6407334125813374,-0.6406377861392445,-0.7169188454359318,-0.4598505718348775,-0.6531551616970847,1.1151967554574174,0.661578842602773,0.526303244603864,0.1014420744917746,-0.2730284121959196,Sleep stage W
-0.6495886919578266,-0.6420212514990112,-0.6409982107832645,-0.6407687353465197,-0.6406736818506407,-0.7186661011542576,0.022029796513065344,-0.6531988800280251,1.092516105052357,-0.43576626381751665,-0.017083297927107555,0.19421754604907374,-0.2730284121959196,Sleep stage W
-0.6494796697045756,-0.6419926870916579,-0.6409686967233161,-0.6407389577389614,-0.6406363564109607,-0.7095270303056634,-0.5677461027368325,-0.6529419016474495,1.3153624973897982,-0.22231835393663615,0.34461545999076737,0.5251031234744112,-1.3821624492355877,Sleep stage W
-0.6493725697247412,-0.6420290532025047,-0.6410078793288412,-0.6407788006016485,-0.6406829343232516,-0.7182118746953543,1.222987943220377,-0.6531877305817879,1.4896976904875154,-0.3056253333896497,1.3783062941495074,-0.12331924005027195,-0.2730284121959196,Sleep stage W
-0.6496510953820587,-0.6419557723712568,-0.6409313560875715,-0.6407014746264461,-0.6405869034984566,-0.722023235146469,0.12435571900955691,-0.6532758314490055,2.0117601033592827,-0.895458116845878,-0.708137337287056,0.304092657285883,-0.2730284121959196,Sleep stage W
-0.6492835757172302,-0.6419136772004009,-0.6408920420338435,-0.6406628480477511,-0.6405658279051905,-0.7145266574073466,0.6041189732438589,-0.6530913700586084,0.9559275058423763,-0.175337845437234,0.6524172021440506,0.1860339391879949,-1.3821624492356026,Sleep stage W
-0.6494022031157284,-0.6419454992222621,-0.640921989632036,-0.6406923124588391,-0.640585278072375,-0.7130801249178141,-1.1353761398861237,-0.6530502147654204,1.535731911069456,-0.5547719218225581,0.36173572400768716,0.9965106788408536,0.8361056248437485,Sleep stage W
-0.6495343734858314,-0.6419790971080436,-0.640955143481113,-0.6407253275588822,-0.64061318038425,-0.7149726226101186,-0.4130663322288709,-0.6531034146368873,1.759395692613652,-0.8273346840930239,-0.03181792909753652,1.2395931192854404,-0.2730284121959196,Sleep stage W
-0.6495637966291321,-0.6419910314866688,-0.6409670433552582,-0.6407373437168634,-0.6406403964868648,-0.7157007675463952,-1.0682705273261908,-0.6531231107282238,1.3424552755436918,-0.10092237157402101,-0.10310017577581836,0.3273366320344685,-1.3821624492355877,Sleep stage W
-0.6494844747141837,-0.6419649362008658,-0.6409402993312222,-0.6407103224576426,-0.6405970086493769,-0.7158346453010604,0.13163118031961565,-0.653126758696255,0.8211086224567913,-0.19654694579350512,0.11015456392549193,1.5839379820579136,-0.2730284121959196,Sleep stage W
-0.6493554053957559,-0.6419990751916957,-0.6409781769302462,-0.6407491362568237,-0.6406523135112886,-0.7156445767233447,1.3398359532742032,-0.6531216067705148,1.1678987267991783,0.2736549288230397,1.101430532506382,0.10440442659944245,-0.2730284121959196,Sleep stage W
-0.6496778683790595,-0.6419917393930789,-0.6409676168988694,-0.640737903683094,-0.6406414132152747,-0.7169470062899443,-0.5626566155326356,-0.653155888430717,1.4716246247993074,-0.5832848789570686,-0.6895456588917019,-0.08399355244723754,-1.8007981606282735,Sleep stage W
-0.6487223062492353,-0.6417476138562894,-0.6407275820734571,-0.6404987212496595,-0.6404036260976756,-0.6991773414255851,0.12409740792071294,-0.6525664106118736,0.8076074654669261,0.08291980596563789,1.387441317271689,1.0686859947702674,0.8361056248437485,Sleep stage W
-0.6494270935873154,-0.6419696810679248,-0.6409488637996833,-0.6407198397429266,-0.6406205841087047,-0.7170697932181097,0.7401828256625679,-0.6531589466189912,1.505955357386906,-0.582448667928859,0.45308005638877497,-0.0837443443647033,-0.2730284121959196,Sleep stage W
-0.6494082146312639,-0.6420134597856004,-0.6409900903394774,-0.6407604952954936,-0.6406629758964202,-0.7142955873965359,0.5248924907331799,-0.6530847722549253,1.044527237284687,0.6428440516097315,0.9393479175692525,0.7106794346430141,-0.2730284121959196,Sleep stage W
-0.6496534552760027,-0.6420708271181237,-0.6410487673136774,-0.6408194764138642,-0.6407188964056739,-0.7259031088245749,1.9711343059427884,-0.6533527430508802,1.1618584002407764,0.14168175932568564,0.0011289038669464728,-0.08608650859984346,-0.2730284121959196,Sleep stage W
-0.6495904682795646,-0.6419874789362694,-0.6409641174947839,-0.6407345433280097,-0.6406361956512848,-0.7189480611374891,-1.5441445433250178,-0.6532059268330279,1.2145571202984464,0.061356185732696786,-0.2573711034397737,1.1836911482619994,0.8361056248437485,Sleep stage W
-0.6494094174105898,-0.64195546115522,-0.6409328056747098,-0.6407033604864861,-0.6406039135722966,-0.7114816664662296,0.45757586216724794,-0.6530028766591921,0.8804616737869695,0.3940915254618755,0.4090038279297996,1.5501373111221248,0.8361056248437485,Sleep stage W
-0.6492554449237761,-0.6420177458756295,-0.6409961924531202,-0.6407670052850735,-0.6406711669073193,-0.7144582762769026,0.4281120789079366,-0.6530893740419251,1.1415543679070643,-0.16740210248374907,1.89898506006074,1.7907318075205627,0.8361056248437485,Sleep stage W
-0.6494054417370851,-0.6419127403021284,-0.6408889437299566,-0.6406592907298614,-0.6405645190919679,-0.7095940763958565,-0.29344922493330045,-0.6529440984072101,1.1124033239023274,0.0069685136855915306,0.13691725980576586,1.1214096926915358,-0.2730284121959196,Sleep stage W
-0.6495495444523895,-0.6420275297769694,-0.6410063336604626,-0.6407772656735866,-0.640683760713285,-0.721668353769834,0.7896073995691708,-0.6532681119952429,0.9768122879239481,0.159411910447392,0.2876192499252343,0.8153448216777431,-0.2730284121959196,Sleep stage W
-0.6495329197408557,-0.6419128724182261,-0.6408908118785298,-0.6406614994939764,-0.6405606983988517,-0.7146121720408796,-0.007638518651057227,-0.6530934147395955,1.2519985208059667,-0.1814979286123205,-0.3655639876664975,0.8104148156134452,0.8361056248437485,Sleep stage W
-0.6494776774336165,-0.6420352063953596,-0.6410146918504217,-0.640785736433956,-0.640689166724006,-0.7199438748143373,0.028394083904647677,-0.6532292857153177,1.213767279461213,-0.12729196569214052,0.8202602155813777,1.185076847933982,0.8361056248437485,Sleep stage W
-0.6494636516358294,-0.6419504364577535,-0.6409265449358903,-0.6406968616188427,-0.6405999733187827,-0.7157964152981041,-0.03899557869699634,-0.6531258741924447,1.5056660876349408,-0.2620294713014717,0.11727059229526858,0.27538398332435854,0.8361056248437485,Sleep stage W
-0.6491325391178028,-0.6419525551766103,-0.6409314913799083,-0.6407024232600095,-0.6406074041262011,-0.7111018653954718,-0.418825313403594,-0.6529911879812751,1.0429748931361194,0.5455146547464058,1.669564466033907,0.608126504767274,-0.2730284121959196,Sleep stage W
-0.6496558824062201,-0.6420663279534305,-0.6410446176003524,-0.6408154269132645,-0.6407186246212722,-0.7228737746164678,-0.17812739106095202,-0.6532937446531597,1.3201779434400915,-0.29959980829042837,-0.055673704159999546,0.07761047942857797,-0.2730284121959196,Sleep stage W
-0.6496068016025173,-0.641996205992588,-0.640974430977451,-0.6407452383138488,-0.6406501449799374,-0.7154505730608168,-0.685944794105491,-0.6531164166585522,1.6799304959147296,-0.7561156171001977,-0.27880060951990077,-0.37970087354168286,-0.2730284121959196,Sleep stage W
-0.6493321123865683,-0.6419997838978684,-0.6409804431422385,-0.6407517086971329,-0.6406509739098428,-0.7197742178118857,-0.8391479028119134,-0.6532252910881032,1.087793272677003,0.40658721792057095,1.2585525078057747,1.344360556430227,0.8361056248437485,Sleep stage W
-0.6495106172970577,-0.6418810730359594,-0.6408563595373886,-0.640626490228337,-0.6405262016506752,-0.7095878904137644,0.5062096090340964,-0.6529438250662392,1.3823627146354147,0.28169282894307984,-0.42244064588561225,0.4885072645665166,0.8361056248437485,Sleep stage W
-0.6495663741865644,-0.6419418520874166,-0.6409168105954167,-0.640686789667651,-0.6405785658210713,-0.7145980206215975,0.9607215851447685,-0.6530931580317021,2.076646312368987,-0.6756288385902289,-0.3923255599996398,0.4881427308576924,-0.2730284121959196,Sleep stage W
-0.6495620133738982,-0.6419472501670863,-0.6409272484037181,-0.6406983739809395,-0.6405998084314405,-0.7173696974518996,-0.7742573172285878,-0.6531669893014999,1.0477839312570123,0.5118700023223484,-0.3173281405941808,1.338516572483499,-0.2730284121959196,Sleep stage W
-0.64957596872742,-0.6420099885623494,-0.6409884793812484,-0.6407592411166056,-0.6406545639262549,-0.7131751356248645,0.9766036336333809,-0.6530529416010566,1.216262326222507,0.16803376378533383,-0.015535348571867409,1.4009087210614832,0.8361056248437485,Sleep stage W
-0.6492809876946486,-0.641955835774312,-0.640933762461859,-0.640704441279312,-0.6406063393348725,-0.7129711325842432,-0.042456220234050226,-0.6530470938971409,1.159218580603143,-0.24463985873006347,1.0091848488256845,1.8033600185915954,0.8361056248437485,Sleep stage W
-0.6495799994815044,-0.6419681716466624,-0.6409424614077226,-0.6407123554379972,-0.6406110165985941,-0.7083175942097748,1.1813152660753063,-0.6529026824438987,1.227329781122327,0.6457895935590984,-0.32898351852513935,0.39807897887085525,0.8361056248437485,Sleep stage W
-0.6493371717447332,-0.6419432587724573,-0.6409179758801029,-0.6406879737777289,-0.6405889006299783,-0.707723306923397,0.8451982648656701,-0.6528829039131572,1.3237428644729745,0.6414286075849083,0.6154754148370521,0.030339621069521438,-1.3821624492355877,Sleep stage W
-0.6493831394908195,-0.6419749545090093,-0.6409533935027762,-0.6407242014214658,-0.6406255675588179,-0.7187634957852158,0.38429248020700746,-0.6532012478719827,1.2417934644759845,0.35157478164412576,0.7052255665025453,0.2930212227927923,0.8361056248437485,Sleep stage W
-0.6489979045703539,-0.6418582921836866,-0.6408382391432721,-0.6406093396554585,-0.6405091708001514,-0.7081941452246711,0.13459033510266005,-0.6528986136016608,1.4453969321500302,-0.36780083091412163,1.3196292690347693,0.9511025144679995,-0.2730284121959196,Sleep stage W
-0.6496022657334577,-0.641942006129657,-0.6409185871940704,-0.6406889657130461,-0.6405873420803668,-0.7176827885230886,-0.059810606958906935,-0.6531746774418004,1.4284375877761037,-0.13450926268855642,-0.5399123874467334,0.7161018307944291,-0.2730284121959196,Sleep stage W
-0.6496756305197506,-0.6420260069866962,-0.6410010658021315,-0.6407711054237721,-0.6406693357902843,-0.7163398498407703,0.060360979857515436,-0.6531402250011814,1.2704615680850733,0.4671224531629307,-0.509976732037105,0.7970127291733576,-0.2730284121959196,Sleep stage W
-0.6495962294008528,-0.6420287308265116,-0.6410050066421149,-0.6407753411525003,-0.6406785494115037,-0.7201232094112232,0.04860332558094221,-0.6532336570915047,0.6960828625872661,0.3366352980270643,-0.009432635149557054,1.9870165166220766,0.8361056248437485,Sleep stage W
-0.6493695813038359,-0.6417896249895926,-0.6407625370871005,-0.6405321568348034,-0.6404371087290096,-0.7040511233390974,0.1582343689454004,-0.6527541405127448,0.5221267954326192,0.03196164848116833,-0.2951602875999817,0.8733903434250438,-0.2730284121959196,Sleep stage W
-0.6495500178000885,-0.6419454921758827,-0.6409228832141335,-0.6406935065852738,-0.6406000772908356,-0.7193149587690636,0.4012270810693952,-0.6532145653210631,0.7341937865606311,0.07002634277749425,-0.28832989035344736,1.390583276194611,0.8361056248437485,Sleep stage W
-0.6491543249719404,-0.6417546239155548,-0.6407341850989858,-0.6405051616357565,-0.6404008500329627,-0.7038540004331396,-0.5274418099354691,-0.6527470877377902,-0.07532798534670228,0.06219103555527296,0.22179286053186958,1.5752492864035197,-0.2730284121959196,Sleep stage W
-0.6495053111906731,-0.6419709294628703,-0.6409475865441884,-0.6407180654403954,-0.6406260218699469,-0.7185040574506549,1.2782754078115917,-0.6531949331465118,0.5086632581121042,0.5975895214026377,0.06127815316635048,0.3982519850685825,-0.2730284121959196,Sleep stage W
-0.6493434939309402,-0.6419341399061097,-0.6409107640559789,-0.6406812330523887,-0.6405901106404306,-0.7150745594504178,-0.43985076300881615,-0.6531062268057876,0.2692697751268681,0.33538140539781425,0.536844187765706,-0.06603113472283398,0.8361056248437485,Sleep stage W
-0.6490634989654245,-0.6419613388750413,-0.6409422335992864,-0.6407136166897791,-0.6406215481803881,-0.7118147705258696,-0.1460228541952853,-0.6530127656311815,0.47719741156151946,0.552945673347621,2.1310613432583874,0.7697767025860786,-2.491296486275256,Sleep stage W
-0.6493640209362797,-0.6419289496179676,-0.6409079492653978,-0.6406789210829389,-0.6405864411945652,-0.7128593683735871,-0.4752696508695404,-0.653043908687537,0.7986626723902122,0.2189389987114213,0.43271944984806127,-0.15243616176709723,0.8361056248437485,Sleep stage W
-0.649617084321855,-0.6419693312714122,-0.640946052465341,-0.6407164315519657,-0.6406077608238618,-0.713809512782774,-0.8058689569289862,-0.6530710241281269,1.3876711521391014,-1.1535031197711412,-0.4850172589209621,0.5286640080878902,-2.491296486275256,Sleep stage W
-0.6493490029871615,-0.6419707176446512,-0.6409503935684703,-0.6407215095454344,-0.640629002956168,-0.7153264343439066,-0.3832355666888874,-0.6531130212148826,0.7925596899508577,-0.16206476187943225,0.8474583856955767,1.3940483025261114,0.8361056248437485,Sleep stage W
-0.6494228217820404,-0.641884327826055,-0.640862092905144,-0.6406327510685204,-0.6405369877485535,-0.7110634797544019,-0.7315629677709213,-0.6529900942381885,0.5106016988152194,0.1944788896062685,-0.07001510583812867,1.725956182378804,0.8361056248437485,Sleep stage W
-0.6493175160605428,-0.6419567566240018,-0.6409355890017926,-0.6407065309460083,-0.6406161467089199,-0.7148728574789238,1.0134357889720667,-0.6531008110934742,-0.2257866826896659,0.37293629878705997,0.8589462772482422,1.34092479243943,-0.2730284121959196,Sleep stage W
-0.6491478393521402,-0.6419464039138644,-0.6409278377334848,-0.6406993574264255,-0.6406105590973655,-0.7124806941657859,-0.2795508327673552,-0.6530326745451663,-0.28236192706085744,-0.014282962505522225,1.564828189505151,0.7157324948592273,0.8361056248437485,Sleep stage W
-0.6491509702465701,-0.6419216150076771,-0.6409018901973621,-0.640673120093193,-0.6405771819428714,-0.7120851148747613,0.26502175326082483,-0.6530209785342668,-0.28573875235719853,0.12017687459584143,1.28419939942225,1.003780922923388,-2.9099321976679415,Sleep stage W
-0.6495439310143498,-0.6419739249861737,-0.6409510367358277,-0.6407216341280824,-0.6406316981869179,-0.7174342860172629,0.21743965162731158,-0.6531683888319428,-0.1263181154788344,0.2385854120398323,-0.10335702761164,-0.25304757425475455,0.8361056248437485,Sleep stage W
-0.6490923874797064,-0.6419054769449708,-0.6408866421379116,-0.6406581013132515,-0.6405682049104235,-0.7117083655474741,-0.27851748653329206,-0.6530097679700734,-0.0494952660083915,0.4439045838788111,1.383425846786594,-0.21480381208324112,-0.2730284121959196,Sleep stage W
-0.649366433599905,-0.6420158622026536,-0.6409939504974741,-0.6407647596387199,-0.6406756433614542,-0.7123970979805735,-0.7639804279572991,-0.6530301100910423,-0.1921891274326994,-0.13444406890290625,1.226875689691281,0.10501139043644393,0.8361056248437485,Sleep stage W
-0.6494569111797831,-0.6419105325437248,-0.6408837088486501,-0.640653439307912,-0.6405637956247351,-0.708185885995146,-1.1268199747663834,-0.652898116178797,0.03141125923821586,-0.1027752380150032,-0.09995205461552338,-0.1365993892233885,-1.3821624492355877,Sleep stage W
-0.6495923786579019,-0.6420507691078061,-0.6410300635109629,-0.6408011309060698,-0.6407110104138474,-0.7243929283364201,-0.09251593326941818,-0.6533242276265606,-0.37528452909134324,0.668782096750769,0.24631896580982512,0.4332348711636066,-0.2730284121959196,Sleep stage W
-0.6494883309997659,-0.6420595306966298,-0.6410374331778533,-0.640808166141886,-0.6407144804964084,-0.7149021767504984,0.9990681515590611,-0.6531016965605119,0.8667528494252509,0.7986611926658885,1.0446231237142531,-0.12353812521484765,0.8361056248437485,Sleep stage W
-0.6495098421448872,-0.6419662119156321,-0.6409448211908365,-0.6407157256976616,-0.6406247322236986,-0.7176881396174306,0.0003238001067389917,-0.653174761381641,-0.080491219417884,0.212261147106325,0.024123319974503864,0.24693552903670968,-0.2730284121959196,Sleep stage W
-0.649528149324903,-0.6420369656429307,-0.6410145571220158,-0.6407852283196432,-0.64069278135738,-0.7162697185580008,0.5583688660411746,-0.6531384299891371,0.6625415115916863,0.2902193439789191,0.4980660662523313,0.48698068250052473,-0.2730284121959196,Sleep stage W
-0.6493840160865386,-0.6419269961099973,-0.6409036179174032,-0.6406740661023907,-0.6405829142130309,-0.712950999354818,0.03495219017187158,-0.6530465126268512,0.6785195796312175,-0.27078413284082203,0.31555375229582716,1.4895523562367308,-1.3821624492355877,Sleep stage W
-0.6495289871094664,-0.6419381866986393,-0.6409149803500752,-0.6406855042065159,-0.6405958966773462,-0.7181680875795188,-0.831280517125552,-0.6531867526910443,0.3318402276611906,0.288963249518054,-0.2366214759892131,-0.23891646906785438,-0.2730284121959196,Sleep stage W
-0.6495332498204792,-0.6418486142451287,-0.6408227045585753,-0.6405926280428232,-0.6404998536283857,-0.7128566445469965,0.18169137826523118,-0.6530437468653723,-0.08161939841465465,0.7039150836377822,-0.6178614804020862,0.02591030258372582,0.8361056248437485,Sleep stage W
-0.6495062536985262,-0.6419557003176044,-0.6409344159038781,-0.6407053627172562,-0.6406156990878205,-0.7183470761520697,-0.005449842684362158,-0.6531911890128752,-0.30236573399987665,1.0681025796943269,-0.02418886530792603,-0.08806722398250294,-0.2730284121959196,Sleep stage W
-0.6493592458032618,-0.6419432681636303,-0.6409200723065613,-0.6406905344061079,-0.6405939811422732,-0.7134658530434516,0.08061294651062582,-0.653061276836274,0.4568443643941351,0.13846131378570595,0.5381237963287454,0.6540257270973535,0.8361056248437485,Sleep stage W
-0.6495544292160467,-0.6420071363334081,-0.6409852980007313,-0.6407561325575649,-0.6406670926085962,-0.7225169602740623,-1.908083730032175,-0.6532861571353781,0.14903579568255557,-0.28372172933511364,0.07993841014637705,0.053311243774669656,0.8361056248437485,Sleep stage W
-0.6494913212559966,-0.6420314164317205,-0.6410098049543966,-0.6407806791198477,-0.6406910438669368,-0.7209084399437781,-0.8668843317301302,-0.653251334617141,-0.39729721252836586,1.1015140393881313,0.6763807183760457,0.013675475692623387,0.8361056248437485,Sleep stage W
-0.6493006764201317,-0.641793565306181,-0.6407697011230665,-0.6405400806101843,-0.6404507112560514,-0.7096033772200186,-0.4304968657547422,-0.6529443175858689,-0.610733918749163,1.0533598250442548,-0.06166418947922388,0.031386011079872045,-0.2730284121959196,Sleep stage W
-0.6493733696664674,-0.6419626527282284,-0.6409415834954358,-0.6407125678968079,-0.6406227040775656,-0.7147180812051355,-0.19516114831284162,-0.6530967103680937,-0.1775709639235569,0.29588931986050654,0.6498703626799921,0.315487958965711,-1.3821624492355877,Sleep stage W
-0.6496070227850292,-0.6419348811571579,-0.6409089139802737,-0.6406788283648431,-0.64058730781713,-0.7113184536672449,0.0983802469573606,-0.6529978057710188,0.9068263118839489,-0.29736791144006447,-0.6017251476343384,-0.08408388608166363,-0.2730284121959196,Sleep stage W
-0.649377826866326,-0.6419378251362904,-0.6409163607851691,-0.6406872635695702,-0.6405976931368008,-0.7155038418684323,-1.09460428009076,-0.6531180631317488,0.32632631340311163,0.09982153057391321,0.4321054583375244,0.3633722599474962,-0.2730284121959196,Sleep stage W
-0.6493732220374159,-0.6417616479893525,-0.6407357886040531,-0.6405057302286208,-0.6404155177583674,-0.7053129540924138,0.209335150186836,-0.6527997027214217,-0.027394445030890884,0.7753176417961877,-0.388910698222984,0.40005035834741376,0.8361056248437485,Sleep stage W
-0.6493451336298847,-0.6418800603081206,-0.6408577188823007,-0.6406284047654156,-0.6405368955814909,-0.7112977794169385,0.5463782548545991,-0.65299735619247,0.5058189170327815,0.5436476209330209,0.19608769798813952,0.7156482670130503,0.8361056248437485,Sleep stage W
-0.649379732817762,-0.6419569896754664,-0.6409369182454314,-0.6407080685945746,-0.6406128356758152,-0.7171650990010993,0.38223533351291394,-0.653161573227302,0.4472951453740541,0.45168979241095253,0.5829385355333371,1.0636465053735757,-0.2730284121959196,Sleep stage W
-0.649570981779385,-0.6420130200359299,-0.6409906981940462,-0.6407614142205941,-0.6406713933187927,-0.7188307256934141,0.6438457611508509,-0.6532028563272015,0.27819623942278265,0.07135350685284583,0.027985358004549574,0.3178096025276545,-0.2730284121959196,Sleep stage W
-0.6493357126982868,-0.6419539437444297,-0.6409333318635196,-0.6407044084664766,-0.6406139477012792,-0.7147114463259381,0.61132910907728,-0.6530963533681468,0.3552930077837235,0.6877037620036867,0.7559660936856023,0.2585163969795231,-2.491296486275256,Sleep stage W
-0.6491430113863087,-0.641775079329139,-0.6407531118252947,-0.6405238679571453,-0.6404314824104306,-0.7034142455696227,-0.18245745458138768,-0.6527310336587854,0.4005624616889059,0.4339334889431266,0.33526615704502416,1.2275607839118012,-0.2730284121959196,Sleep stage W
-0.6491192712481676,-0.6419195051826531,-0.6409009986825956,-0.6406725083342526,-0.6405808988318636,-0.7138259054272268,-0.5467047690409105,-0.653071816817086,0.16375464715294033,0.6089968443609498,1.4106451671647897,0.9739119986503426,0.8361056248437485,Sleep stage W
-0.6494272187517361,-0.6417377731593641,-0.6407097523665801,-0.6404792127260679,-0.6403874886343823,-0.7090632955479246,-1.0591296807173207,-0.652926987876928,0.5195975006991106,0.3847072433052508,-0.6073123141524196,0.12293812261774777,0.8361056248437485,Sleep stage W
-0.6493535506975306,-0.6419309285202237,-0.640909183928185,-0.6406800099877591,-0.6405893776833745,-0.7095355581980237,1.2610737640105585,-0.6529422046171093,0.5682852724308386,0.008408164310065443,0.48494453237135937,0.26478100148032624,-2.491296486275256,Sleep stage W
-0.6495554236675404,-0.6418690549785203,-0.6408452426242968,-0.6406156299598662,-0.6405251939525634,-0.7163212997181955,1.9588603235268571,-0.6531396296676504,0.04222663780660165,0.6582206666843695,-0.6231608519179594,0.269145255497306,0.8361056248437485,Sleep stage W
-0.6491915679360151,-0.6418917554471155,-0.6408706413445145,-0.6406416159058067,-0.6405519702850017,-0.7101414037480149,1.7582915832756647,-0.652961443383588,-0.7497444145387555,1.2395873527930594,0.8579374298063147,-0.3583456776678658,0.8361056248437485,Sleep stage W
-0.6491938874082636,-0.6419465134046355,-0.6409296060642495,-0.6407014832250351,-0.6406126595932428,-0.7161432366131675,0.2186352904403713,-0.6531349795234844,-0.5744417911574308,1.0085842890051735,1.3781459077868834,-0.2176150042404197,-1.3821624492355877,Sleep stage W
-0.6495295557546242,-0.6419764718043264,-0.6409527853256403,-0.6407231705212578,-0.6406310025608614,-0.714892019996617,0.19599894024553804,-0.6531013387935706,0.04899560377478343,0.39148494257505284,-0.023070336433908153,0.6090784879081114,-1.3821624492355877,Sleep stage W
-0.6493779395495388,-0.6419715523272853,-0.6409518693673505,-0.6407231481859657,-0.6406332980219329,-0.7155024592707467,0.5828886416591416,-0.65311777476406,0.6862664579721722,0.17286225139342903,0.7207023397299795,0.3963026286328885,-1.3821624492356026,Sleep stage W
-0.6495589738531449,-0.6420677284380834,-0.6410461171016102,-0.6408169856701781,-0.6407256494438446,-0.7207396934616991,0.6610486285236837,-0.6532476607189885,0.5332717309580502,1.2039185722202168,0.6634470680572717,-0.2795302969182324,0.8361056248437485,Sleep stage W
-0.6494335390212944,-0.6419562957494048,-0.6409335280261814,-0.6407041382661243,-0.6406139969963922,-0.716234569270297,-0.04536391702552291,-0.653137419735582,0.263635104719753,0.39237149105011737,0.3031365804696934,0.03722391437980627,-1.3821624492355877,Sleep stage W
-0.6490687538039853,-0.6419764371783594,-0.640955887206217,-0.640726953691255,-0.6406347888002881,-0.7109298532615658,0.611061086347504,-0.6529857316805068,0.5663972278774037,0.11083549976986935,2.293445027509245,0.6739828764880759,-1.3821624492355877,Sleep stage W
-0.6496198065812783,-0.6420045398201984,-0.6409811059226712,-0.6407513599365027,-0.6406350870575538,-0.7221860961208504,0.5452327142197587,-0.6532792176017431,0.9287788687526438,-0.5010420578001152,-0.3103210965331527,2.589366331694094,0.8361056248437485,Sleep stage W
-0.6493309863485717,-0.64201005793349,-0.6409881227937533,-0.6407588872199186,-0.6406651157770097,-0.7143622590220875,0.4831330819028995,-0.6530867110305649,0.3180280109464413,0.18717214337730875,1.3535628004306564,1.5097060069025863,0.8361056248437485,Sleep stage W
-0.6487159723308342,-0.6416823571481225,-0.6406645456868497,-0.6404361907068868,-0.6403442287088035,-0.7024507270879055,-1.009812903405899,-0.6526947029531576,0.30223126325035055,0.5829551493115329,1.0465477673469357,0.8085921926026896,-0.2730284121959196,Sleep stage W
-0.6495330191178119,-0.6419897438889807,-0.6409676308240259,-0.6407383485099069,-0.6406419512223993,-0.7210498371390487,0.43343140359692706,-0.6532544399216307,1.0881541160219854,0.6287880720158224,0.06292934868391462,0.4094923364149725,-1.3821624492355877,Sleep stage W
-0.6494013013441194,-0.6418683251701278,-0.6408443715176747,-0.6406146864629677,-0.6405194643736304,-0.7131136128123562,1.4176302267461929,-0.6530509963881904,0.9237044632580721,0.09548233124996293,-0.07632403193046583,0.3997195271090755,-0.2730284121959196,Sleep stage W
-0.6492359443365059,-0.6418521186683389,-0.6408258944612086,-0.6405956970672243,-0.640497778317869,-0.7091909721358417,-0.31448315625571044,-0.6529310264343227,1.074707749733288,0.15053304197650355,0.40370323644404044,0.4843837757452358,0.8361056248437485,Sleep stage W
-0.6494520872422755,-0.6419030378452909,-0.6408812594893315,-0.6406520642569385,-0.6405600633853886,-0.7153454909438904,0.054143954796106196,-0.6531137541744818,0.27616082302588135,0.46513599398265243,-0.08762105643626569,0.6792558497439225,0.8361056248437485,Sleep stage W
-0.6494019316293828,-0.64186881886315,-0.6408450714652346,-0.6406154213061656,-0.6405180184972266,-0.7111104778139345,-0.4501447207673067,-0.6529913301579112,1.1122860967901234,-0.4082816546960584,-0.07513410091206685,0.3396556213257468,-0.2730284121959196,Sleep stage W
-0.6495105967234411,-0.6419856465580341,-0.6409662967133373,-0.640737546271758,-0.6406341719529207,-0.7200479379704694,0.3860681166501676,-0.6532317565302979,1.0150758704502771,-0.44849935688587855,0.17361396667469314,1.5838562326428693,-0.2730284121959196,Sleep stage W
-0.6494118491750842,-0.6418488955215369,-0.6408218297231418,-0.6405914672280142,-0.6404976533124007,-0.7099891943272861,-0.8893976060851466,-0.652956519843972,0.45563767267602445,0.22764902673601944,-0.21221633972704457,1.0172817628963988,-0.2730284121959196,Sleep stage W
-0.6495043703372753,-0.6419376329715305,-0.6409124340026924,-0.6406825020313527,-0.6405888336861847,-0.7171904319010194,0.6195974301975775,-0.6531621218437216,0.6028058517646439,0.30141469526491527,-0.145635270343081,0.7948858345029944,-1.3821624492355877,Sleep stage W
-0.6496545252793203,-0.6419989356447404,-0.6409744264666934,-0.6407446700399777,-0.6406532986688661,-0.7187674070707598,0.5451348513046474,-0.6532013922437562,0.810810730829479,-0.2074397571036046,-0.5354954699524248,-0.4994716507792109,-0.2730284121959196,Sleep stage W
-0.6494728260310582,-0.6420323348544251,-0.6410118506207295,-0.6407828582033989,-0.640682314237255,-0.7157822605531993,-0.5666913475688838,-0.6531254206687848,1.1397982791430237,-0.764482272358627,0.8165642453494383,0.3265648495416289,0.8361056248437485,Sleep stage W
-0.6495378227224661,-0.6419944497927188,-0.640973994248895,-0.6407451168186286,-0.6406538532821036,-0.7213367919090555,-1.114927625703334,-0.6532608155750922,0.7926912818229427,-0.5809015016020066,0.0867153007655612,-0.4720546879814222,-2.491296486275256,Sleep stage W
-0.6496763459762892,-0.6420477284868471,-0.6410250062725346,-0.6407956416407438,-0.6407045092854586,-0.7194366198370359,-2.11651854803867,-0.6532173428630323,1.2528541258692385,-0.5980336540748844,-0.3584492694433581,-0.6455657251716068,-4.0190662347076245,Sleep stage W
-0.6497403563499675,-0.6420826473662867,-0.6410602648833168,-0.6408309626854171,-0.6407386723061611,-0.724184669036412,-1.7626072433044964,-0.6533202699670178,0.920286252198993,-0.11860348372840339,-0.5600635929572663,0.3333518722322371,0.8361056248437485,Sleep stage W
-0.649717677335873,-0.6419883734811694,-0.6409625507445456,-0.6407324589505623,-0.6406352620319229,-0.7185992201969505,-1.9621519714130589,-0.653197453790743,0.8180372238504923,-0.06088388511670158,-0.914859481638152,0.5375351424604834,0.8361056248437485,Sleep stage W
-0.6496792485457858,-0.6419820265158575,-0.6409584740762462,-0.6407287559835272,-0.6406180306143496,-0.7230922297316338,0.4059086378832426,-0.6532983669455341,1.103746641372212,-0.7158363089061546,-0.7347595899966706,1.8906717849465868,-0.2730284121959196,Sleep stage W
-0.6493296902644721,-0.6417760551756331,-0.6407519523023271,-0.640522258084544,-0.6404303560635268,-0.7090665348374211,-0.07491060711286632,-0.6529270592446007,0.01134271361450329,0.38759520238013206,-0.21215949798181186,0.5193499165554134,0.8361056248437485,Sleep stage W
-0.6493085222112985,-0.6419647589140876,-0.6409450955220961,-0.6407163092447065,-0.6406160839209943,-0.71123814136117,-0.4345633059253276,-0.6529953820999156,0.652977574499822,-0.34859729003365914,0.9936478959596631,1.0309226610869846,-0.2730284121959196,Sleep stage W
-0.6492722149673994,-0.6418899382877783,-0.6408697596386934,-0.6406409036948746,-0.640547287900446,-0.7101176010586768,-0.47680321053654473,-0.6529605435951955,0.7876566307965862,-0.10044599868174882,0.5449326141983069,-0.067996521501553,-2.491296486275256,Sleep stage W
-0.6494138228889912,-0.6419523728510388,-0.6409306360792618,-0.6407014732637057,-0.6406102336739607,-0.712088980574063,0.7318933782884619,-0.6530208903825134,1.1287017162721986,-0.3449611238806658,0.374217556205891,-0.6350304786592167,0.8361056248437485,Sleep stage W
-0.6496251858382333,-0.6420212933182716,-0.6410008024636223,-0.6407719024731134,-0.6406811279804971,-0.7211740534420922,-1.3774874011867848,-0.6532573058251201,0.525386345671055,-0.08092778536395367,-0.20798905858117514,0.7997831092624059,-0.2730284121959196,Sleep stage W
-0.6494664522876749,-0.6420141100258447,-0.640992176302469,-0.6407627319100009,-0.6406447923208817,-0.7191046860546517,-1.030275099363257,-0.653209575273294,1.21303115047587,-0.6798539019370274,0.6352700446538203,1.5976317637252786,-1.3821624492355877,Sleep stage W
-0.6493478277267972,-0.6419516245126861,-0.6409321949041734,-0.6407035082553775,-0.6406116646371343,-0.7146618605149888,1.247250099894514,-0.6530947138050246,0.4807934192783004,-0.07762367342288395,0.6925892511664807,0.013340210469585634,-1.3821624492355877,Sleep stage W
-0.649552717270413,-0.6419635160981967,-0.6409406931567566,-0.6407112706461602,-0.6406196453592574,-0.7169246551341468,-0.8297626184367407,-0.6531554042580365,0.36924653527331275,-0.3565304523314856,-0.20631736163968356,0.736817372126642,-0.2730284121959196,Sleep stage W
-0.6496444589921779,-0.6420463579860625,-0.6410256515771507,-0.6407967137889429,-0.640705382471823,-0.7242439677633891,-1.109835638854572,-0.653321320637909,0.41098010465719187,0.34765384462529536,-0.14062635874104665,0.04589317187501713,-2.491296486275256,Sleep stage W
-0.6495157497141315,-0.6419668372105075,-0.6409446554496926,-0.6407153729268014,-0.6406194807160228,-0.7188264948388805,-0.2158992988817513,-0.6532026917885513,0.8617190649661876,-0.14938265202647905,-0.006231104049650248,0.34410089581709785,0.8361056248437485,Sleep stage W
-0.649670464328462,-0.6419670657054091,-0.6409428648018881,-0.6407131679525231,-0.6406215600952212,-0.712879966509856,-2.3954727998945224,-0.653044232719444,0.609246208445471,0.511511575198923,-0.7541975634731883,-0.023653603913940013,-0.2730284121959196,Sleep stage W
-0.6492346350794936,-0.6419007892425148,-0.6408789464230865,-0.640649751663979,-0.6405585088759412,-0.7145108235108165,-0.09206070412255023,-0.6530905136393356,0.8880906489918206,-0.48618553953453886,0.7514397967024028,0.432119414484777,-0.2730284121959196,Sleep stage W
-0.649535772721842,-0.6420433472874325,-0.6410206347114972,-0.640791241598561,-0.640697537292321,-0.7226307844234163,-0.7591545672606003,-0.653288585660279,0.8566118236961574,0.11298148639464033,0.5142465471590009,-0.06307659642465614,0.8361056248437485,Sleep stage W
-0.649466358219002,-0.6419731840844478,-0.6409504791386266,-0.6407210970458435,-0.6406299196086208,-0.7154603387665237,0.2859632974482608,-0.6531167236776682,0.409771145676411,0.7784609542525552,0.27143916605803126,0.00729116327428136,0.8361056248437485,Sleep stage W
-0.6495090284876996,-0.6420128101674563,-0.640992729775634,-0.6407638908184153,-0.6406693771705783,-0.7154758695829793,-0.5852426357205229,-0.6531172446675446,0.9875147445999202,0.1259941975061357,0.4016345619041001,0.6565675362253803,-0.2730284121959196,Sleep stage W
-0.6495075508301644,-0.6418362515439195,-0.6408078964006565,-0.6405772504373706,-0.6404821790183659,-0.7026689853097768,-0.021377468838155726,-0.6527031505199508,0.753578923350094,0.8623987605113963,-0.5791191253096033,0.40067467374683846,-0.2730284121959196,Sleep stage W
-0.6494584186025091,-0.6418272383223016,-0.6408060454004378,-0.6405769892098583,-0.640484228977007,-0.7126888860895882,-0.768948245416758,-0.6530387950436488,0.8536040296478427,0.7723301212952648,-0.41993562009992125,0.19841401537471076,-1.3821624492355877,Sleep stage W
-0.6494622092885775,-0.6420133563969422,-0.6409906887707506,-0.6407613014758139,-0.6406692929141957,-0.7168943987418186,0.44461473014124814,-0.6531545148530535,1.0972333381005648,-0.3031677496633935,0.642466022044499,-0.008194935001412058,-1.3821624492355877,Sleep stage W
-0.6495951619415405,-0.6419855962962331,-0.6409640682563166,-0.6407346491834857,-0.640602778190762,-0.7200231683983649,0.6112987382380779,-0.6532310124152518,0.9199570276147369,-0.5901089167334347,-0.2792286502230919,2.974904465830607,0.8361056248437485,Sleep stage W
-0.6492073344683373,-0.641901563127351,-0.6408837395789303,-0.6406552972822782,-0.6405485482889494,-0.7141999815366761,-0.5854930929086208,-0.6530822295159977,0.84619164899214,-0.28427109658171557,0.9020200631390023,1.6549719988432063,0.8361056248437485,Sleep stage W
-0.6493217236938252,-0.6418809711689951,-0.6408580994124887,-0.6406285993011168,-0.6405295983787181,-0.712941289294028,0.8305728186148,-0.6530460080836179,0.9304428677687595,-0.38871208089393117,0.28407925961192887,1.1159045481223613,0.8361056248437485,Sleep stage W
-0.6493577088288932,-0.6419944836713245,-0.6409739862245765,-0.6407449459870713,-0.6406329112888629,-0.7179864227276854,0.053921565862110075,-0.6531821880846279,1.191788200242767,-0.11544838747912069,1.043327472827822,1.8089182136750486,-0.2730284121959196,Sleep stage W
-0.6493621989488995,-0.6419126074537681,-0.6408872969571854,-0.6406572890411537,-0.6405599952239432,-0.7100337204092977,0.12100039300131843,-0.6529577901330377,1.0490486076889272,0.2840832752232814,0.2984021192949721,0.9090816441958812,-0.2730284121959196,Sleep stage W
-0.6492630739787909,-0.6418646366509801,-0.6408433867995694,-0.6406138849447897,-0.6404676427165433,-0.7150018793170604,-0.34902327371416186,-0.6531044839884272,1.265268070908241,-0.9761632423092765,0.41452508403992605,4.895849751896765,0.8361056248437485,Sleep stage W
-0.649233085347427,-0.6419108822868064,-0.6408910234088466,-0.6406619873718731,-0.6405416221838282,-0.7105221619744616,-0.35959830186404584,-0.6529733544508703,0.5934466593574471,-0.5244746843954093,0.852403559046623,2.3570249171973487,-1.3821624492355877,Sleep stage W
-0.6493099742276713,-0.6419160090566733,-0.6408937923245819,-0.640664135425497,-0.6405191690983912,-0.7122194126476888,0.4113891363001748,-0.653024892865188,1.2067303911033624,-0.9116520146514047,0.556731595008109,2.5820623845393853,0.8361056248437485,Sleep stage W
-0.6489304661294919,-0.6417843353500459,-0.6407626794012793,-0.6405328952158263,-0.6403671187636217,-0.7066910504209772,-0.07433381501382554,-0.6528478165011089,1.718165291184271,-1.4242941728387983,1.009523466396595,3.2699475923968535,-0.2730284121959196,Sleep stage W
-0.648903623924426,-0.6419504280296331,-0.6409317703560484,-0.6407028560859743,-0.6405541300507801,-0.7058023155329912,0.36135438282150045,-0.6528173666675755,1.2851398246481305,-0.6709273974456555,2.730019137691406,3.044467637182628,-0.2730284121959196,Sleep stage W
-0.6494889926348968,-0.6419313670923483,-0.6409057083861199,-0.6406753335665484,-0.6405389551464724,-0.7162373750890635,-0.7535718650177373,-0.6531375017768746,0.5810258919911642,-0.7261513598573585,-0.11630733737296281,3.193841139962433,0.8361056248437485,Sleep stage W
-0.6494351478699786,-0.6418977325152266,-0.6408762085718258,-0.6406466797546222,-0.6404948116442519,-0.7148840205571104,0.4624147126061766,-0.6531010291460009,1.5377001770306797,-1.1968230209099708,-0.046493763212232996,2.8073133093375033,0.8361056248437485,Sleep stage W
-0.6494670470342314,-0.6419739811517674,-0.6409519759287441,-0.640722482089154,-0.6405998921426649,-0.7183652344420906,-1.5627294438327632,-0.6531916058251326,1.0840600868966312,-0.8132964496213296,0.28056328746159215,2.54925847989258,-0.2730284121959196,Sleep stage W
-0.6494772937276544,-0.6418167070059994,-0.6407906013036413,-0.6405604510010664,-0.640466911736904,-0.710295998901564,-0.6149766602746042,-0.6529663185641904,0.20479151682356622,0.5185836551050367,-0.5330743606668424,0.20758756278422938,0.8361056248437485,Sleep stage W
-0.6495148475306938,-0.6419633227920104,-0.6409410099545978,-0.6407116793715,-0.6406150920912939,-0.7179916985160578,-0.10217189473594541,-0.653182424308069,0.6613357567728106,-0.6309309376799577,-0.025050040924264227,0.6598294943549967,-0.2730284121959196,Sleep stage W
-0.6492150819824736,-0.6420072214297838,-0.6409863167952076,-0.6407572839443368,-0.640661918949969,-0.7157707133924205,0.3442174280564254,-0.6531251919648149,0.40265854841008303,0.02943947746167922,1.9785358696249087,0.7527007276502933,-0.2730284121959196,Sleep stage W
-0.6494993709626098,-0.6419704771462296,-0.640947931406068,-0.6407185659567054,-0.6406251375565738,-0.710782048955408,-0.27685360564000994,-0.6529811974132173,0.0767722577804364,0.6222503959189868,0.09344953227017296,0.8841702110583614,0.8361056248437485,Sleep stage W
-0.6491372269875529,-0.6418753716900415,-0.6408593370747603,-0.640631278943287,-0.6405302297019703,-0.7067610069513762,-0.34115555878805914,-0.6528505445552772,0.44540927652483314,0.31332732296878213,0.9864880219152666,1.2401334719705797,-1.3821624492355877,Sleep stage W
-0.6490953587724086,-0.6419125337949553,-0.6408921851288182,-0.640663268364799,-0.6405685394315449,-0.701392513717825,0.05505354356996764,-0.6526541607744194,0.3098105119439185,0.855730992246347,1.4203997491944371,0.6710293699647766,-1.3821624492355877,Sleep stage W
-0.6494474190135697,-0.6419346573789411,-0.6409125752218012,-0.6406832588862142,-0.640586824548541,-0.7176000568219492,-0.9497776245869215,-0.653172712349717,0.004486693364536568,0.17796804094066482,0.10429843883457267,0.651650150802794,0.8361056248437485,Sleep stage W
-0.649226912544765,-0.6418105208489647,-0.640785996793532,-0.6405561597044775,-0.6404601150645723,-0.7095344082175447,-0.18335829181458674,-0.6529420176997407,0.22611299406981172,-0.20470446703651024,0.23253349916997784,0.46427237010406713,-1.3821624492355877,Sleep stage W
-0.6493980608383633,-0.64194504292089,-0.6409234403589668,-0.6406942713214268,-0.6405994891743769,-0.7146535509010673,-0.3343373818359921,-0.6530947194458109,0.10762758372715658,0.20358086886546642,0.3934541427211365,0.30511490374946004,0.8361056248437485,Sleep stage W
-0.6494223935922966,-0.6419178869900298,-0.6408950497890774,-0.6406655222134907,-0.6405600745117112,-0.7128436273780794,1.3545478832287612,-0.6530433459028482,0.2528987911703569,-0.14457123118238654,0.10456699370677557,0.8381351533492801,0.8361056248437485,Sleep stage W
-0.6493404313516236,-0.6419692892907497,-0.6409466390041941,-0.6407169594703702,-0.6405822985952616,-0.7149498535649781,-0.44954000854718906,-0.6531028558522035,1.454779249240793,-1.187781797956883,0.8489630410641958,2.2288583372388207,0.8361056248437485,Sleep stage W
-0.6490665080268055,-0.6418589305999286,-0.6408402726107182,-0.6406115933889448,-0.6404997030834485,-0.7078166740565748,-0.21097765407076083,-0.6528858768356415,0.9185747483250513,-0.9305248289323916,1.095483850786861,1.0997469701734481,-1.3821624492355877,Sleep stage W
-0.6495030104399384,-0.6419655292429189,-0.6409422453487389,-0.6407125008300577,-0.6405980147417806,-0.7164480188704861,0.16404750162061618,-0.6531430484514534,1.1539532619958819,-0.7787874438122936,0.03734091492556562,1.2732495584871018,-1.3821624492355877,Sleep stage W
-0.6491254135189033,-0.6418452096972339,-0.6408242310594687,-0.6405950026592799,-0.6404814838763734,-0.7111711979755303,-0.5876124469857192,-0.6529932735575225,0.6493785941924853,-0.5257213313362948,0.77666241018823,2.527455323291265,0.8361056248437485,Sleep stage W
-0.6494654118766408,-0.6418415759854396,-0.6408136321320254,-0.6405829264930887,-0.6404679239171336,-0.7117344689343066,2.2991465119202563,-0.6530101221445248,1.4125301707571496,-0.8490353536579162,-0.42203669728995546,1.4324676433795769,-1.3821624492355877,Sleep stage W
-0.6496140013650696,-0.6419406203103702,-0.6409147844474711,-0.6406845781984061,-0.6405792267976158,-0.7151327513884009,0.9981244477418576,-0.6531079809849591,0.6672385549052842,-0.13711211290826963,-0.6086253384746365,1.1893407787100814,0.8361056248437485,Sleep stage W
-0.6496203946282638,-0.6418918549172501,-0.6408669716322055,-0.640636915043308,-0.6405115460022106,-0.7194364386494277,-0.14211170385963223,-0.653217335212394,0.6238385727145463,-0.5673742743678996,-0.7958792401189814,2.251978211519326,0.8361056248437485,Sleep stage W
-0.6492935392479537,-0.6416793649167281,-0.6406538230532662,-0.6404236653368968,-0.640302563250244,-0.7034192723511776,-0.3810468522771695,-0.6527309247600498,0.29427746561713397,-0.6163335634409105,-0.40639765215644397,1.1655113916121254,0.8361056248437485,Sleep stage W
-0.6494131419152707,-0.6419738483742697,-0.6409538666565744,-0.6407249338869596,-0.6406160556550451,-0.7145399868112947,1.2814948397143304,-0.6530915623301192,0.12165727214585031,-0.6058217933651009,0.5644593009138212,1.3986741054168028,-0.2730284121959196,Sleep stage W
-0.6490690701143949,-0.6416578476103074,-0.6406309577483638,-0.640400475652129,-0.6402830621023564,-0.7033366820562171,0.21270817554315516,-0.6527280971764866,0.7489987376546307,-0.15475665448847375,0.05741345210157985,1.9642336702508594,0.8361056248437485,Sleep stage W
-0.6495535287407963,-0.6419724568231326,-0.6409491931852247,-0.6407195191260553,-0.6406056780215073,-0.7165604114979427,-0.28152571181515584,-0.6531457918797953,1.0698999542461085,-0.7789950190320204,-0.16162900954396373,2.7386053611979255,-0.2730284121959196,Sleep stage W
-0.6493106243049726,-0.6419267515518909,-0.6409056758101688,-0.640676472490314,-0.6405655802901102,-0.7138746225102677,-0.567880124299226,-0.6530730266559108,1.0261935249692733,-0.4045316710035539,0.6426053341873598,2.96447873596342,0.8361056248437485,Sleep stage W
-0.6492691835404545,-0.6417726192338143,-0.6407473227261846,-0.6405172487648657,-0.6404124531243681,-0.7087796218232976,-0.37107688369604835,-0.6529180038281446,0.722772933473002,-0.24083192989710359,-0.05543006770531384,2.1948747654022878,-0.2730284121959196,Sleep stage W
-0.6490663248110964,-0.641927236196138,-0.6409064265941208,-0.6406774038395764,-0.640583482829524,-0.7128842324634626,-0.7151061833445388,-0.653044551253106,0.6135775409302688,0.13460615335937814,1.6836993050943703,1.8611919755468125,0.8361056248437485,Sleep stage W
-0.6494472702420746,-0.6419380308324488,-0.6409156162005676,-0.640686130097201,-0.640571278993768,-0.7093835184083597,-0.3855624629752184,-0.6529373590410121,0.7385501117912621,-0.37287633939664516,0.12315888052447041,1.2638827131880883,-0.2730284121959196,Sleep stage W
-0.6496598184674727,-0.6420364490845385,-0.6410150047011065,-0.6407857470617372,-0.6406742513575708,-0.7193731275506736,1.442844977441631,-0.6532158918683368,0.8391921709874769,-0.5360262016526689,-0.3207912204541371,0.5389169341793252,0.8361056248437485,Sleep stage W
-0.6496562446414371,-0.6419653954789316,-0.6409412010480428,-0.6407114671441286,-0.6406129517664987,-0.7186720466683935,0.024245424220204315,-0.6531989929661823,0.6402338831001725,-0.29028523071320406,-0.6934216670502472,0.4356424537663295,-0.2730284121959196,Sleep stage W
-0.6494436449817719,-0.6420193389196454,-0.640997472754418,-0.6407682149993619,-0.6406686351190238,-0.7165777899307636,1.59809815428186,-0.65314628242661,0.9943064785012533,-0.4713742163552953,0.8230140006517616,0.3301536452729294,-1.3821624492355877,Sleep stage W
-0.6495974137427767,-0.6418902207724587,-0.6408630149312324,-0.6406326421562919,-0.640538460062872,-0.7147835609521537,0.4417672241323433,-0.6530981867125226,1.1310171047312976,-0.41015973472943673,-0.7230109844267395,-0.5191417969391936,-0.2730284121959196,Sleep stage W
-0.6492266077794209,-0.641847082069895,-0.6408219485128664,-0.6405920262608825,-0.6404982013696202,-0.7101332579059055,0.2335601012349881,-0.6529609132173773,1.0743377435411041,-0.5671311131629884,0.41493080039843994,-0.19541564452802673,-1.3821624492355877,Sleep stage W
-0.6496103400563905,-0.6420466048880179,-0.6410240372909642,-0.6407945530094084,-0.6406875961512623,-0.7237676535538162,-0.8738483208615144,-0.6533120371157731,1.4528584569945033,-1.0217977470344355,0.0657930125658293,0.9218549864466902,-0.2730284121959196,Sleep stage W
-0.6494595274397237,-0.6419970329503139,-0.6409750961540251,-0.6407458208401583,-0.640647716095204,-0.7169492728498447,-0.7312001708672851,-0.6531558432750386,1.5458889727874772,-1.32433317720333,0.5095649767281307,0.10305989626890127,0.8361056248437485,Sleep stage W
-0.6495560979034392,-0.6420377499037151,-0.6410162376337262,-0.6407870870130477,-0.6406913785524629,-0.7192933699418044,-0.7459306878457926,-0.6532140821325476,0.7828298107028728,-0.11431835528535285,0.3417607139873412,0.4330846096479608,-0.2730284121959196,Sleep stage W
-0.6496004893753344,-0.6418985390558014,-0.640871611934941,-0.6406412875593771,-0.6405471230075911,-0.7150640020054886,0.09783772984329722,-0.6531059210516797,0.8524903258372962,-0.42601185337822006,-0.707436194343301,0.3702208327182175,-1.3821624492355877,Sleep stage W
-0.649630658041123,-0.6420431879148927,-0.6410204891224688,-0.6407909935033212,-0.6406860467448439,-0.7149895017809579,0.1581107664826363,-0.6531040095941275,1.4766651516130007,-1.0487264985743743,-0.09646632599252306,1.0979336098811467,-1.3821624492355877,Sleep stage W
-0.6488552529150177,-0.641909791584207,-0.6408922795673642,-0.6406636230496996,-0.6405323180536857,-0.7058611977328573,-1.243788725894698,-0.6528191820060628,1.6801827622157681,-1.0423428555828649,2.405095707573252,3.2577006723813153,-0.2730284121959196,Sleep stage W
-0.6495466301212254,-0.6419832843224308,-0.6409597025045854,-0.640730131656389,-0.6406393470758281,-0.71537945889628,-0.2414885469615508,-0.6531145451235042,-0.07504620415673548,-0.035145260030360066,-0.06288530768410387,0.3055100543816461,-0.2730284121959196,Sleep stage W
-0.649232729741184,-0.6419437032413661,-0.6409263932381674,-0.6406980529790178,-0.6405918211679036,-0.716108761411661,-1.30361194231063,-0.6531340875753786,1.2975770633584671,-0.3342761728605982,1.1684722355726098,1.3327219123351857,-0.2730284121959196,Sleep stage W
-0.6493511516655137,-0.6419920089216276,-0.6409718482701665,-0.6407430180588112,-0.6406515547458762,-0.717351609913134,1.6272718697123543,-0.6531662053232739,0.44467667109102327,0.29581723276492616,1.055160848484482,0.16907644346555514,0.8361056248437485,Sleep stage W
-0.6490652566149674,-0.6419378093443298,-0.6409213878098643,-0.6406929778966701,-0.640553946563007,-0.7123713235981135,0.5036738910588506,-0.6530292252052973,1.7334981660666524,-0.9217363512012123,1.8671636501725473,3.207193414814294,-0.2730284121959196,Sleep stage W
-0.6496332391018831,-0.6419855627825823,-0.6409626121729891,-0.6407331561261976,-0.6406392763206047,-0.7168243629063369,-0.5132784103394314,-0.6531527112141071,1.375215055676242,0.08899719059576983,-0.4831484223223124,0.44092554376181625,0.8361056248437485,Sleep stage W
-0.6496136076265868,-0.6420103837762472,-0.6409887872262592,-0.6407596635251602,-0.6406684333132209,-0.7232045898138821,0.892673914797372,-0.6533005206464708,0.9267385429175711,0.8088405758247337,-0.22487389094396437,-0.562486784229087,-2.491296486275256,Sleep stage W
-0.6495671246546368,-0.6420158815665769,-0.6409926342143857,-0.6407631205763792,-0.640669712041563,-0.7188866318992477,0.29162808786028,-0.6532043335404324,0.9368509162211254,0.03132981740899846,0.06337310864265805,0.0805998757958053,-0.2730284121959196,Sleep stage W
-0.649403694097665,-0.6418006679606189,-0.6407737837245465,-0.6405433927501155,-0.640439068630413,-0.7033101255332084,-0.5574545990738569,-0.6527268729973925,1.5259924128230953,-0.5089969883341294,-0.35980722462273873,1.438509768935473,-0.2730284121959196,Sleep stage W
-0.6494338407568172,-0.642015102183707,-0.6409942968150296,-0.6407653285078111,-0.6406746520339776,-0.7160202796549103,-2.138436360330821,-0.6531316563694468,1.3774829255623562,-0.6260855157644282,0.8469618118658029,0.5242909473932404,-0.2730284121959196,Sleep stage W
-0.6495197871970348,-0.6417631268263331,-0.6407345526525365,-0.640503896821177,-0.6404118962574069,-0.7136020301130485,-1.2547217365374057,-0.6530651316881927,0.9527346425125688,0.23797821293487512,-0.8029741281155095,-0.07920307374796393,-0.2730284121959196,Sleep stage W
-0.6495971926440148,-0.641940076586171,-0.6409153006194003,-0.6406854560922035,-0.6405941994641262,-0.7165712459481111,-0.5833158338458144,-0.6531463113426162,1.1405575529550744,-0.6607639427955333,-0.532721545286154,1.201284093715183,0.8361056248437485,Sleep stage W
-0.6490471998220504,-0.6418603370746461,-0.6408374381243495,-0.6406079967381363,-0.6405171670419556,-0.7103534670478531,-1.6895378885393946,-0.6529679066434257,0.7482553071152482,0.24604816509695043,1.135484265518043,0.7502985304802424,0.8361056248437485,Sleep stage W
-0.6490600045542182,-0.6418566415605811,-0.6408373486728096,-0.6406086893729526,-0.640518777372824,-0.7092122029448945,-0.3305563494062334,-0.6529317811519856,0.6078885318194316,0.011985531118365358,1.0957026533766048,0.8448492490533012,0.8361056248437485,Sleep stage W
-0.6493999260027051,-0.6418955293338278,-0.6408727958072231,-0.6406433302365008,-0.6405417103061684,-0.7144386656312645,-0.0876649011395598,-0.653088735641519,0.7170894619722277,0.2543970294589724,0.07042865347069074,0.7239639316534405,0.8361056248437485,Sleep stage W
-0.6491132990584254,-0.6419146051348739,-0.6408952490564708,-0.6406665780345097,-0.6405751170234328,-0.7120814247063301,-0.9837217226157562,-0.653020717309797,0.7442447672891918,0.7392526067584748,1.3782846312538763,0.5442437646089334,0.8361056248437485,Sleep stage W
-0.6494135536479346,-0.641940787321495,-0.6409169215481444,-0.6406872818366041,-0.6405961304378989,-0.7133905142842876,0.7513053510293417,-0.6530590461870028,0.5951542271985245,0.3408979526529987,0.2763587040774022,0.26546285362513494,0.8361056248437485,Sleep stage W
-0.6494609265348865,-0.6419017415518404,-0.6408792097004031,-0.6406498549919106,-0.6405579251896254,-0.7165507984926988,0.24997344374109245,-0.6531455975077972,0.36517022628784934,0.7597624052140776,-0.13324678343098334,0.3507621362337559,0.8361056248437485,Sleep stage W
-0.6495158493082219,-0.6419009386065639,-0.6408764808631334,-0.6406466977943556,-0.6405523843999344,-0.7166490886417657,-0.9258345587684236,-0.6531484793557475,0.2445128138636755,1.1353191766146804,-0.3614824221261481,0.5746366438875042,0.8361056248437485,Sleep stage W
-0.6496028991854645,-0.6420802538222198,-0.6410596492197884,-0.6408307463629154,-0.6407398178470366,-0.724028403881868,0.7450941907062343,-0.6533170786605136,0.9128078348133578,0.02365865412421313,0.5139513760353951,-0.5252053148284245,0.8361056248437485,Sleep stage W
-0.6495655078676482,-0.641913684547109,-0.6408885514924537,-0.6406586468709369,-0.6405668410171363,-0.7168143265683613,1.3747133096259347,-0.6531525970254711,0.15234995915744073,2.0409787573833436,-0.5089679541908759,-0.25258597696361446,0.8361056248437485,Sleep stage W
-0.6494442274445279,-0.6419653268637812,-0.6409424021975219,-0.6407129391351175,-0.64061864333657,-0.7124007039842813,0.2205807940327322,-0.6530300916472351,0.6490504189168447,0.35054594518659077,0.31750729326555727,0.9887185795337569,-0.2730284121959196,Sleep stage W
-0.6489149399211988,-0.6418346000880493,-0.6408097874394674,-0.640579893041702,-0.6404856749142116,-0.7058952077026122,-0.307432240898976,-0.6528199477291287,-0.6777113016847917,1.2798024156009775,1.3723164813355082,0.6488991618456948,0.8361056248437485,Sleep stage W
-0.649428665728666,-0.6419265799379233,-0.6409009795347185,-0.6406709533705682,-0.6405785620648876,-0.7150274254189577,-2.4193211312764036,-0.6531051650011724,0.14827176783305257,0.547291830469595,0.10973854619410248,0.5822965975421185,-2.491296486275256,Sleep stage W
-0.6494688137419451,-0.6419678422681319,-0.6409476058841995,-0.6407187524604384,-0.6406267959258206,-0.7134198275801088,-0.1850121459806447,-0.6530600054551736,0.39706743329799177,0.6954387992393244,0.24234101506126918,0.28555019900365297,0.8361056248437485,Sleep stage W
-0.6493565909944405,-0.6418198293843483,-0.6407970912390895,-0.6405676116336764,-0.6404640025317188,-0.7030004320508975,-0.06361536299950458,-0.6527154249505471,0.18983985679315424,0.45509492365192955,-0.12597623403552782,1.4187453188531165,0.8361056248437485,Sleep stage W
-0.6494089494922843,-0.6418782051839924,-0.6408559299795386,-0.640626619678539,-0.6405336778011433,-0.7140560356636879,-1.0458143989441688,-0.6530780823091029,0.5071373903776077,0.3183908145462859,-0.04819370318066951,1.0476562570987291,-2.4912964862752704,Sleep stage W
-0.6494615713054986,-0.6419750416931844,-0.6409494506176066,-0.6407194046076573,-0.6406260434368797,-0.7138306677314079,0.17265547084107635,-0.6530716379227163,0.6027300846239223,0.3990751475646189,0.28235274279028033,0.9185402864526658,0.8361056248437485,Sleep stage W
-0.6486618627056949,-0.6417587342203024,-0.6407392730281257,-0.6405105435357794,-0.640417940095812,-0.7032952476118921,-0.1638196382252255,-0.652726533848552,0.43975069772897885,0.7037889941222952,1.6355148187681503,1.19257090763436,0.8361056248437485,Sleep stage W
-0.6490827883043832,-0.641859950765463,-0.640837646346084,-0.6406082960450165,-0.6405126151294079,-0.707534543750993,0.9060155883358426,-0.652876504323124,0.7117812104930524,0.17172552614520858,1.0131351583926678,1.5626524995083078,0.8361056248437485,Sleep stage W
-0.6495031058701909,-0.6419208408976702,-0.6408970343503562,-0.6406673500186186,-0.64057131353193,-0.7153391449388403,-0.5824539347648419,-0.6531136193033809,0.2839799334886131,0.2355352383650675,-0.21699525008735152,3.1162877993151916,-0.2730284121959196,Sleep stage W
-0.6483890449169938,-0.6417844843509395,-0.6407741804659577,-0.6405470762358046,-0.6404199392542054,-0.7020165221660796,-0.1990433597151308,-0.6526781619750176,1.0954570523424687,-0.7211468189719907,2.7479530954745863,4.380896306157106,0.8361056248437485,Sleep stage W
-0.6492336308269366,-0.6419237585583261,-0.6408993412077403,-0.64066953662833,-0.6405737582714994,-0.708924076329104,0.32626072767631226,-0.6529222421811413,0.9788107469208038,-0.025480255944051487,0.9088600909575039,0.8385380813432378,-1.3821624492355877,Sleep stage W
-0.6493668139942653,-0.6419234277283865,-0.6409004193020372,-0.6406707693909829,-0.640560567149164,-0.7151778666535267,-0.4761255723506408,-0.6531090602852202,0.902106885007232,-0.33579489262792084,0.36697616994957255,4.065354012476008,0.8361056248437485,Sleep stage W
-0.6493502827495122,-0.6419285304797188,-0.6409066467949054,-0.6406772504281755,-0.6405622409893511,-0.7165836167285516,0.27790309869045526,-0.6531464190137092,0.8894483087028783,-0.43977860242945377,0.48063070669655167,1.4925374084955614,-0.2730284121959196,Sleep stage W
-0.6494111631766839,-0.641957913000478,-0.6409357298205278,-0.6407063070582623,-0.6405947269253186,-0.7119998204980146,1.0724518454896697,-0.6530181870894477,0.9073902879539539,-0.5117483157265035,0.4238054401124883,1.4446495315530472,-0.2730284121959196,Sleep stage W
-0.6493894483539498,-0.6419225353164704,-0.6409016599540263,-0.640672473445165,-0.6405578778199397,-0.7118385143454459,0.07021765757405378,-0.6530136092963559,1.04277449140236,-0.6939149993393826,0.2837418454480112,2.405546997639774,-0.2730284121959196,Sleep stage W
-0.6488773818165352,-0.6416800364589729,-0.6406578177209296,-0.640428295021471,-0.6403161319910723,-0.6956103145377907,-0.2572105986544818,-0.6524159592722691,0.6058814514941786,-0.21705898514495914,0.6159143286417277,2.581223066895424,0.8361056248437485,Sleep stage W
-0.649440049236088,-0.641995771495344,-0.6409762286612944,-0.6407472599272337,-0.640621489350443,-0.7181238473954392,-1.1400927789838429,-0.6531855171200827,0.48994372687247506,-0.7528849943327116,0.6291247783870763,2.4766889610310825,0.8361056248437485,Sleep stage W
-0.6497058069612246,-0.6419700219100252,-0.6409457894199582,-0.6407158406364998,-0.6405945358630994,-0.7192758873283316,0.1056143264487843,-0.6532135538102967,0.5547880358274864,-0.6855657489083552,-0.912230617012916,1.9884564579364181,0.8361056248437485,Sleep stage W
-0.6493858882690539,-0.6419213302929885,-0.6409009576825397,-0.6406718969020967,-0.6405588529017593,-0.7152691629502388,0.1306759049625568,-0.6531118724760936,0.8699545510061252,-0.8070678148748813,0.29473249507304533,0.948835927982066,0.8361056248437485,Sleep stage W
-0.6493374836611764,-0.6418572903212837,-0.6408353507445823,-0.6406059913059111,-0.6405003931213645,-0.7106894271469212,-0.2899552250590019,-0.6529786821478536,0.5519355843463437,-0.27772941563121467,0.10806302928155473,0.655134762734406,0.8361056248437485,Sleep stage W
-0.649320450560798,-0.6419192700708746,-0.6408985585616029,-0.6406695811944598,-0.6405765615259751,-0.7109030364371486,-1.2018957209995889,-0.6529850554976002,0.11346500231126337,0.4277178624038726,0.5496686265519964,0.7449376084352544,-0.2730284121959196,Sleep stage W
-0.6494019531839792,-0.641917767206542,-0.6408959874247669,-0.6406665362588801,-0.6405369208602923,-0.7144953327689039,-1.5230674794322292,-0.6530903286020406,1.1427962849508762,-0.7293033699618069,0.19535863008661425,3.7207653073140174,-0.2730284121959196,Sleep stage W
-0.6494506249248387,-0.6418219033907203,-0.6407913108821408,-0.6405600956165624,-0.6404561877287891,-0.7066446268942934,-0.7976182461609895,-0.6528462941748006,0.6230850479542351,0.1783404292692626,-0.4502225313356908,2.13105767160145,0.8361056248437485,Sleep stage W
-0.6496093050109606,-0.6420063955723785,-0.6409835871471522,-0.6407541537815459,-0.640658675994834,-0.7175032746825423,0.200616654967438,-0.653170176221761,0.9526801790079545,-0.12161933259303162,-0.23655576191876554,0.6241406486180721,0.8361056248437485,Sleep stage W
-0.6491459884318084,-0.6419055295152288,-0.6408859210056962,-0.6406571810957614,-0.6405627469257225,-0.7138470256695663,0.6478802669935682,-0.6530722027942505,0.7287261782091877,0.36780447241950676,1.161136128520896,0.105001336286254,0.8361056248437485,Sleep stage W
-0.6493501770875764,-0.6420055207451301,-0.6409849445998047,-0.6407560223319019,-0.6406649122698221,-0.7134580515703799,0.37662267957425155,-0.6530608121292301,0.39386309440808354,0.8787825581408698,1.2105498668309966,0.2468458337356364,0.8361056248437485,Sleep stage W
-0.6495989227876736,-0.6420295363247853,-0.641007157788013,-0.6407778676929664,-0.6406876881591781,-0.7184896931072872,0.20427529390787516,-0.6531946848319313,0.6004593869614802,0.3875589616959738,-0.006136333293953703,-0.14420368350280527,-0.2730284121959196,Sleep stage W
-0.6496084018220362,-0.6419943053328059,-0.6409698477479737,-0.6407400936157004,-0.6406492369145459,-0.7103358258351073,-0.9126990111210983,-0.6529674060693825,0.3132831519000216,1.0643506037040311,-0.3178550785484633,-0.13252521978442872,0.8361056248437485,Sleep stage W
-0.6495913578954646,-0.6419736631512711,-0.6409514740957408,-0.6407221422723427,-0.6406211022623942,-0.7192738472906461,-0.313733366642637,-0.6532135050012159,0.5845806271365793,0.1620617833402829,-0.3316799817671681,0.6855878862625829,-0.2730284121959196,Sleep stage W
-0.6488252991551465,-0.6417943702998182,-0.640771728268146,-0.6405423480980821,-0.6404516758707448,-0.7055241179285889,-0.004988706201224846,-0.6528073476366638,0.6793485594161242,0.40281988858638,1.3812952896004869,0.09874980550521703,-1.3821624492355877,Sleep stage W
-0.6496431196249285,-0.6420144164278642,-0.6409891327285774,-0.6407589364721015,-0.6406388849452999,-0.7133652725459977,0.9047065702613574,-0.6530582041709645,1.2992575939714965,-0.47644063142641874,-0.39339978273884096,1.2445767741990397,0.8361056248437485,Sleep stage W
-0.6491539210039403,-0.6418709318314609,-0.6408505770120307,-0.6406215182961021,-0.6405067105307448,-0.7109598572347321,0.6290045175958924,-0.6529868975597428,1.4542131552519806,-0.770617733335926,0.8543789357176482,1.5992065629734324,0.8361056248437485,Sleep stage W
-0.6495811441169811,-0.6420253128696125,-0.6410028830196273,-0.6407735827599234,-0.6406835057646769,-0.7174552430738319,-0.41137226080849465,-0.6531687958249796,1.3799641240641989,-0.4093823060639359,0.06556343650727367,-0.7517225814492061,-0.2730284121959196,Sleep stage W
-0.649491391073249,-0.6419715671441025,-0.6409510193819199,-0.6407220983143777,-0.6406289347103412,-0.7201967375521575,-1.2811008116229559,-0.6532352176839452,0.2823801077432629,0.4860606841126814,0.1565874101221066,-0.08215741311265329,0.8361056248437485,Sleep stage W
-0.6495043074825215,-0.6419173483328257,-0.640893819379634,-0.6406642745833848,-0.6405740832084075,-0.7099943024888314,2.130174555851597,-0.6529568072199571,0.16930866552126858,0.9958866243634944,-0.23720511567215513,-0.22019272724600902,-0.2730284121959196,Sleep stage W
-0.6494285730838931,-0.6419453433097043,-0.6409250579029017,-0.6406960962077549,-0.6405952437064412,-0.7186302815034267,0.6683208009528322,-0.6531981683648966,0.8004517119853731,0.039252337306737765,0.27028720856067673,0.572656121917747,0.8361056248437485,Sleep stage W
-0.6492695249059611,-0.6419241239795955,-0.6409044476337189,-0.6406755994547936,-0.6405686060429987,-0.7156725534591796,0.8739246680633707,-0.6531223819361697,0.7391143877074633,-0.28281226159052364,0.8088731728429001,1.6347687429867566,0.8361056248437485,Sleep stage W
-0.6493765331064223,-0.6419098190995164,-0.6408875364021049,-0.6406582149107986,-0.6405649262506996,-0.7129263867758651,0.7477404344458135,-0.6530457302634489,0.9294678572241418,0.2877970355729606,0.24650235883402108,1.1379750987114998,0.8361056248437485,Sleep stage W
-0.6493247579893453,-0.6418718287419738,-0.6408494368557338,-0.6406198624230158,-0.6404934044692613,-0.7070150365273,-0.6887507417219706,-0.65285888949008,0.8871876975204075,-0.28036516679840245,0.22551081183469715,2.3810199942768002,-0.2730284121959196,Sleep stage W
-0.649342632691111,-0.641911772883046,-0.6408859036860176,-0.6406557207986951,-0.6405475941724695,-0.7114743261712477,-0.30928680336832903,-0.6530025557802923,0.642544217106976,-0.1862321367590321,0.3668703084488596,1.1286908193422276,0.8361056248437485,Sleep stage W
-0.64903006107218,-0.6419126600772577,-0.6408924464288166,-0.6406634763596543,-0.6405582851305592,-0.7083156073821935,0.5349068190953541,-0.6529025195756251,0.5624223876782399,0.292901433397113,1.6887577261328914,1.5209426615578396,0.8361056248437485,Sleep stage W
-0.6492304572208784,-0.6418465968865744,-0.6408216706570162,-0.6405917705673064,-0.6404970211458083,-0.7090595675300608,-1.0559237583022218,-0.6529268420225587,0.9221311064953457,-0.12161427050994783,0.40064319663359255,0.8993527462990444,-0.2730284121959196,Sleep stage W
-0.6495630075763599,-0.6419725890751617,-0.6409488561433041,-0.6407191739528412,-0.6406144305340029,-0.7171345410097619,1.0004773580471964,-0.6531606854700743,0.7538878115934777,-0.01915605066697213,-0.21016134274468207,0.6268023523060565,0.8361056248437485,Sleep stage W
-0.6492871025886046,-0.6419880702432704,-0.64096884184057,-0.6407402159473056,-0.6406482571765313,-0.7143988860891751,0.8139561686409763,-0.6530876489511458,0.5747693524919271,0.8037073438328808,1.35881710315362,-0.09462214081270472,0.8361056248437485,Sleep stage W
-0.6496205675079854,-0.6419278860657573,-0.6409015070546495,-0.6406713373878179,-0.6405813746641342,-0.713919145456094,1.153657253356666,-0.6530741678082291,-0.23813085758125946,0.9346771659993458,-0.6865005135763736,0.06322622263438094,-0.2730284121959196,Sleep stage W
-0.6494802535710138,-0.6417757931114187,-0.640748498755634,-0.6405181300665435,-0.6404280775420386,-0.7117548519403699,0.5081039158322728,-0.6530109893000507,-0.1393577733317044,0.3722838310427946,-0.6581860217000677,0.13849179721518023,-0.2730284121959196,Sleep stage W
-0.6495939766336573,-0.6419867493089836,-0.6409649584434626,-0.6407357983839637,-0.6406460783886064,-0.7200560792989501,1.8349410496834508,-0.6532319787776011,0.10870662196048878,0.4758672388681521,-0.26837279179066637,-0.07712481333450973,-0.2730284121959196,Sleep stage W
-0.6495335654590227,-0.6418179882543006,-0.6407904625109401,-0.6405600453513033,-0.6404689650052521,-0.7124068073304266,1.0740028369879133,-0.6530304952684961,0.8312306501205508,0.3742617193399814,-0.7108219998686193,-0.3292505969336351,-2.9099321976679415,Sleep stage W
-0.6496466294180309,-0.6419558182219499,-0.640929094573448,-0.640698849351891,-0.6406078649929327,-0.7130617333879958,2.719078591130782,-0.6530495074609031,0.9377537693172394,0.17132632623716934,-0.6984624487575168,-0.5478418649515772,-1.3821624492355877,Sleep stage W
-0.6495184887020503,-0.6419797687093489,-0.6409582881877893,-0.6407291853808628,-0.6406389173797417,-0.715909482063172,2.9960869698368846,-0.6531288041950714,0.10547293828498697,0.819987613704122,0.07201780773360782,0.022778507534222545,-0.2730284121959196,Sleep stage W
-0.6497315518485884,-0.6420566687170162,-0.6410342449677263,-0.6408049511716745,-0.6407153085563839,-0.724537767361572,-0.9610771541055878,-0.653327244637986,-0.10830430813906412,0.8129769965126561,-0.6674872091950247,0.3470073232225547,-0.27302841219593443,Sleep stage W
-0.6494809860512877,-0.6419486285380575,-0.6409220449286279,-0.6406918309860531,-0.6406015032399874,-0.7167862793629677,-1.1258996513969726,-0.6531517697031939,0.12248245337489927,0.6387623637128296,0.008632775206459999,0.08176537073895955,0.8361056248437485,Sleep stage W
-0.649191350253617,-0.6419359912108944,-0.6409121287514236,-0.6406824938007607,-0.6405914259453238,-0.7058480902673876,-0.4484811746932168,-0.6528186827198664,0.11897529921852988,1.110100765637455,1.2005607988969966,0.30740699719781006,0.8361056248437485,Sleep stage W
-0.6495206577593686,-0.6419549955861221,-0.6409316058288618,-0.6407020769369649,-0.64060961677993,-0.7157244879440284,-1.3009117965388979,-0.653123995101878,0.5756458790358024,0.6338149530656212,-0.10975968082078238,0.5106704140250701,0.8361056248437485,Sleep stage W
-0.64948053840693,-0.6419608360959264,-0.6409371361860786,-0.6407075220151848,-0.6406161577003692,-0.7109715800309879,1.2356833645620815,-0.6529872447993227,0.2817447392634646,0.6079592524069167,0.10890283510304795,0.4023416271581354,-0.2730284121959196,Sleep stage W
-0.6497297342837965,-0.6420067880409835,-0.6409821047074923,-0.6407523138633147,-0.6406615899472017,-0.7222221322769521,0.6065238054599366,-0.6532800083971402,0.11312410749968284,0.42868153815349674,-0.9060723786652677,0.2853703616348241,0.8361056248437485,Sleep stage W
-0.6495719761419604,-0.6420232753356283,-0.6409992027299984,-0.6407695069447155,-0.6406762173236454,-0.7159124562825002,0.6003546757348873,-0.6531289160017666,0.5021222262652734,-0.1047645332677926,0.08652425527227649,0.06432627313087216,-0.2730284121959196,Sleep stage W
-0.6496364827912886,-0.6420038560340141,-0.6409817449912577,-0.6407524709841559,-0.6406576443268825,-0.7210150829863867,-0.12796502514122657,-0.6532537296422304,0.5958894158518941,0.11026087055514039,-0.3958380271085097,0.12271152675819977,0.8361056248437485,Sleep stage W
-0.64924610741638,-0.6418113451986187,-0.6407854544551828,-0.6405553846420682,-0.6404650065766357,-0.7094519649183986,-1.6045311728762746,-0.6529394951384554,0.3831602511808365,0.23187393868623915,0.16902733785133997,-0.5614729802255345,0.8361056248437485,Sleep stage W
-0.6494716273894806,-0.6419566854961241,-0.64093246197269,-0.6407027713478004,-0.6406130788748509,-0.7147852081037434,1.0852152464012461,-0.6530982876671967,0.18679787581259596,0.2665891975953994,0.11873926116267451,-0.6042081874868137,-0.2730284121959196,Sleep stage W
-0.6494167444579407,-0.6419939762343565,-0.6409743477124511,-0.6407456202032383,-0.6406525857430649,-0.7169239825321609,-1.7391146033220717,-0.6531552748520141,0.7809099628949254,-0.9829745852240628,0.7349161182084689,-0.481617205882792,0.8361056248437485,Sleep stage W
-0.6494367804430055,-0.6419797162970976,-0.6409568447140169,-0.6407274447646231,-0.6406373417143859,-0.7155847370374308,-0.47260636627106023,-0.6531200077131192,-0.13214220657852066,0.9992125838617472,0.4669531707701019,-0.33662232926430113,0.8361056248437485,Sleep stage W
-0.6496822666281353,-0.6419916702237745,-0.640968794205507,-0.6407394047036228,-0.6406493354105379,-0.7169285358304708,0.2507575051755527,-0.6531555595140426,-0.17656833567313743,1.9325482716280198,-0.7060271321153989,-0.7507168848511243,-1.3821624492355877,Sleep stage W
-0.6496300490487985,-0.6419633719349888,-0.6409382070315388,-0.6407082724060635,-0.6406147825552548,-0.7129547492559098,-0.379053580686718,-0.6530466184184879,0.8827829186716403,0.0483858283188473,-0.5838712896079209,0.060229181309595085,0.8361056248437485,Sleep stage W
-0.6494673773005407,-0.6419748570067435,-0.6409535576343173,-0.640724492367404,-0.6406346396838605,-0.7163413712203983,0.2837965728522472,-0.6531401780045326,0.09867778537405979,0.757446891803904,0.2918384736633997,-0.5326424464662453,-1.8007981606282735,Sleep stage W
-0.6495111891720523,-0.6419922797238222,-0.6409718295281799,-0.6407429646487537,-0.6406532311118155,-0.719584656127807,-2.341329753634557,-0.6532209740155805,0.3904440856786064,0.11399140044035262,0.21111612833497595,-0.5226664148403465,0.8361056248437485,Sleep stage W
-0.6494313137371028,-0.6419255195978509,-0.6408992052862732,-0.6406690517063295,-0.6405792525232737,-0.711177332751674,-0.4977306568913715,-0.6529936843943498,0.39111159804308243,0.3665784437284211,0.08742281297311938,-0.858245300840536,-0.2730284121959196,Sleep stage W
-0.6496496867465629,-0.6420000900965624,-0.6409763467472376,-0.6407467691787885,-0.6406566314937991,-0.7218576305427572,-3.7561375669208275,-0.6532721787930627,0.9921281109604879,-1.1012072672076907,-0.49895147576580773,-0.8673924082596749,-1.3821624492355877,Sleep stage W
-0.6494147179226842,-0.6420009107791435,-0.6409808860477105,-0.6407520345000828,-0.640653130764904,-0.7166394019461851,-0.754848888005836,-0.6531480464954457,0.665847328707345,-0.4762662323658454,0.8114413399886241,-0.03956038231773636,0.8361056248437485,Sleep stage W
-0.6496970951839175,-0.6420399656609336,-0.6410169059046691,-0.6407874271759215,-0.6406929374967258,-0.7256575699674412,0.05463155438463204,-0.6533483806244045,0.6737152301543949,-0.6212111363985561,-0.5453770380684273,-0.412302264533351,-0.2730284121959196,Sleep stage W
-0.6496178448444293,-0.6419466816529146,-0.6409213962197833,-0.6406913598626409,-0.6405878033202896,-0.7167270001700805,-0.2339453937952015,-0.6531503145489665,0.8048987123073337,-0.8494813825391376,-0.5986764246360632,-0.0310547352585836,-0.2730284121959196,Sleep stage W
-0.6495448307444786,-0.6419259856004403,-0.640902273654637,-0.640672418004973,-0.6405427299174473,-0.7158786057356716,-0.8409441449450804,-0.6531283652624422,1.0095742092219029,-0.8525403548580427,-0.365293394812171,3.0846245456116597,0.8361056248437485,Sleep stage W
-0.649406042006954,-0.6418753421750971,-0.6408540319935812,-0.6406248837541489,-0.6405274471300333,-0.7109993896790554,0.28150151282297325,-0.6529882096801167,0.8812044221635745,0.5413185342048751,-0.04557259138826709,2.3274669155450183,0.8361056248437485,Sleep stage W
-0.6490469419750767,-0.6420235593798297,-0.641003921729091,-0.6407751679816976,-0.6406817079565871,-0.7096192879168723,-0.47730779879666896,-0.6529448044339577,1.0768321538719827,0.1966477992966769,3.2779876380548036,1.3673938727940331,0.8361056248437485,Sleep stage W
-0.6494119284168716,-0.6419071426388023,-0.6408853333994984,-0.6406561015805123,-0.6405619265917404,-0.7136732639203398,-0.1578943887586918,-0.653067461726893,1.094611286578903,0.006855288702824453,0.09298154929600524,1.814862062294292,0.8361056248437485,Sleep stage W
-0.649057862569451,-0.6417947102921442,-0.6407685703686719,-0.640538360794588,-0.6404411824806606,-0.7046143130884227,-1.1379656619566976,-0.6527750925511506,0.8910377324596728,-0.16346430346080165,0.6584751857626859,1.8774127187155292,-0.2730284121959196,Sleep stage W
-0.6493233076144436,-0.641933311836769,-0.6409126705280599,-0.6406837149178184,-0.6405914730635056,-0.7088170028912406,-1.3264123111018375,-0.6529193923891312,0.25068034690514357,1.1987510822365182,0.6425502840473646,0.686944196712757,-0.2730284121959196,Sleep stage W
-0.6495737754936667,-0.6418753515787827,-0.6408489407225466,-0.6406186955272539,-0.6405227729416352,-0.7142195881864781,0.15565274645659155,-0.653082877528505,0.2643683778877317,0.518036709339469,-0.6791739233195272,0.6973764976993855,0.8361056248437485,Sleep stage W
-0.6494474139147848,-0.6418341969781789,-0.640809287561735,-0.6405793902396232,-0.6404839670302058,-0.7090703677181758,0.10830424099409147,-0.6529274880351409,0.485222923283942,1.1582732625389587,-0.3755643485716725,0.9664659684571657,0.8361056248437485,Sleep stage W
-0.6494926162444657,-0.6418960228869519,-0.6408731478310599,-0.640643731971619,-0.6405533492468989,-0.7165871369766592,-0.21809114809246308,-0.6531467745183128,0.37950293687063924,0.9334986477415911,-0.28454620128904273,0.16247837102259588,-0.2730284121959196,Sleep stage W
-0.6494460123727862,-0.6417993096821955,-0.6407709827037582,-0.6405403696201342,-0.6404490702724136,-0.707624839216572,-0.21181759591544502,-0.6528796869067269,0.5367278221093073,0.9067268757461446,-0.4970813066128545,0.14647017214199357,0.8361056248437485,Sleep stage W
-0.6494736739570814,-0.6417781539173909,-0.6407513779217395,-0.6405210968530569,-0.6404275551374353,-0.7094791032265338,-0.451511613982143,-0.6529403457331038,0.4713551854669811,0.39302973874488706,-0.6316592199648285,0.5149725818819703,0.8361056248437485,Sleep stage W
-0.6493564953542492,-0.6418411226809635,-0.6408162253634296,-0.6405863241134803,-0.6404896506662822,-0.7093244015673197,-0.30767383208615834,-0.6529355788432454,0.34691214400859666,0.9579428050104004,-0.048231674262694535,0.40592207124135515,-0.2730284121959196,Sleep stage W
-0.6493802091296712,-0.6419164082173111,-0.6408941978058976,-0.6406649074032841,-0.6405732438862671,-0.7130073915039786,0.1974203388312109,-0.6530482820607784,0.28494770464499514,0.8095205638423387,0.27268143317884097,0.38593674842804876,-1.3821624492355877,Sleep stage W
-0.649484797170292,-0.6419772899389218,-0.640955505972684,-0.6407262217193579,-0.6406233166727091,-0.7183466542123915,0.06955820101622857,-0.6531911570935337,0.5501609356798097,0.23168379587962823,0.21961617735836478,0.7695282967402497,-2.491296486275256,Sleep stage W
-0.6496489390036652,-0.6419997779448758,-0.6409746256109685,-0.6407447197010084,-0.6406537708953246,-0.7107705854938625,1.3169415408286118,-0.6529808912791243,0.3732988429143082,1.1711354965711611,-0.5055584738338353,0.09547863815645286,0.8361056248437485,Sleep stage W
-0.6494855448704238,-0.6420053481094561,-0.6409829942349504,-0.6407537139534019,-0.6406637542284412,-0.7162117222649904,-0.28176544691235617,-0.6531367716757229,0.8706426688649168,0.240045964141574,0.43954003671897085,-0.15499317680669025,-1.3821624492355877,Sleep stage W
-0.6495362251948146,-0.6418771794561825,-0.6408526930153942,-0.6406229352905183,-0.6405329639730152,-0.7138084639319795,0.7185973494961232,-0.6530708795332438,0.018909866968622555,1.1800026314615042,-0.5294197030015179,-0.15033525458348299,0.8361056248437485,Sleep stage W
-0.6488681174067465,-0.6418935757269358,-0.6408711362828259,-0.6406418108278699,-0.6405518350746847,-0.7055616844124768,-1.1090892801650152,-0.6528084746641134,0.055000201097046085,1.2989914985886148,2.097632885221155,0.07542455536084555,-0.2730284121959196,Sleep stage W
-0.6495063638454893,-0.6420207975646821,-0.6409985089570067,-0.6407692002886526,-0.6406763284057239,-0.7189164818315525,0.06307429217462501,-0.6532050155882161,0.5230080353717736,0.06723730771800117,0.4672358654297072,0.44864019302347213,-0.2730284121959196,Sleep stage W
-0.6495124985969034,-0.6419321303428079,-0.6409071399605414,-0.6406772746399212,-0.6405872434976334,-0.7099852001885699,-0.39904677668031874,-0.6529565765978566,-0.18332803689765206,1.264294012881184,-0.20754232944506634,0.038447564035276986,0.8361056248437485,Sleep stage W
-0.6496492298769792,-0.6419900223324404,-0.6409684259257552,-0.6407393063130377,-0.6406489120435105,-0.7220471064101655,-0.03850741910626672,-0.6532762851997586,-0.19269789399611828,1.5742395054360612,-0.5346465526065776,-0.11888046426872254,-0.2730284121959196,Sleep stage W
-0.6494057400433468,-0.6419331365340447,-0.6409109425517424,-0.6406816693908354,-0.6405910973485305,-0.7137631810869082,-0.021354955820332196,-0.6530699137419166,0.261959087194306,0.6455797789438482,0.272981138463431,-0.01302518666918521,-0.2730284121959196,Sleep stage W
-0.6491975339556829,-0.6419786273300254,-0.6409611767376158,-0.6407328926517236,-0.6406379773744357,-0.714438077871926,0.4248671985381532,-0.6530889340038232,0.9527465418808126,0.6054948490567696,1.7288269482269358,0.5784687733181879,0.8361056248437485,Sleep stage W
-0.6495340819727241,-0.6419710109905967,-0.640948579317544,-0.6407192053714234,-0.6406209802436328,-0.7189039211179373,-0.8007687488038118,-0.6532046576866777,1.3818366806237843,-0.561323710466339,-0.07001434034181817,0.7065693196311758,0.8361056248437485,Sleep stage W
-0.649523079063923,-0.6418411940056696,-0.6408175545513147,-0.6405879269517768,-0.6404910155317081,-0.7142132010112997,0.0945221608094248,-0.6530823853472254,1.1409299723638353,0.016404982632930613,-0.5978585355388641,1.1167680546483996,0.8361056248437485,Sleep stage W
-0.6495015141553304,-0.6420191835247817,-0.6409994927520299,-0.6407707314520283,-0.6406763896431334,-0.7190734132364309,0.34680757796781037,-0.653208691934425,1.0377478312787944,0.43280790773799194,0.5109818678487528,1.0392707505683376,0.8361056248437485,Sleep stage W
-0.6494071056415573,-0.6419482017182401,-0.6409275748060705,-0.6406986415328177,-0.6406082011465684,-0.7171421407252513,-0.6806354066609283,-0.6531610774162028,0.1343455643209253,0.7342524094126422,0.38428337641538307,0.822143759790914,0.8361056248437485,Sleep stage W
-0.6495842493010838,-0.6420144830746579,-0.6409929692674085,-0.6407638743751262,-0.6406742478468045,-0.7211696291429889,2.8277499677503983,-0.6532571144725541,-0.12283184248029458,0.8289621631586689,-0.0288931704339632,-0.6543847409227872,-1.3821624492355877,Sleep stage W
-0.6495701346364723,-0.6419701522565694,-0.6409479547948101,-0.6407187058563688,-0.6406288791592658,-0.7209686557260213,0.7404258331829559,-0.6532527777448242,-0.5582111833731024,1.9163201704290782,-0.24788158245757894,-0.06653778546352478,0.8361056248437485,Sleep stage W
-0.6495708531273384,-0.6420172126236268,-0.640996584519369,-0.6407675768349864,-0.6406643713536417,-0.718572034209476,0.12187405217546567,-0.6531968885831904,0.2155729174519362,0.3787726726435192,0.0779975642510671,1.7757771195851795,-0.2730284121959196,Sleep stage W
-0.6496679184656242,-0.6420089341828363,-0.6409861734912269,-0.6407567345262435,-0.6406587043458017,-0.7186711536928484,1.2323212521970113,-0.6531989456941152,1.3751467498609131,-0.47103807347584925,-0.5453052381307837,0.6188571187591817,-0.2730284121959196,Sleep stage W
-0.6494902310564126,-0.6419315752939242,-0.6409062492064822,-0.6406762661896658,-0.6405803238617395,-0.7112513833418695,-0.7864071884235453,-0.6529956527934511,1.2674392963058785,-0.19712453831256918,-0.1183612672687054,0.604457995760901,0.8361056248437485,Sleep stage W
-0.6495221670547908,-0.6419062426338973,-0.6408803453825477,-0.6406502577749895,-0.6405561957284575,-0.7161760967951573,-1.256548077187758,-0.653135985182241,1.2862620520065033,-0.4974474920835565,-0.3712197428902572,0.130688098480786,-1.3821624492355877,Sleep stage W
-0.6496992690878872,-0.6419652707457061,-0.6409398279130647,-0.6407098489236632,-0.6406156409278213,-0.718784929610904,0.7130901604270458,-0.6532017379841728,1.4732000978262703,-0.8331758524439538,-0.901808511875885,-0.5034522848659372,-2.491296486275256,Sleep stage W
-0.6496674853753507,-0.6420416660542921,-0.6410181347408606,-0.6407885453996252,-0.6406937671450179,-0.718981659641086,0.2966719220621378,-0.653206581552658,1.1675998786757893,-0.2953786946760526,-0.3506636867176228,-0.20831730330200954,0.8361056248437485,Sleep stage W
-0.6492975751124394,-0.6419353080644761,-0.6409170127900298,-0.640688574623164,-0.6405961129071949,-0.7101002888355831,-0.1261158043520487,-0.6529603862235517,0.6033733649249683,0.44722725669364016,0.7934045718812053,0.8584086539414121,-0.2730284121959196,Sleep stage W
-0.6490748710018847,-0.6417463612604969,-0.640719677949437,-0.6404893852278863,-0.6403950552004182,-0.6995779483540436,-0.549159044164035,-0.6525825525797453,0.7984476172924397,0.9624367394315797,0.372962629795583,0.46828892849904974,0.8361056248437485,Sleep stage W
-0.6491595867290431,-0.6419894454772783,-0.6409683007949075,-0.640739170047803,-0.6406355145872455,-0.7127274626627776,-0.5354481304541643,-0.6530402700066861,0.5925898782797304,0.16121656750924365,2.0103633634939864,1.743101311634169,-1.3821624492355877,Sleep stage W
-0.6494569369669944,-0.6418215437274654,-0.6407945433383498,-0.6405641341330914,-0.640462803415284,-0.7107459108382965,0.7352293629239144,-0.6529805095222477,0.7277974259105354,0.6217721011393758,-0.4572505199697857,1.9781685780550182,0.8361056248437485,Sleep stage W
-0.6493891095229812,-0.6419711991065205,-0.6409481179533928,-0.6407182805819335,-0.6405790639996345,-0.7168256660015402,0.9228131061406623,-0.6531529542002159,0.9981060483791242,-0.9482480179284086,0.6267536169879697,2.5437294532669026,0.8361056248437485,Sleep stage W
-0.6494232677510994,-0.6418891773766182,-0.640866044437679,-0.6406364216836179,-0.6405252026685002,-0.7144208542012934,0.5502272030249619,-0.6530882147160716,0.17066995578868685,-0.7100247293252837,-0.05345759397929643,1.2416246751582527,0.8361056248437485,Sleep stage W
-0.649377709012465,-0.6418662534947511,-0.6408392796885302,-0.640608813838711,-0.640501897988092,-0.7051219466258245,0.642024138545904,-0.6527930137155288,-0.22752617018530386,-0.3484838585603793,-0.01934954295819224,1.2777624416957294,0.8361056248437485,Sleep stage W
-0.6494514405287058,-0.6418694071675916,-0.640850029128329,-0.640621251447422,-0.6405170177694874,-0.7133272094875308,0.3894027882480695,-0.653057299536193,-0.2734624450037288,-0.5080150743518407,-0.2271806575434862,1.8088265214148065,0.8361056248437485,Sleep stage W
-0.6487747288069879,-0.6417105300311168,-0.64068956741688,-0.6404603331449585,-0.6403448738109963,-0.7013811507613135,0.40627051017796545,-0.6526540253591309,0.05821989595503896,0.14587936139467622,1.025418590952654,2.180630012651744,0.8361056248437485,Sleep stage W
-0.649319908992985,-0.6419745888482153,-0.6409537355638087,-0.640724535205369,-0.6406007131977065,-0.7180748664060599,1.116314345358693,-0.6531844945361502,0.2742869069456557,-0.778070533924765,1.0218918816873928,2.004919518087005,0.8361056248437485,Sleep stage W
-0.6494828503411583,-0.6418872981046501,-0.6408654213601389,-0.6406361375171579,-0.6405355095213521,-0.7153192237489671,0.7271983395230266,-0.6531130983601088,0.40276669506801327,-0.17951782863638552,-0.2798304824523932,0.9815673203509891,0.8361056248437485,Sleep stage W
-0.6494041699960394,-0.642027119423614,-0.641005581555929,-0.6407764287628185,-0.6406814811899544,-0.7179521475699491,-0.1249473123625455,-0.6531814981911475,0.535343497749163,0.2741669573363727,1.1550158126738588,-0.21822598119404804,0.8361056248437485,Sleep stage W
-0.6494324187861649,-0.642017860198727,-0.6409967070684633,-0.6407675623675787,-0.640664395920617,-0.7216029641836044,0.6433340584202325,-0.6532666690016247,0.9612899672771079,-0.9865464161603877,0.8813760480442507,0.36886010749836273,-0.2730284121959196,Sleep stage W
-0.6495274447080278,-0.6418665190965114,-0.6408411394295693,-0.6406111548000023,-0.6405168611824653,-0.7117316482922884,0.2684049440998315,-0.6530103517473088,0.6820156998622801,-0.22920069891392644,-0.5383420685714467,-0.21618514083689042,0.8361056248437485,Sleep stage W
-0.6496724305323638,-0.6420938961447962,-0.6410731366208768,-0.6408441785108906,-0.6407510928024863,-0.7262377337151872,-1.4278561505383323,-0.6533589305059849,1.1292307594254456,-0.440852311885698,0.11941540658842997,-0.100627190996182,-0.2730284121959196,Sleep stage W
-0.6494925306812553,-0.6419632178927811,-0.64094005850542,-0.64071056034319,-0.6406173924476131,-0.716937307778908,-1.5423136891771474,-0.6531556335667993,0.5179712870393839,0.08171666707248916,0.0727805313042928,0.674308725986781,-1.3821624492355877,Sleep stage W
-0.6493817078154245,-0.6418139009614804,-0.6407905906950252,-0.6405610634207638,-0.6404688250261638,-0.714390144748865,0.20921135868552454,-0.6530875311846746,0.15719817202720018,0.877033677741933,-0.23088897065383696,0.9116767562780472,0.8361056248437485,Sleep stage W
-0.6496697145746795,-0.6420140682578674,-0.6409932124082984,-0.6407641929212169,-0.6406697064740352,-0.7179030807294882,-0.6887474429163069,-0.6531802282772131,-0.23697801413175335,0.474202076355268,-0.5150033687900337,1.0736021758184942,0.8361056248437485,Sleep stage W
-0.6496326394206847,-0.6419231869910353,-0.640895430887958,-0.640664945574181,-0.6405722977613642,-0.716409852830517,0.025354411352183033,-0.653142055421699,0.5585823613424309,0.41532327543822667,-0.7579672247857353,0.00906929895258693,-1.3821624492355877,Sleep stage W
-0.6494021946340062,-0.6420077958926775,-0.6409862286521485,-0.6407570747004453,-0.6406627148149687,-0.718139008123294,-0.48485507865761884,-0.6531860103098088,0.1714458173261129,0.8521972681238771,0.9343651655575266,0.5284473661365179,0.8361056248437485,Sleep stage W
-0.649348996473746,-0.6419359796910415,-0.6409120967101563,-0.6406822547734112,-0.6405631942854128,-0.7086793879969183,-1.2429455588912544,-0.6529145576374523,1.0261051726813653,-0.9597425892950402,0.5222352457026905,1.6332877853782968,0.8361056248437485,Sleep stage W
-0.6493886520652304,-0.6419369894025956,-0.6409144796842061,-0.6406850979301484,-0.6405883351502816,-0.7126107083037941,-1.216954106689346,-0.6530366173407091,0.02582034272078582,0.7857168892904046,0.3701471018705746,0.6035389318325147,0.8361056248437485,Sleep stage W
-0.6495225413395108,-0.6419654593269307,-0.6409436147935094,-0.6407143810243241,-0.6406189696029684,-0.7185904927777903,-0.38290442322224244,-0.6531970488464826,0.1365169593249841,0.4629961481524827,-0.04477672175455139,0.5182595797599348,0.8361056248437485,Sleep stage W
-0.6492396347556122,-0.6419160553281252,-0.6408942903607674,-0.6406649618802619,-0.6405563142689489,-0.7065610454575078,-0.4337301267403879,-0.6528434816854755,0.6473257464394334,-0.4741581999159152,0.8481619746860007,0.9186545899273921,0.8361056248437485,Sleep stage W
-0.6495907319741814,-0.6420557833165141,-0.641034246524193,-0.6408050298877067,-0.6406988779918339,-0.7218789488110822,0.5020696525895648,-0.6532727818008129,0.8222253124637661,-0.5294639284502507,0.2990965541532615,0.5183875286132268,-0.2730284121959196,Sleep stage W
-0.6490647215710316,-0.6420273980211153,-0.6410080864903483,-0.6407794241067685,-0.6406877380648304,-0.7145884490813984,-0.5617735204162116,-0.6530929199732285,0.10805660271739098,0.8611544071109924,3.263706531804287,0.019164024696735046,-2.9099321976679415,Sleep stage W
-0.6494990604805624,-0.6420774568334954,-0.641058015787955,-0.6408293408185926,-0.6407367744441287,-0.7243917662902601,0.053371144723681076,-0.6533244293990759,0.3238982226053874,0.8365722287662366,1.302193333860307,-0.16936755806970516,0.8361056248437485,Sleep stage W
-0.649425319197129,-0.6419211349685257,-0.6408959145455856,-0.6406659945774348,-0.6405748487244406,-0.7145487263827648,0.8471838130317457,-0.6530916358509281,-0.15690707278655092,1.1286542650851474,0.09453528840502465,-0.5340053491955602,0.8361056248437485,Sleep stage W
-0.6494007021604622,-0.6419305002713827,-0.6409099490749642,-0.6406810069879895,-0.6405859415763643,-0.714443221254549,0.13865053528630802,-0.6530891568310864,0.5260068635464407,0.6899428354377504,0.2905222407212995,1.122720455235063,-0.2730284121959196,Sleep stage W
-0.6496379931729125,-0.6420033058012357,-0.6409796550629476,-0.6407499075698603,-0.6406381930546303,-0.7224761915275495,-0.7756145451955118,-0.6532853827305709,0.8184559672692313,-0.2306182368988835,-0.4178223662180099,1.9410395841733765,0.8361056248437485,Sleep stage W
-0.6494986921514908,-0.6418483082601654,-0.640821377160881,-0.6405910313521884,-0.6404958140362719,-0.7059666829059563,-1.1662628114767568,-0.6528229221408905,0.7080585796108834,0.45462176032995644,-0.5062663331566127,1.018783221970335,0.8361056248437485,Sleep stage W
-0.6496367306106344,-0.6420375637636467,-0.6410162894918507,-0.640787144635601,-0.6406848033018708,-0.7243263041288944,-1.5354836848209379,-0.6533231354453989,1.1609158161324271,0.08699742347089028,-0.16586983054471735,0.8557081552490697,0.8361056248437485,Sleep stage W
-0.6496935049351024,-0.6420376213227862,-0.6410144885247674,-0.6407850101393231,-0.6406906872145276,-0.721757359393556,-0.8010252689840043,-0.6532699476391547,1.3560557785538176,-0.1088379755955035,-0.5374135627846416,-0.509028207581024,0.8361056248437485,Sleep stage W
-0.6495984031334238,-0.6418997912196337,-0.6408742244312087,-0.6406442048290922,-0.6405498307326236,-0.7138180177345456,0.7525826354776456,-0.6530710954982816,0.9772365749588328,-0.2684342505270265,-0.6900122389062263,0.33073559659271123,-0.2730284121959196,Sleep stage W
-0.6494663000757299,-0.6420022691185557,-0.640980497345838,-0.640751307046503,-0.6406571992138103,-0.7190609000739203,-0.8699728753782844,-0.6532083371943189,1.6419115750855604,-1.0848959273881307,0.5229487770542647,0.1449068176797865,-0.2730284121959196,Sleep stage W
-0.6495144495358278,-0.6418954934286518,-0.6408717275311698,-0.640642079346049,-0.6405467207804988,-0.7150648099203618,0.5059289288405551,-0.6531058083567168,1.2312547604740736,-0.1557255675714355,-0.3752133143103398,0.6681071730020519,-0.2730284121959196,Sleep stage W
-0.6495853735768398,-0.642004145474228,-0.6409825391390316,-0.6407533859982321,-0.6406587016305604,-0.7225629298947096,0.5585381352264096,-0.6532871281178921,1.4326434222385083,-0.6309228383597827,-0.1104156943499592,0.05801543538833874,0.8361056248437485,Sleep stage W
-0.6497478473022477,-0.6419972983441954,-0.6409718439778039,-0.640741843394648,-0.6406468381258763,-0.7182780161971801,-1.1175334807948614,-0.6531896662628263,1.1328557494103533,0.6639477144318188,-1.0392570066333544,0.10092182339719115,0.8361056248437485,Sleep stage W
-0.6495962639401832,-0.6419984190153776,-0.6409754253338977,-0.6407459783568872,-0.6406530148756855,-0.7179717947076742,-0.5651216078804592,-0.6531817936332512,0.8941626727631751,0.9659707357331919,-0.2181950267221224,0.11371821296742586,0.8361056248437485,Sleep stage W
-0.6494179205982747,-0.641920986991538,-0.6408969450752752,-0.6406672465301049,-0.6405726624541918,-0.7155983513881919,0.7575019121808043,-0.6531205883589434,1.277691209889131,0.13770414251704471,0.13241247380637497,0.15510806024868462,-0.2730284121959196,Sleep stage W
-0.6494905444726481,-0.6418783743784303,-0.6408518886313362,-0.6406216406624632,-0.6405258110152092,-0.7127557410668105,-0.8642784098087287,-0.6530406057000412,1.3030652460814967,-0.45823514122452863,-0.36793483384932824,0.3852247948288292,-0.2730284121959196,Sleep stage W
-0.6497003217635208,-0.6420715188260965,-0.6410483791624784,-0.6408188808847388,-0.6407230718987461,-0.7228933193015565,-0.5711975579620246,-0.6532941937894504,1.7668803665265511,-0.7978346329465562,-0.34929756611146057,-0.04420384974843882,0.8361056248437485,Sleep stage W
-0.6496321813254141,-0.6419780838747116,-0.6409517341803739,-0.6407215272510539,-0.640626580773107,-0.7144451521404798,-0.12818601999174423,-0.653088954625535,1.191025949717954,-0.21865056693897836,-0.5344467941460339,0.5992808768817498,-1.3821624492355877,Sleep stage W
-0.6493394830644954,-0.6420080187054308,-0.6409880258789361,-0.6407592120482186,-0.6406662759275714,-0.7172388543996333,-2.3905814999534254,-0.6531634980421485,0.3644702024782712,0.38596199874678155,1.3100166167852376,0.8552831893045718,-0.2730284121959196,Sleep stage W
-0.649480661503281,-0.6419433772565154,-0.640921762143594,-0.6406926248555992,-0.6406015094418601,-0.7167545289323689,1.110121754721018,-0.6531509473328135,0.5436552882400792,0.5711150041039148,0.014839478058610297,-0.19383139037867245,-0.2730284121959196,Sleep stage W
-0.6495976727004994,-0.6419556849922133,-0.6409303708106772,-0.6407004250736861,-0.6406098040796088,-0.710823453055585,1.1408224271071856,-0.6529824758806249,0.129847406626612,1.345883034200712,-0.469675808414124,-0.032453185422758796,0.8361056248437485,Sleep stage W
-0.6494447561832433,-0.6420010001973031,-0.6409813812995152,-0.6407526667115103,-0.640660660604917,-0.7210089226432574,0.31533755239325534,-0.6532536450222475,0.5867996032510394,0.1388870539358312,0.6533629593048603,0.5234127058749386,-0.2730284121959196,Sleep stage W
-0.6495740731701003,-0.6420597596267408,-0.6410383635306608,-0.6408092183725453,-0.6407107493647022,-0.7221133947051761,0.291047692491754,-0.6532776825132267,0.6361081321320023,-0.10190814634511594,0.4605623671789374,0.4939726933221258,0.8361056248437485,Sleep stage W
-0.649414620625979,-0.6419771905678026,-0.640957049743324,-0.6407281164833831,-0.6406272614615425,-0.718587814920693,-0.5680207072473542,-0.6531970619779328,0.9552082072062179,-0.3729180093322588,0.5843324941622225,0.7985994187996575,0.8361056248437485,Sleep stage W
-0.6493427080195543,-0.6418791799500656,-0.6408574699963657,-0.6406281378838284,-0.6405146070309391,-0.7114191047304845,-0.11048395718762326,-0.6530010688892747,1.1881792099468353,-0.4213220716259398,0.20441792179631782,1.0182687181800611,-0.2730284121959196,Sleep stage W
-0.6493957806192187,-0.6419890216484221,-0.6409679165176125,-0.6407387113469133,-0.6406226638100011,-0.7168906859100739,0.6798448323776292,-0.6531545623858206,1.2834048575450192,-0.9406480953435273,0.7788790082321618,1.1430374868419029,0.8361056248437485,Sleep stage W
-0.6497265356514526,-0.6420430344574726,-0.6410208574246046,-0.6407914512043541,-0.6406831697135907,-0.7232732842602595,0.4781177297112251,-0.6533019234782442,1.0012051871102772,-0.2669025826236581,-0.7093865729128455,1.6861162984121667,-0.2730284121959196,Sleep stage W
-0.6493770562284447,-0.6419849370698725,-0.6409636116676214,-0.640733863853848,-0.6405617432039675,-0.7136816218775344,-0.5725246656409082,-0.6530674647412751,1.9739803911073612,-1.3568026534008217,0.8327187297482725,4.048586250565243,0.8361056248437485,Sleep stage W
-0.6496666590108684,-0.6420384241578744,-0.641015711588199,-0.6407859576122102,-0.6406438794393773,-0.7239761259872235,-0.055732117334192255,-0.6533161720106906,0.9605236883002777,-0.5984746228353695,-0.36071618635226055,2.2280781176615068,-0.2730284121959196,Sleep stage W
-0.6493738364813675,-0.6419468860567501,-0.6409262808134633,-0.6406970059336995,-0.6405504867815618,-0.7141284234623608,0.5412192126968192,-0.6530800853410053,0.839479154145211,-0.24014797611296335,0.5248503740981717,2.179385822665859,-0.2730284121959196,Sleep stage W
-0.649332518572918,-0.641940732603159,-0.6409206824307518,-0.6406918651490323,-0.6406002990260977,-0.7124999430776283,0.15297621401424746,-0.6530332721062647,0.08696400922582445,0.6678953327602833,0.6662754113612332,0.5267030002570173,0.8361056248437485,Sleep stage W
-0.6496171422630757,-0.6418679027246483,-0.6408417735318652,-0.6406115173509831,-0.6404971634736184,-0.7172169409139318,-0.034250982222489,-0.6531628625690221,0.4683064231533072,-0.13381284260195753,-0.8541827432790577,0.9321311449852366,-0.2730284121959196,Sleep stage W
-0.6492107116652701,-0.6418944075863895,-0.6408697364402091,-0.6406399067744938,-0.640547832909564,-0.7113692906875165,-0.535129072863415,-0.6529994054950802,0.35587873840492557,0.5836533535990175,0.7726221425544126,0.7725729371340848,0.8361056248437485,Sleep stage W
-0.64952410815129,-0.6419763642187767,-0.6409530916276669,-0.6407232404108065,-0.6405840182827233,-0.7183734375800237,0.6087481313836667,-0.653191748732198,1.6578022654385944,-1.040953677777963,0.00642446531925221,2.8762824230383655,-0.2730284121959196,Sleep stage W
-0.6495916172537273,-0.6418443277662517,-0.6408169947532183,-0.6405864824556261,-0.640479284077437,-0.7132837277816834,-0.2210786146721191,-0.6530561871255585,1.057316583393124,0.0040563994096081205,-0.8303047130753025,1.0257699576639554,0.8361056248437485,Sleep stage W
-0.649477041025322,-0.6418719268547914,-0.6408461942815884,-0.6406161282057954,-0.6405207910377226,-0.7127226251005715,-0.7476106705111186,-0.653039828039858,0.8992316152669743,0.08227766834764086,-0.3408393747627749,0.5527555457890051,-1.3821624492355877,Sleep stage W
-0.6493690237476286,-0.6418880324874034,-0.640863935310699,-0.6406340935380619,-0.6405272225143291,-0.7070709451503876,0.49639196054673934,-0.6528609156813152,1.090760552386516,-0.6096080348143957,0.1387216060466456,1.0156182943005174,-0.2730284121959196,Sleep stage W
-0.6490800939149328,-0.6417922130964473,-0.6407681415540754,-0.640538267709234,-0.6404213869188463,-0.7081534322545988,-1.5815873733031902,-0.6528970359194116,1.598971048145376,-1.0311393928645878,0.592139386017136,2.4039613981479695,0.8361056248437485,Sleep stage W
-0.6492807823248293,-0.6417423099177356,-0.6407163009154677,-0.6404860714037668,-0.6403709542792851,-0.7100126527416168,-2.205904983542113,-0.6529574395141152,1.112535298379901,-0.4949043549625515,-0.1956510237439467,2.06518887454209,-0.2730284121959196,Sleep stage W
-0.64958602728794,-0.6419495214914828,-0.6409257617209071,-0.6406961726117496,-0.6406061319087616,-0.7127552269085907,-1.5966636569482313,-0.6530407583990869,0.3818013962366789,0.6398295394309659,-0.43664681133866845,-0.5481336143354282,-1.3821624492355877,Sleep stage W
-0.6497490064870644,-0.6420266821757945,-0.6410020499767003,-0.6407722847205242,-0.6406830965649452,-0.7203095743627645,0.35206454389920067,-0.6532375272132963,0.5121436210426535,-0.3014998462970193,-0.9379119934717423,-0.9109679383959279,0.8361056248437485,Sleep stage W
-0.6494468562510196,-0.6419406452342998,-0.6409171466524959,-0.6406876231792337,-0.6405981728767175,-0.7179953951997998,0.2696489024415751,-0.653182360849101,-0.1482221157348024,0.6860977473082405,0.1330061523625929,-0.2883099361143179,0.8361056248437485,Sleep stage W
-0.649694574108559,-0.6420312243642952,-0.6410086957203294,-0.6407793862823967,-0.6406904306502503,-0.7212404807444222,0.45909814629055284,-0.6532587169349435,-0.14464408754534933,0.1605013314335917,-0.5769492577186504,-0.506796371445989,-0.2730284121959196,Sleep stage W
-0.649675868936458,-0.6420071070363386,-0.6409838035479247,-0.6407543276498215,-0.6406652832248977,-0.7233278190360801,1.7170379130870612,-0.653303013645066,0.33100243311903516,-0.6398232518065479,-0.6020992841288243,-0.7468778331452859,0.8361056248437485,Sleep stage W
-0.6495754221469703,-0.6419921026689922,-0.6409687698758357,-0.6407391678225397,-0.6406378301992305,-0.7198385286500254,-0.6113750966132989,-0.6532268722411979,0.6701531205776871,-0.37524503515707613,-0.15120317190647733,0.4979277979107366,0.8361056248437485,Sleep stage W
-0.6493378289911425,-0.6418719164038588,-0.6408492537166959,-0.6406198749226204,-0.6405287703987851,-0.7118041191371152,-0.8308753543262016,-0.6530125738776886,0.4117682902601381,0.8295398039166972,0.17693025272920884,0.04243200025876549,0.8361056248437485,Sleep stage W
-0.6494692155017232,-0.6420251590054973,-0.6410043704838517,-0.6407752389152793,-0.6406561907587215,-0.7183418894884522,-0.6274633028132858,-0.6531911329837417,1.1647484388468008,-0.6078743373153876,0.7517945833064904,1.707314309223274,0.8361056248437485,Sleep stage W
-0.6494113230274944,-0.6418301533484554,-0.6408071384748464,-0.6405776614554705,-0.6404840239209539,-0.7061327855597043,-0.9815387285591727,-0.6528284819043386,0.7084569514899847,0.45960012181830345,-0.26394316198520495,0.6674810190274448,-0.2730284121959196,Sleep stage W
-0.6495007037015018,-0.6419603109281107,-0.6409396777313172,-0.6407107491761024,-0.6406196180225142,-0.7160928042429351,0.8182616502786391,-0.6531336035369254,0.5231266990382801,0.8369340056781134,0.03540721458067311,0.026366261285554964,0.8361056248437485,Sleep stage W
-0.6495991296210905,-0.6420141150644304,-0.6409910772628636,-0.6407616367084761,-0.640671492571106,-0.7175867509172258,1.4953801726296418,-0.6531722542652681,0.41557429478563335,1.030260755283202,-0.12976018018866659,-0.1795637047351639,0.8361056248437485,Sleep stage W
-0.6496519601984371,-0.6420216430023976,-0.6409997374793642,-0.6407705465096919,-0.640679667677813,-0.7222619061321849,0.9816358816194856,-0.6532807519060371,0.4139319556514437,1.0649075086585449,-0.3747846224099873,0.18111556361090325,0.8361056248437485,Sleep stage W
-0.6493644645593066,-0.6419901543817595,-0.6409710400641866,-0.6407423591875411,-0.6406374460059336,-0.7182016043772738,-0.8364542262222564,-0.6531875648454855,1.2455861575865124,-0.56898358177782,0.978849771794552,0.13806606740384592,0.8361056248437485,Sleep stage W
-0.6496663842130674,-0.6420307445720612,-0.6410095728389774,-0.6407805419346113,-0.6406903626787759,-0.7204754928597489,2.0026868707589918,-0.6532413528012218,0.9439722908498077,-0.10402613392846903,-0.397585284226538,-0.3758961546721829,-0.2730284121959196,Sleep stage W
-0.6496853358383659,-0.6420540967660924,-0.6410324705857857,-0.6408033306357677,-0.6407117675750524,-0.7197383564369755,-0.8275592037745534,-0.6532245153255029,1.4209662050981804,-0.62006530870477,-0.3627816199998523,0.15871210506376507,-0.2730284121959196,Sleep stage W
-0.6493684621263681,-0.6419921318391617,-0.6409708644220277,-0.640741722659473,-0.640643055619088,-0.7169473477023909,-0.2369346039362086,-0.6531559341203648,1.5425677669185742,-0.5824703612141298,0.9509804653097673,0.7574619908569289,0.8361056248437485,Sleep stage W
-0.6496889164430563,-0.6420257756816328,-0.6410028320495343,-0.640773410576681,-0.6406825006109605,-0.722362627793888,-0.8816110157469937,-0.6532827914322846,1.073347242964057,0.21846542992192758,-0.5762015473163062,-0.2898398589132988,0.8361056248437485,Sleep stage W
-0.6496203897924256,-0.6419289196844343,-0.6409022392955714,-0.6406719685475069,-0.6405753107888662,-0.7121567803723795,-0.8718009790430449,-0.6530231346635647,0.951324566329632,-0.5023326939950826,-0.6833682682385048,-0.16806217156790926,0.8361056248437485,Sleep stage W
-0.6495105739559981,-0.6419178388028906,-0.640892977268089,-0.6406629940173926,-0.6405519017351217,-0.7101355511839591,0.9522840862124884,-0.6529612033795018,0.8591587481366316,-0.7101708351243884,-0.26803619221288477,0.8205363093622093,-1.8007981606282735,Sleep stage W
-0.6494598639568869,-0.6420311196985394,-0.6410099226285577,-0.6407808293147209,-0.6406854278343227,-0.7199110518751946,-0.2573001681582034,-0.6532285639768097,0.7372018806228342,0.9401001432836115,0.871695420232354,0.16241788933865367,-0.2730284121959196,Sleep stage W
-0.6492766767684367,-0.6418202343790953,-0.6407966476311171,-0.6405670728688845,-0.640477308919218,-0.7083393819369416,-1.424564402762497,-0.6529032143732341,0.24500710967770456,0.7650453687790102,0.12588637434659536,0.03507733786737609,0.8361056248437485,Sleep stage W
-0.6496158231255184,-0.6420114777004438,-0.6409891721897402,-0.640759901103718,-0.6406701676476273,-0.7195139344597873,0.7493072785919324,-0.6532192502087167,0.394019787942528,0.8686944311809781,-0.2358101351149656,-0.37100253667934113,0.8361056248437485,Sleep stage W
-0.6495689502931072,-0.6420321979036977,-0.6410111389136764,-0.6407821348859666,-0.6406926666267785,-0.7198561075197254,-1.1317803412180067,-0.6532272441115146,-0.2652803747004655,1.071768716644092,0.21378799557298211,-0.09073723320745937,0.8361056248437485,Sleep stage W
-0.6494519058482724,-0.6419866166021116,-0.6409639396957869,-0.6407344698577422,-0.6406301138627002,-0.7137410626854288,0.7095163458268334,-0.6530689857277028,0.6774062732929681,-0.020898333018544702,0.45039279032503815,0.6689400046522687,0.8361056248437485,Sleep stage W
-0.6491718157473481,-0.641978051335658,-0.6409576075790901,-0.6407286461644323,-0.6406305290712604,-0.7155516036135448,-0.23812661921856762,-0.6531192212213595,1.1393450250299577,0.07597110429692311,1.8037521759723487,2.1396424944939345,-0.2730284121959196,Sleep stage W
-0.6495726140659043,-0.6419638801531711,-0.6409414893684644,-0.6407121074725922,-0.640612605118635,-0.717426839786346,0.28377469947077666,-0.6531682868902605,1.3014505135628376,-0.002693806792342443,-0.29531986273752414,0.44241200132726494,0.8361056248437485,Sleep stage W
-0.6497087752277362,-0.642015696622423,-0.6409934547301346,-0.6407641043829894,-0.6406652861791522,-0.7209106959797826,0.20112901779438333,-0.6532513820004678,1.3717803596818574,-0.5564540408498064,-0.7387842642276465,1.1113413706915245,0.8361056248437485,Sleep stage W
-0.6495820267615289,-0.641989827251933,-0.6409655359361913,-0.640735735959442,-0.6406354901601679,-0.7195038952733449,-1.0247538042528974,-0.6532188342207395,1.5985035205406817,-0.7499081911949422,-0.20684253162041769,0.500785964236898,-0.2730284121959196,Sleep stage W
-0.6493719893470564,-0.6418222581993639,-0.6407972835635746,-0.6405673021434302,-0.640460322372837,-0.7106338396435976,-0.85204780340331,-0.6529766349939251,1.5632439472544575,-0.7801274899720356,-0.17624561525727842,0.6843283944899683,-0.2730284121959196,Sleep stage W
-0.6496453672736477,-0.6420053890241074,-0.6409823439676562,-0.6407527587765683,-0.6406400493127129,-0.7234214467461673,0.2968938803650144,-0.6533048494865141,2.06732200660407,-1.2091927747448699,-0.4421541457612587,0.957209070131451,-0.2730284121959196,Sleep stage W
-0.6496541942521679,-0.6419187928835076,-0.6408918165809723,-0.6406612106127126,-0.6405359757457143,-0.7188280798838071,0.5105443607925867,-0.653202805469316,2.2664508502778964,-1.3323857368971335,-0.8562327775774266,1.510061439463397,-0.2730284121959196,Sleep stage W
-0.6495378597101719,-0.641974796029116,-0.6409528413408924,-0.6407234342458331,-0.6406116502406378,-0.7201342617537153,-0.021442647639978957,-0.6532335528384158,1.1800057312555379,-0.5447671525451347,-0.060946681766417155,2.2439604631068812,-0.2730284121959196,Sleep stage W
-0.6493239117191288,-0.6419013543663916,-0.6408801700179428,-0.6406509044545174,-0.6405338670639218,-0.7115444712614274,0.7902290621911333,-0.6530045502707074,1.1608307042883221,-0.477256992000692,0.41095005617031427,2.194108828362748,0.8361056248437485,Sleep stage W
-0.6495036491909745,-0.6418709334247099,-0.6408415013989394,-0.6406104168617721,-0.640492044081748,-0.7055791935411297,-0.6985919058019151,-0.6528092322018407,0.9196954462039437,0.021470957792197255,-0.456059816791316,2.394334849152048,0.8361056248437485,Sleep stage W
-0.6495051589786882,-0.6419113742031297,-0.6408889529986607,-0.6406594962222699,-0.6405517485740971,-0.7163164400485105,-0.5145599860378234,-0.6531396347319922,1.824114245276176,-1.0159126339099176,-0.26235658771104675,1.3064472211215747,0.8361056248437485,Sleep stage W
-0.6494079104672897,-0.6418543760769764,-0.6408296541996048,-0.6405998220979849,-0.6405072642274798,-0.7103620024057781,1.1549717595795639,-0.6529683431013171,0.811855922673328,1.233737543620257,-0.16467266001476943,0.27692890139418985,-1.3821624492355877,Sleep stage W
-0.649579299246049,-0.6419850337739916,-0.640962253620391,-0.6407328538766064,-0.6406405339351108,-0.7187216284190743,-1.6917548236568711,-0.653200272766829,1.1852376289333135,-0.25949618315964257,-0.21084230156220968,0.3033804145801544,0.8361056248437485,Sleep stage W
-0.649326030050771,-0.6417720268259742,-0.6407485178708922,-0.640518846630634,-0.6404149639934271,-0.710249115319356,-0.13539655833521516,-0.6529650153954496,0.5961170844993102,0.18260433580733457,-0.212836950696749,2.962626728039765,-0.2730284121959196,Sleep stage W
-0.6494923132146304,-0.6418745968492215,-0.6408498946041884,-0.6406199489803738,-0.6405155925507175,-0.7140845619296997,-0.4172943399430484,-0.6530787071660705,1.2315709693418038,-0.2495076647915539,-0.3805174295792158,2.1962812329032166,0.8361056248437485,Sleep stage W
-0.649272597122309,-0.6420079561768406,-0.6409886901071802,-0.6407600307077993,-0.6406664980376162,-0.7178325738745294,-2.1144969324178575,-0.6531784755191264,1.9285681229358551,-1.0085913323563858,1.6967737347703753,0.32383265684851786,0.8361056248437485,Sleep stage W
-0.6496174125041432,-0.6419818036961806,-0.6409576131980786,-0.6407278969259238,-0.6406342265993379,-0.7192012187415621,0.33275378702836966,-0.6532118101548763,0.9670156796378631,0.7188924399737229,-0.4303535090574072,-0.10460894321803074,-1.3821624492355877,Sleep stage W
-0.6496153137409495,-0.6419184981120062,-0.6408929083363817,-0.64066285473184,-0.6405661109398312,-0.7152420109884419,-0.24096076696599156,-0.6531108943085722,1.223453519790647,0.18004377839969168,-0.6942595960231533,0.9978673050705555,-0.2730284121959196,Sleep stage W
-0.6494448271030406,-0.6419364632038558,-0.640909779198035,-0.6406794937050403,-0.6405841531151869,-0.7115927632430621,-0.7746275417956249,-0.6530060697244613,1.0215565690548905,0.4559244302348348,0.0924710664044683,0.7585944555208486,-0.2730284121959196,Sleep stage W
-0.6493017964753041,-0.6418674216955781,-0.6408441155389585,-0.6406145438569416,-0.640516158040031,-0.7126758617849586,-0.16649288240635096,-0.6530383996788282,0.9544058438912563,0.5814465035529753,0.2780204240336891,1.4140153299019478,0.8361056248437485,Sleep stage W
-0.6491164712331133,-0.6419321034525239,-0.6409143072813432,-0.6406859551843797,-0.64059365950988,-0.7112198870128144,-0.7680281698775339,-0.6529949598698308,0.5313710306481929,0.17427437762611828,1.5592987027546232,1.7393414810840417,-0.2730284121959196,Sleep stage W
-0.649387257929569,-0.6419624598418637,-0.6409411053515118,-0.6407118393285836,-0.6406006074661129,-0.7164002793935373,1.2603866545165134,-0.653141722917612,0.7298456631799158,-0.26310030549617736,0.5796577678365961,1.6399572641754796,-0.2730284121959196,Sleep stage W
-0.6494223301972751,-0.6418523256261247,-0.6408303015128443,-0.6406008199619141,-0.6404842346797788,-0.7118320407913405,0.8051236992542635,-0.653013420769144,0.3501762678413452,-0.977101002740812,-0.20915926199954415,2.148130679226101,-0.2730284121959196,Sleep stage W
-0.6496273267155248,-0.6419766751718722,-0.6409526378941499,-0.6407226647183749,-0.6405980860545896,-0.7167870652801805,-0.7575939051009827,-0.6531516886703294,0.4142690533027014,-0.8886975642761761,-0.5039356127642017,2.324532139588986,-0.2730284121959196,Sleep stage W
-0.6495644063719738,-0.6420206376154747,-0.6409986738487014,-0.6407692772693301,-0.6406502541866629,-0.7174687629950935,1.3157795378009098,-0.6531694739827604,-0.2303935746502869,-0.4823914963451471,0.1303682739771442,1.916887941781914,0.8361056248437485,Sleep stage W
-0.6495346490327064,-0.6419209275448098,-0.6408966237634774,-0.6406667858115724,-0.6405654372262255,-0.7154268455624766,-0.5830246498923568,-0.6531159729967474,-0.1490274407894476,-0.25560801674917305,-0.3491317536067349,1.1122307196022287,0.8361056248437485,Sleep stage W
-0.649474983558478,-0.641870753952907,-0.6408484980096367,-0.6406190592011453,-0.6405104206937522,-0.7147002521921059,0.33725649899051663,-0.6530960297381521,0.02804953549838821,-0.5088787352163241,-0.3213314256956043,1.6945601225599267,-0.2730284121959196,Sleep stage W
-0.6496462577377978,-0.6420505633609042,-0.6410288667547303,-0.6407995615073843,-0.640686292230313,-0.7205854069563696,0.23479014894246802,-0.6532440414557847,0.4232769709773428,-0.9200083759007179,-0.12779252829499727,1.465879893012839,0.8361056248437485,Sleep stage W
-0.6493630275574949,-0.6418142050141005,-0.6407896988671149,-0.6405598300835632,-0.6404575158483564,-0.7073074400063241,-1.2833543283086328,-0.6528690587824721,0.15399031419694653,-0.838939643460209,-0.17662911441294987,1.3292768232191252,0.8361056248437485,Sleep stage W
-0.6494225132465289,-0.6418917321397656,-0.6408687616327562,-0.6406391993641728,-0.6405334663460915,-0.7131723774508073,-0.6073289878179807,-0.6530529427157122,0.1174657991823916,-0.8029872059548162,-0.03701972784425315,1.5899000567169628,-0.2730284121959196,Sleep stage W
-0.6490454498172662,-0.6420149940248417,-0.6409970434711969,-0.6407685807711597,-0.6406645823299754,-0.7109986893440111,-0.3251112000401568,-0.6529878587344097,0.07645568147520566,-0.879281133627659,3.1480003960889458,1.0031222397880966,0.8361056248437485,Sleep stage W
-0.6495526907699528,-0.6419192476980248,-0.6408936678279449,-0.6406635236950912,-0.6405560276181134,-0.7111060255974402,-0.015980809671121615,-0.652991452733193,-0.04329334056758316,-0.3673093387283086,-0.43690115687590114,1.1613274859130966,0.8361056248437485,Sleep stage W
-0.6495163231983496,-0.6419218888100165,-0.6408985584894831,-0.6406687810316289,-0.6405434617420418,-0.7173329256716153,1.044543169187228,-0.6531657724614911,0.212998699327761,-0.6343389907981597,-0.2636802506788386,2.630810681964734,0.8361056248437485,Sleep stage W
-0.649607694237386,-0.6420158823191529,-0.6409940369365146,-0.6407647055606036,-0.6406580811098596,-0.7195466805378262,0.2916599389334661,-0.6532200166158108,0.19695981899094533,-0.7724255405181387,-0.15581750481215254,1.4240072693282333,0.8361056248437485,Sleep stage W
-0.6493215950485071,-0.6419758550170981,-0.6409552097293204,-0.6407261544025576,-0.6406187506768737,-0.7110915603472491,0.6561894153125845,-0.6529907098153166,0.19728575874269055,-0.8845477954465438,1.0288740246839096,0.695429366807846,0.8361056248437485,Sleep stage W
-0.6493600310314703,-0.6418952399723087,-0.6408757114916197,-0.6406469069083491,-0.6405456140232006,-0.716013322043815,-0.21981175549928036,-0.6531315851438468,-0.3202141058873213,-0.3130235747824397,0.24483390930713578,1.7592355162674884,0.8361056248437485,Sleep stage W
-0.6494793717870253,-0.6419693071827149,-0.6409442413701978,-0.6407142588039579,-0.6406149243134371,-0.7108176060099268,0.9624178547912496,-0.6529823866840362,0.38232417812402164,-0.7527245649162768,0.1603309424470974,1.1813455845103467,-0.2730284121959196,Sleep stage W
-0.6491802751432357,-0.6419520473995423,-0.6409317418411281,-0.6407027744139017,-0.6406004621067857,-0.7132798538974771,-0.8362874041501792,-0.6530557880473014,0.004709051779475519,-0.46533983143338337,1.4555636984814753,1.359228148252038,0.8361056248437485,Sleep stage W
-0.649410392303367,-0.6420441532830855,-0.6410230629063529,-0.6407938153227082,-0.6406775911602504,-0.7199774345896106,0.15694712576921485,-0.6532299599913407,0.4656423566569179,-0.4551192185010656,1.3608234638535035,1.446095790028238,-0.2730284121959196,Sleep stage W
-0.6495737236660022,-0.6420548082706267,-0.641034300780067,-0.6408052543483945,-0.6406932591433314,-0.7224931419528847,-0.3007165215761294,-0.6532858670834031,1.1395793228496987,-1.3712773438654158,0.41878475679146565,0.967256776146938,0.8361056248437485,Sleep stage W
-0.6496702183957671,-0.6420414108945687,-0.6410184125083057,-0.6407887696581259,-0.6406648450598188,-0.7209192611616281,0.7352898933207852,-0.6532515478331411,0.3310068260758678,-0.832419068664976,-0.3652108120432759,1.490649695590618,-1.3821624492355877,Sleep stage W
-0.6494397294400024,-0.6419401052691678,-0.6409167174073874,-0.6406870094495217,-0.6405655658579886,-0.7169061082727239,0.09678752972248202,-0.653154940441471,0.799741240055634,-0.8792924599271233,0.16156042929009343,1.1663378306123877,0.8361056248437485,Sleep stage W
-0.6495073019424262,-0.6418413099736695,-0.6408146615086334,-0.6405842861821234,-0.6404758583842979,-0.7147376914345156,0.41239871287498575,-0.6530971454607046,0.8038167436025901,-0.8338873234762934,-0.5563278534859278,0.5015976251149845,-0.2730284121959196,Sleep stage W
-0.6495431589842263,-0.6418899423339974,-0.6408662861408128,-0.6406365432861115,-0.6405285857244998,-0.7168879214346964,1.0031183465087792,-0.6531543817889399,0.9121277382422995,-0.7440509481960677,-0.5054915344754911,1.1589126172856923,0.8361056248437485,Sleep stage W
-0.6493881790617422,-0.6418711249012623,-0.6408478149405574,-0.6406180814423873,-0.6405004022159985,-0.7157067806150549,0.6910943985776351,-0.6531233063172919,1.7397083767141557,-1.5836923146525015,-0.012535459491642092,1.7041171079972002,-0.2730284121959196,Sleep stage W
-0.6497161184119549,-0.6420159213239653,-0.6409920236983832,-0.640762105316703,-0.6406381993025819,-0.7216390677561753,0.34005765169982116,-0.6532675709870681,1.451493045933733,-1.221051376792703,-0.7887952999078656,1.2281340964467657,-0.2730284121959196,Sleep stage W
-0.6496463199219921,-0.6418986542649328,-0.6408696179231897,-0.6406385829757636,-0.6405119527747234,-0.7118630982176888,0.6990687036597146,-0.65301420401519,1.4969146488330975,-1.2168057222480675,-0.8892594425268912,1.6980850960163998,-1.3821624492355877,Sleep stage W
-0.6495928416685148,-0.6419926725262632,-0.6409698949883937,-0.6407403012774062,-0.640624929064889,-0.7153492543432648,1.4060178879173633,-0.6531136783183952,0.6398938460705503,-1.0779039307427951,-0.23412583676471277,1.6204291533466841,-1.3821624492356026,Sleep stage W
-0.6495096910695649,-0.6419682335165754,-0.6409470903978465,-0.640717812906148,-0.6405972944990235,-0.7183982533599675,-0.36172158038496915,-0.6531923150152222,0.7964590951100124,-1.0951497023207704,0.04006952984967239,1.778361807454537,-0.2730284121959196,Sleep stage W
-0.6494419534206187,-0.6419742898592053,-0.6409522200338778,-0.640722786188338,-0.6406091133145925,-0.7152972526940977,0.7855366956842312,-0.6531121400862314,0.6129095161863517,-1.1267267736859345,0.40525620808737695,1.430404117060838,-1.3821624492355877,Sleep stage W
-0.6494586848693176,-0.6419307345478859,-0.6409090260424808,-0.6406796711936376,-0.6405681493121475,-0.7136333096894952,-0.12814438537731643,-0.6530659558479995,1.2402664718250012,-1.516236280401914,0.03527593174477402,0.7074432804002295,-0.2730284121959196,Sleep stage W
-0.6495579904423531,-0.6419159537523483,-0.6408904471117466,-0.6406602926565087,-0.6405502286607409,-0.7140111244651612,-2.242919508013659,-0.6530766817956568,0.5531519116857662,-0.7728143244188862,-0.47152135585752236,1.0379315672567473,0.8361056248437485,Sleep stage W
-0.6496125355055307,-0.6420002369860546,-0.6409762606049877,-0.640746423692511,-0.6406324237775437,-0.7205286532199698,-0.5119480753894983,-0.6532427020059065,0.980378758020202,-1.3140015210479719,-0.3011777620987468,0.7408333197006173,0.8361056248437485,Sleep stage W
-0.6493530640332493,-0.6418350759335566,-0.6408102286084241,-0.6405801492836053,-0.6404636680317544,-0.7063474518818855,-0.626893405842444,-0.6528361803898501,0.8756201816852567,-1.209283274828045,-0.06257405306675994,0.9921887739754708,0.8361056248437485,Sleep stage W
-0.6492999970936241,-0.6419956160105358,-0.6409756445377363,-0.640746709665981,-0.640641752649861,-0.7145432908489089,0.6877328080816955,-0.653091842107215,0.4639003360344731,-0.7829895757461712,1.3714529914702838,1.3142358189609895,-1.3821624492355877,Sleep stage W
-0.6496168750752926,-0.6419843746278362,-0.6409624278530216,-0.6407331290544075,-0.640628431359541,-0.7208211312763206,-0.8876352118095352,-0.6532494782512824,0.34167125406879506,-0.8703924480254911,-0.39975936689043695,0.4915520862272063,-0.2730284121959196,Sleep stage W
-0.6496641905292236,-0.6419966419308909,-0.6409730724416499,-0.6407433376725764,-0.6406320797712561,-0.7151954150837674,1.8039762274724156,-0.6531096596955527,0.5662264902368238,-0.6905702584022033,-0.5922956244670154,1.5209732779853242,-1.3821624492355877,Sleep stage W
-0.6496239548407337,-0.6419785484707115,-0.6409547335540589,-0.6407250047511742,-0.6406184793629621,-0.7192941521266276,0.7930922119332451,-0.6532140759466328,0.7430579952138561,-0.8213701487681905,-0.47692556037217226,0.6677293489281824,-0.2730284121959196,Sleep stage W
-0.6496737097243134,-0.6419903823486106,-0.6409681288206939,-0.6407385939808431,-0.6406171838341131,-0.7209505034633742,0.6276824134342265,-0.6532522977192717,1.2080286252834673,-1.1132142113566952,-0.6638728753124296,1.5033664150844765,-1.8007981606282735,Sleep stage W
-0.6495402064363253,-0.6419506154909335,-0.6409277741576719,-0.6406982023515161,-0.6405864897921582,-0.7172698195492031,1.2908613450644342,-0.6531641957256424,0.15728382009646075,-0.4307505115302591,-0.21922138423673915,1.7289068204143037,0.8361056248437485,Sleep stage W
-0.649511067182757,-0.6419562628635036,-0.6409340180501902,-0.6407045057783268,-0.6405880288085632,-0.7163129268431402,0.0244528088829664,-0.6531394767633707,0.41529068065669206,-0.8348777821738,-0.050111056243129795,2.2373283828066937,-0.2730284121959196,Sleep stage W
-0.6494355303947243,-0.6419002773964139,-0.6408788487017986,-0.6406494763082885,-0.6405274844313663,-0.7069388840527228,-1.1805172557505632,-0.652856422423857,0.08438234111297681,-0.5018629274088116,-0.03451497558163118,2.089380000100571,0.8361056248437485,Sleep stage W
-0.6490062632737806,-0.6416925759015772,-0.6406736929803051,-0.6404450202700464,-0.6403420795865498,-0.7006052893731459,-2.2093564844700198,-0.652623688866197,-0.07919825009042283,-0.204004085368453,0.3673412718652203,0.8456990835170877,-0.2730284121959196,Sleep stage W
-0.6494665506457051,-0.6419556189934074,-0.6409329744778105,-0.6407035720521789,-0.6406087521065243,-0.7178225674016799,-1.1307072000991139,-0.6531780836889168,-0.16611835314779766,-0.06434780735511392,0.1476995349104422,-0.005804434341986094,-0.2730284121959196,Sleep stage W
-0.6493738760265805,-0.6419016270286233,-0.6408792633585431,-0.6406498975965859,-0.6405544222880097,-0.711474533714208,1.1654469453351302,-0.6530025757088125,0.4253224619965894,-0.824247482130733,0.20783702655949657,0.26459808572972776,0.8361056248437485,Sleep stage W
-0.6495363099197254,-0.6419998089596962,-0.6409794795462291,-0.6407502183993771,-0.6406050790210849,-0.7183825667846674,1.4651261570904506,-0.653191888850832,1.2687251979757461,-1.162696965893065,0.1367508146343036,2.3364808397174235,-0.2730284121959196,Sleep stage W
-0.6493567513649089,-0.6419632500275969,-0.640944792366091,-0.6407162137591471,-0.640610027153887,-0.7173604058948616,1.6467242148367904,-0.6531665839938816,0.7339193313692669,-0.6410117782619302,0.7619653892579117,0.20848714546144387,0.8361056248437485,Sleep stage W
-0.6492716469380407,-0.6419110232739466,-0.6408917777374226,-0.6406630429383526,-0.640554652689419,-0.71236149244558,1.0227747060585677,-0.653029101925589,0.4537865130489916,-0.29877310881257035,0.7026959475072883,0.5207382572919768,-0.2730284121959196,Sleep stage W
-0.6495440998756247,-0.6419016748521613,-0.6408770193545164,-0.6406472038815152,-0.6405547893225301,-0.7123042130839874,0.48008326319622424,-0.6530273342560868,-0.06285438712330321,0.13832099688197091,-0.46918296645546714,0.44543909662322156,-0.2730284121959196,Sleep stage W
-0.6495755144576351,-0.6420456902790099,-0.6410252734877272,-0.6407962934802636,-0.6406898129831795,-0.7208367836262318,1.338174157858959,-0.6532497238378235,0.2388865462624766,-0.5615103968360557,0.3103161073013029,0.7644414788533184,0.8361056248437485,Sleep stage W
-0.649556736708183,-0.642014367283684,-0.6409927745257129,-0.6407636168502396,-0.6406694750721409,-0.7212289085389764,0.9152450729213623,-0.6532583481946781,-0.26884932654966504,-0.10958627973271978,0.12659476785705212,0.1320376084818553,-0.2730284121959196,Sleep stage W
-0.6493917574821493,-0.6419291298881643,-0.6409068236822592,-0.6406775063438147,-0.6405817087516308,-0.7153635251018675,0.02579524893542568,-0.6531140011306908,-0.2218875697427852,-0.38608336331259896,0.3054220504417908,0.19775924292084604,0.8361056248437485,Sleep stage W
-0.6496854466543959,-0.6420326425945225,-0.6410098710204879,-0.6407803591048558,-0.640667637173612,-0.7238517353301275,0.7007105452062826,-0.6533136072796542,0.10545897639076376,-0.9180069957015442,-0.5146158307068706,0.8045181687171953,0.8361056248437485,Sleep stage W
-0.6495924309568585,-0.6419006682487486,-0.6408746117556922,-0.6406445017347583,-0.640552690859386,-0.7133672592065794,0.3137883263071675,-0.6530584074429844,-0.2898156352950569,-0.044956873193035186,-0.6660607908225007,0.2882775917384002,0.8361056248437485,Sleep stage W
-0.6492528205664422,-0.6418620818951363,-0.6408384264656888,-0.6406086612566486,-0.6404955438463852,-0.7091568640581967,0.18538687499977413,-0.652929797717744,1.2830525586482653,-0.9536641837475367,0.4190384129510983,1.9066549238804313,-0.2730284121959196,Sleep stage W
-0.649647055020197,-0.64194970788915,-0.6409253421403988,-0.6406955434502876,-0.6405964915460641,-0.7180908065261469,-0.2279097804069263,-0.6531849332296988,0.5913336438115079,-0.709565685227699,-0.7125464096489237,0.30587010911790924,0.8361056248437485,Sleep stage W
-0.6497787847121883,-0.6420125118105161,-0.6409872974351578,-0.6407573285101457,-0.6406575678044152,-0.724180485137655,-0.4331780649432597,-0.6533200867294522,1.0518502265937921,-0.9495248272640432,-1.159521610777735,-0.24569889084424276,-1.3821624492355877,Sleep stage W
-0.6494777606946045,-0.6419627225604396,-0.640940130602609,-0.6407107813917698,-0.6406192685287476,-0.7185018575013448,-0.5113657220979289,-0.6531948645885068,0.5560037630239113,-0.29154215647702514,0.1435183562312626,-0.6812954596631111,-1.3821624492355877,Sleep stage W
-0.6495072435820772,-0.6419288919907872,-0.640903673679444,-0.6406737509042068,-0.6405831926112138,-0.7097767230414783,-0.941263192659676,-0.6529498014463265,0.5353425715307039,-0.1070337102083861,-0.20311932977837655,-0.662858411745063,-0.2730284121959196,Sleep stage W
-0.6495907058761545,-0.641898773464396,-0.6408723251231778,-0.6406421318395363,-0.6405492046827155,-0.7124974770851348,-0.528951893702608,-0.6530331500786573,0.6216191274211796,-0.43467953623462285,-0.6673304670427485,-0.4690927490192187,-1.3821624492355877,Sleep stage W
-0.6495284906794008,-0.6420157641552064,-0.6409942223316845,-0.6407651152247428,-0.6406752977157071,-0.7194307800257153,1.0820065735205493,-0.6532173054039232,0.0755802586659449,1.2710996547465345,0.30071898988872353,-0.5689963054494971,-0.2730284121959196,Sleep stage W
-0.6496204095026706,-0.6419877668793716,-0.6409627628236986,-0.6407328709783848,-0.6406382860774013,-0.715727401716669,0.8697855994434812,-0.6531239986470164,0.5210054371569122,-0.056261389787806586,-0.4195178091813212,-0.5074995871071695,0.8361056248437485,Sleep stage W
-0.6497037810690927,-0.6420230056333969,-0.6410000896574332,-0.6407706902882742,-0.6406805960685179,-0.725145049590589,-0.21381956618633702,-0.6533386780129001,0.7070351287388076,-0.7707313934673387,-0.6784502969636226,-0.6696047146800617,0.8361056248437485,Sleep stage W
-0.6494718632198306,-0.641899762511321,-0.6408759962954449,-0.640646311645827,-0.6405394754048377,-0.7174723024530044,0.2707392342944383,-0.6531693541742201,0.4578405712163439,-0.5379831539066223,-0.19242546736864197,0.684973920003449,0.8361056248437485,Sleep stage W
-0.6494990912706565,-0.6419189900763632,-0.6408945091128212,-0.6406647308278179,-0.6405716098936783,-0.7129749106555278,1.0344269204186967,-0.6530468948246855,0.4775758164336647,-0.0027578226662171327,-0.21362644153026508,-0.15034446541579746,0.8361056248437485,Sleep stage W
-0.6494692671671287,-0.6419859248218361,-0.6409662531166556,-0.6407374317295041,-0.640633616183915,-0.7216127946113523,0.28783324333908356,-0.6532669150768122,1.4659825909162871,-1.090084718026374,0.38619575410467843,0.953512384729131,0.8361056248437485,Sleep stage W
-0.6494272639076918,-0.6419534020394365,-0.6409303101206878,-0.6407008205396387,-0.6406060344844969,-0.7111629368169553,0.8955497519046842,-0.6529929144976873,0.6836959172822902,-0.33489512685984996,0.30850660342596514,-0.18047600600068478,0.8361056248437485,Sleep stage W
-0.6490772918259374,-0.6419362067952263,-0.6409167149884323,-0.640687955098561,-0.6405885394814416,-0.7111104545248508,0.049549649387474096,-0.6529913878433388,0.7634293750612254,0.17245402026848172,1.7523692197797753,0.05917478080164501,0.8361056248437485,Sleep stage W
-0.6496364111002537,-0.6419818505517885,-0.6409574429114103,-0.6407276025569213,-0.6406196260876424,-0.7194267536549327,1.7081362284721533,-0.6532171693164276,0.8516929682195231,-0.4640213432561436,-0.5261830053721429,0.4797727856860382,-1.3821624492355877,Sleep stage W
-0.6494949827748605,-0.6419455075287801,-0.6409242140297382,-0.6406947383469532,-0.6405455645638407,-0.715977033459988,-0.9571184790614977,-0.6531307082915531,1.8772695685112206,-1.4283340379748353,-0.033998773385419574,1.9333092492570811,-0.2730284121959196,Sleep stage W
-0.649422153761626,-0.641873180322334,-0.6408489051373017,-0.6406190092254007,-0.6404956341880931,-0.7081254533121286,0.10119532552872813,-0.6528963251214354,0.9731423939250065,-1.0158504092115221,-0.13088317396180724,0.6948148730415061,0.8361056248437485,Sleep stage W
-0.6494722325365762,-0.6419544317642684,-0.6409301552993184,-0.6407004146164955,-0.6406071981232531,-0.7093980679883486,0.7001703794105056,-0.6529377008770945,0.3559052490634276,-0.21516350341531632,0.10102107526289708,0.18576671845888953,0.8361056248437485,Sleep stage W
-0.6494090412375338,-0.6419741631822842,-0.6409520115390036,-0.640722757699624,-0.6406318976793949,-0.7134927605548433,-1.3854964240576175,-0.6530619281512592,-0.1966905582825987,0.5908856334899506,0.5647140845100765,0.10124049565343346,0.8361056248437485,Sleep stage W
-0.6494427032757708,-0.6419451122504596,-0.6409218397061724,-0.6406922901834681,-0.6405949844141111,-0.717145161009988,0.23625730333095663,-0.6531608433544819,0.9452808592031741,-0.7450034117638908,0.1814078080873209,-0.24546449245809546,-0.2730284121959196,Sleep stage W
-0.6495284353711411,-0.6420280774023313,-0.6410043036123918,-0.6407745318153079,-0.640664985406932,-0.7175775896669166,0.4664354251565755,-0.6531718889724066,0.8162624086152243,-0.31326648770238513,0.3898420419179602,0.23996599587447476,0.8361056248437485,Sleep stage W
-0.6496116876617537,-0.6419144529391917,-0.6408900891946715,-0.6406603428743182,-0.640566867814503,-0.7176346617923992,-0.2568791332273717,-0.6531734199505053,0.25855619689764847,-0.2759300583142972,-0.6883647566771752,-0.2738952914636164,0.8361056248437485,Sleep stage W
-0.6495242779699545,-0.6419514710988958,-0.6409299629240404,-0.6407008038818703,-0.6406062264435697,-0.718489077448305,0.607234063580161,-0.6531948027454522,0.7227693857977624,-0.2823590033389059,-0.1333961932925561,0.48958563405541167,0.8361056248437485,Sleep stage W
-0.6493258295694265,-0.6419704831092965,-0.6409497974247536,-0.6407205510670635,-0.6405810384755029,-0.7149153267231225,0.020369765413369097,-0.6531020134186287,0.8766086451004341,-0.3521647278926981,0.953819096071661,1.6277633818946147,0.8361056248437485,Sleep stage W
-0.649159414185548,-0.6418824956185423,-0.6408643357614136,-0.6406359117960996,-0.6405438120978848,-0.7120701276437713,-0.35060529388990563,-0.6530204754424285,0.020305783885743802,0.8645377309887746,0.9375981615448797,0.16218986351792403,0.8361056248437485,Sleep stage W
-0.6494964485251993,-0.6420304264630545,-0.6410086757339021,-0.6407794821986643,-0.6406863748343617,-0.7189916733992723,0.26590815540554735,-0.6532068474480741,0.4204235772263441,-0.04799288439705954,0.6322603651552151,0.6738681541202943,-0.2730284121959196,Sleep stage W
-0.6497166613014084,-0.642078988424374,-0.6410573090599176,-0.6408281785561182,-0.6407381818295982,-0.7266229880516378,1.849018981970463,-0.6533656831887382,0.25592662646726366,-0.41505923923080146,-0.39761763704383196,-0.7098999299787113,-0.2730284121959196,Sleep stage W
-0.6494660149838156,-0.6419389229243095,-0.6409163430026785,-0.6406868720659183,-0.6405804988668752,-0.7156863616121469,-0.23285386506494388,-0.6531230583517521,0.14453796706091282,-0.2721457517701266,0.04559155690664646,0.44582814793592096,0.8361056248437485,Sleep stage W
-0.649412900814592,-0.6418792754004601,-0.640855950566399,-0.6406263294091636,-0.6405177304104912,-0.7141776157490323,0.720194133990475,-0.6530814162443594,0.9322737875845084,-0.36406058430776483,-0.06372049797780245,0.8749146350288215,0.8361056248437485,Sleep stage W
-0.6496580774547656,-0.6419811448995869,-0.640955887915814,-0.6407259156735186,-0.6406284332898426,-0.7201912391391508,1.7626431541685394,-0.653235016847369,0.6437981594991162,-0.3138898396458068,-0.6418664336923985,0.3277009281015811,-0.2730284121959196,Sleep stage W
-0.6494524071277731,-0.6419295037922881,-0.6409050532654357,-0.6406748946164075,-0.6405305936297392,-0.7073359478172871,0.7207027339266867,-0.652869940124128,1.0508933251816872,-0.5121479833941165,0.035626216573935963,2.9485735337696335,-0.2730284121959196,Sleep stage W
-0.6494568686475894,-0.6420204885698303,-0.6409982839185348,-0.640768866072198,-0.6406590957209233,-0.7197604488745666,0.0350971694065864,-0.6532252070164882,0.02310101715764949,-0.09841342819880439,0.754164597603778,1.3214443347717841,0.8361056248437485,Sleep stage W
-0.6494232254299162,-0.6418393083709363,-0.6408152373155023,-0.6405855245911244,-0.6404901054371372,-0.7121295406985069,0.3523455913742413,-0.6530223313996166,-0.020129285014019938,0.5469891110501525,-0.2733863786764667,1.4312701168042945,-1.3821624492355877,Sleep stage W
-0.649516842088425,-0.6419805773605223,-0.640957723291903,-0.6407281857058063,-0.6406190100358755,-0.7148583788314695,0.2822693687911253,-0.6531003792656468,0.675878513403654,-0.44682446542095083,0.07432750217652195,1.0794000339388652,0.8361056248437485,Sleep stage W
-0.6491740626869072,-0.6417426760780338,-0.6407173674190464,-0.6404873714848311,-0.64039196035802,-0.7068462424171693,-1.0743547714165707,-0.6528531194842718,0.6175387361564418,0.4667545958619992,0.09644034757417426,0.7420320838249691,0.8361056248437485,Sleep stage W
-0.6493689908670284,-0.6417492373026608,-0.6407229680925983,-0.6404927416871711,-0.6403960338898126,-0.7096980412389978,-0.6751552425042977,-0.6529475328971382,0.3182173334744352,0.27437396911088896,-0.41474450746625785,1.978840531378469,0.8361056248437485,Sleep stage W
-0.6496488050549165,-0.6420156479014999,-0.6409925149385216,-0.6407629798117311,-0.6406646120179013,-0.7208903510256542,-0.2668731555439776,-0.6532510982783544,1.2330995864671455,0.11017503466927542,-0.40254183602416943,1.1764361550193374,0.8361056248437485,Sleep stage W
-0.6492464852171573,-0.6419499605685294,-0.6409273988780909,-0.6406980155192226,-0.6406017824358847,-0.7138667108595897,0.21344097744046459,-0.6530725960934206,1.1996746694543658,0.5774134437342019,1.1049500511216541,-0.3175700188239792,-0.2730284121959196,Sleep stage W
-0.6494275145893982,-0.6419444518628461,-0.6409235605939372,-0.6406945635794596,-0.640602412553641,-0.71600348553861,-0.321615786294971,-0.653131247913045,0.7193466072170018,0.1308619006609783,0.26390755221687145,0.463646607312554,0.8361056248437485,Sleep stage W
-0.6494144896923298,-0.6420621906648669,-0.6410413527749688,-0.6408123719681931,-0.6407174989041905,-0.721368074629984,0.021987777711422178,-0.653261462970236,1.4522276436695358,0.14108774361943366,1.6310474532819177,-0.43800024000130316,0.8361056248437485,Sleep stage W
-0.6494284080390107,-0.6419692867284693,-0.6409473397364109,-0.6407180885958311,-0.6406217877980394,-0.7163496976672866,-0.1989096725997964,-0.6531404113646718,1.0248622782601706,1.4642974148780101,0.4325440584828524,-0.22332024688843016,-0.2730284121959196,Sleep stage W
-0.6496616844294337,-0.6420531678082231,-0.6410308598244654,-0.6408015549275576,-0.6407063672817565,-0.7263915724404301,1.1951536800471152,-0.6533615381324416,1.3878581330364508,0.425631655070961,-0.21617884501455767,-0.2322838967929644,-1.3821624492355877,Sleep stage W
-0.6497054107569964,-0.6420186350210502,-0.6409954419316075,-0.6407659273838161,-0.6406695648047558,-0.7225406043108241,1.1908966582544518,-0.6532866762990547,1.1436133656212994,0.6571549878303306,-0.7111042482175248,-0.17366221986477615,-1.3821624492355877,Sleep stage W
-0.6494917566054744,-0.64202802618384,-0.6410068113123054,-0.6407777400982818,-0.6406838751463629,-0.7208777777500768,-0.6714432594085669,-0.6532505649340614,1.0913024458271734,0.33746965982437344,0.6417716323591882,-0.03314546006107135,-1.3821624492355877,Sleep stage W
-0.6496311503228104,-0.6419787533214123,-0.6409551411328752,-0.6407255664511443,-0.6406342335763425,-0.7191788708669228,-0.7227669090410812,-0.6532113058088749,0.8950616563273801,0.10408732904659596,-0.5102896420954389,0.4800972065460577,0.8361056248437485,Sleep stage W
-0.6495825033154281,-0.6419972004142267,-0.6409722977200923,-0.6407424234122749,-0.640650555112399,-0.715361830730198,-1.80155758138129,-0.6531140167949473,0.5438025950753035,0.23715032158236965,-0.16786385967068954,0.47235033505836027,-0.2730284121959196,Sleep stage W
-0.6496428140636274,-0.6419438165662359,-0.6409192858833012,-0.6406894909321476,-0.6405938481449222,-0.7184926268675289,-0.2335280035472807,-0.6531947031915948,1.3435148309729645,0.5141773194502173,-0.7162085235049059,-0.11194272421918729,-0.2730284121959196,Sleep stage W
-0.6494989989426422,-0.6420238739431228,-0.6410026378133742,-0.6407735439405118,-0.6406773140585181,-0.7174105338380743,0.8630120222105037,-0.6531677108015058,1.3387351678008392,0.5262073591145382,0.5542005269574742,0.065094860752654,-0.2730284121959196,Sleep stage W
-0.649546260481839,-0.6419973776805648,-0.6409742619807536,-0.64074478446836,-0.6406495490034891,-0.7197148602905831,0.9207095818182518,-0.6532237724588754,1.365682267393529,0.8361219676042583,0.039648603195777676,-0.49604671428134955,-1.3821624492355877,Sleep stage W
-0.6496579923236195,-0.6420514584629564,-0.6410299082458969,-0.6408007670394441,-0.6407051755973856,-0.722867826959203,0.676932717773787,-0.6532935295663594,1.3106850952196987,0.24953674291647018,-0.19768384814307915,-0.41907405048822083,-0.2730284121959196,Sleep stage W
-0.6495560102056939,-0.642035713021191,-0.6410137903772458,-0.6407845690085282,-0.640690028118107,-0.7149127656189073,0.2892532751797087,-0.6531017332047837,1.1526199466494078,0.7128328355171323,0.3173654102815346,-0.05923949424928524,-0.2730284121959196,Sleep stage W
-0.6493898151251832,-0.6419475548914844,-0.6409261818972373,-0.6406970567745865,-0.6406000233054207,-0.7077529836114733,1.1821959962698578,-0.6528837430922344,1.2517438392396683,0.8201170083971576,0.45077004870100656,-0.3451268900186037,-0.2730284121959196,Sleep stage W
-0.6495479726310749,-0.6419298967733453,-0.6409074802270706,-0.6406781274558024,-0.6405814228868038,-0.7144331480294811,0.4871925007794964,-0.6530885337605485,1.2291122666304808,0.8991238671797978,-0.353602008313841,-0.44515941486160315,0.8361056248437485,Sleep stage W
-0.6492984150095324,-0.6418277649700921,-0.6408026481915471,-0.6405727112552907,-0.6404774799023998,-0.7097338295804075,-0.8680601019344893,-0.6529482648565075,1.353834550246634,1.0844979455804542,0.08185054318432687,-0.24664608312702832,-1.3821624492355877,Sleep stage W
-0.6496512293006083,-0.6419802565456775,-0.6409573340119739,-0.6407278879039893,-0.6406324393730238,-0.716873122070202,0.15520942112156733,-0.6531539310108386,1.3098581455051435,0.771055772574936,-0.5990974935536578,-0.2865071765817892,0.8361056248437485,Sleep stage W
-0.6496722648194865,-0.6420002908035698,-0.6409764554762118,-0.6407468166722698,-0.640651490429289,-0.7182621706150908,-0.5497752800182997,-0.6531889340674029,1.4431311094992438,0.2256244745654914,-0.6191840733610786,-0.21763648801461893,-0.2730284121959196,Sleep stage W
-0.6493006613877363,-0.6419092104378514,-0.6408900019551595,-0.6406613542472338,-0.6405661868603617,-0.7139062098654716,0.6508967694349704,-0.6530736747063299,1.0965338906859887,0.9939116703234121,0.5723199503450506,-0.030887860805011554,0.8361056248437485,Sleep stage W
-0.6492415648666133,-0.641862081674295,-0.640839356573252,-0.6406099421302358,-0.640514869115971,-0.7068274118901005,0.7098222303362638,-0.6528523710797495,1.3477027259099275,0.4553907516707274,0.465108534383381,-0.5523606240214917,0.8361056248437485,Sleep stage W
-0.6493399779169062,-0.6419923933249336,-0.6409726234598752,-0.6407438490726387,-0.6406491549521205,-0.7189753551050987,-0.4617320736272895,-0.6532065049766682,0.6488256176231415,0.8711789220871861,1.1238097386651915,0.8296114178882263,0.8361056248437485,Sleep stage W
-0.6496207929412795,-0.6420041650179168,-0.6409811180227739,-0.6407516404256907,-0.6406575533047101,-0.719091813934264,-1.347892492833134,-0.653209309256896,0.4981927553298796,0.2771181138802338,-0.31521561048074404,0.41880438550332955,0.8361056248437485,Sleep stage W
-0.6495386664858969,-0.6418347944231605,-0.6408059757104616,-0.640575239769876,-0.640479887959449,-0.7080910051065217,0.7589649286821286,-0.6528950197324551,1.006844202445708,0.6365205331112815,-0.6861597243477422,-0.401050607738562,0.8361056248437485,Sleep stage W
-0.6496442900594914,-0.6420366640527169,-0.6410142076864104,-0.6407848884656152,-0.6406926682910884,-0.7241692947590419,-0.04408012067232555,-0.65331997858158,1.2066122388284417,-0.3191559804620172,-0.23087744593542378,-0.009312985908725977,0.8361056248437485,Sleep stage W
-0.6494955354871573,-0.6420024831371174,-0.6409807339724753,-0.6407515681706105,-0.6406601671559324,-0.7205647748583356,-0.3437256811412584,-0.653243453512415,0.6678514636252769,0.1881899419699767,0.3660123272933318,-0.47197633767022223,0.8361056248437485,Sleep stage W
-0.6496189655371792,-0.6420061301136558,-0.6409833177092998,-0.6407539279849532,-0.6406628726613489,-0.7214538918663791,1.2614283394277281,-0.6532634638477202,0.8873163713488305,-0.13022426139264093,-0.2914096970799491,-0.6646588334457308,0.8361056248437485,Sleep stage W
-0.6494388715479942,-0.6419576326824256,-0.6409364926485516,-0.6407074579844911,-0.6406161357791715,-0.719956776504816,0.5291887512451183,-0.6532295343102528,0.38986012301489903,0.5208338204646534,0.30236639216641514,0.23345362606631376,0.8361056248437485,Sleep stage W
-0.6495259439174238,-0.6420202812594905,-0.6409966422986724,-0.6407670540731744,-0.6406756829113969,-0.7148402217025162,0.4294877035113112,-0.6530998163930665,0.7384831875643337,0.4562249395862423,0.3330826716629735,0.3492253295000645,-1.3821624492355877,Sleep stage W
-0.6493959720675057,-0.642036655517471,-0.6410160032137532,-0.6407870629289648,-0.6406932831705149,-0.7211195205889394,-0.17890492830651497,-0.6532559450418975,1.293112807520276,0.27165100955103555,1.350810198902324,-0.14495486922501116,-2.9099321976679566,Sleep stage W
-0.6494436119209995,-0.6418432231072151,-0.6408166758635773,-0.6405864226264237,-0.6404899530886641,-0.706574948181349,-0.3126671819447891,-0.6528436779135083,1.407164582266973,0.34327546030666933,-0.3379225098341573,-0.054959691736183224,0.8361056248437485,Sleep stage W
-0.6495419535017091,-0.6419485198652014,-0.6409245502406123,-0.6406948658621207,-0.6405970916214975,-0.7152190689005723,0.553892406343735,-0.6531102096862815,1.6856341094236504,0.043055602688479584,-0.24541984266394226,-0.3295115728726716,0.8361056248437485,Sleep stage W
-0.649139849221743,-0.6418468617286621,-0.6408229269507985,-0.6405932601261641,-0.6405014007219859,-0.708926447112098,-1.9025911385878327,-0.6529223837482093,0.863012455749433,0.08660139745149467,0.71533577833681,0.5872440878386282,-0.2730284121959196,Sleep stage W
-0.6493514496910978,-0.6419401660737446,-0.6409165916036935,-0.6406870021147968,-0.6405935021123306,-0.7125532612915021,-1.382147864391733,-0.6530346600996485,1.0883760506300995,-0.03300051919808775,0.5454743255910196,0.7658000126617265,0.8361056248437485,Sleep stage W
-0.6492712771727016,-0.6420058569686197,-0.640986502213328,-0.6407578253446858,-0.6406640298021264,-0.7176618394853987,-1.114367860113983,-0.6531741773840539,0.9967582673072714,0.009247870842952218,1.6730598273449726,0.7152573554880807,0.8361056248437485,Sleep stage W
-0.6495000918411691,-0.6419809392034685,-0.6409596318418744,-0.6407305031736199,-0.640633564206335,-0.7136856231182629,1.2301712471101531,-0.6530676641614895,0.0317960418805835,0.7991941578304513,0.17434714920843014,1.1468151359366003,0.8361056248437485,Sleep stage W
-0.6493227813277417,-0.6418609214594829,-0.6408386121718094,-0.6406092837159055,-0.6405138784598844,-0.7116744658471571,0.6217783725916043,-0.6530086965794767,0.11587553938053416,0.7625792281348989,0.17557730344626915,0.42367614386190544,-1.3821624492355877,Sleep stage W
-0.6495552108845503,-0.641927592088469,-0.640903733428585,-0.6406741068329203,-0.6405833861411688,-0.7172894054247589,-1.9482006609087397,-0.653164615805132,-0.23140785524628407,-0.02953234616314726,-0.4024254840239169,0.23123148931465212,-0.2730284121959196,Sleep stage W
-0.6492596693190482,-0.6420043850029079,-0.6409816775763717,-0.6407522989219396,-0.6406618678008549,-0.7114285256130456,-0.4106047392196237,-0.6530010786024838,0.625129539210705,-0.1284537320914167,1.6599219098264095,-0.07385422344981875,0.8361056248437485,Sleep stage W
-0.6493808392502625,-0.641942615843172,-0.6409217702012703,-0.640692806631664,-0.6406029304649898,-0.7164215348394329,-1.1629235600224557,-0.6531421793157991,0.5648640744165769,-0.25265864472990696,0.4591677794727786,0.2920525939837885,0.8361056248437485,Sleep stage W
-0.6496857864652807,-0.642032825379727,-0.6410102636363172,-0.6407809173261423,-0.640689545470275,-0.7215030897154443,-1.024793573578489,-0.6532644906556657,0.5233313898851082,-0.12423953383496138,-0.5141000731930938,0.304724863770884,-2.491296486275256,Sleep stage W
-0.6494727765481163,-0.641970086165148,-0.6409470427145285,-0.640717603805251,-0.6406276534863894,-0.7166170117441312,-0.3040985043430502,-0.6531474426591086,0.29247585849147784,-0.212958095722557,0.21474380294277173,0.021736471614628747,-0.2730284121959196,Sleep stage W
-0.6493963138269399,-0.6419007821405477,-0.6408793291438849,-0.6406502238799959,-0.6405598430025397,-0.7124740271631228,-1.105631862609306,-0.6530323983254056,0.3514902268267553,0.6368913872697267,0.12155353033338634,0.1775740800961437,-1.3821624492355877,Sleep stage W
-0.6493434937734176,-0.6420020060210206,-0.6409800862275392,-0.6407508162836644,-0.640655094306198,-0.7161553862212887,-0.2385667710010893,-0.6531353502064883,1.4289274234506764,-0.5620052546403944,1.1856253963540533,0.2834284358898035,-0.2730284121959196,Sleep stage W
-0.6494983120120069,-0.6420015568843654,-0.6409820569669086,-0.640753369008482,-0.6406587109850467,-0.7221155377085448,0.3887365402335927,-0.653277763589835,1.3678404588340258,-0.1104556191849211,0.3666980088472364,-0.03881851110694729,0.8361056248437485,Sleep stage W
-0.649587907606281,-0.6419870044524459,-0.6409628241228824,-0.6407330830371015,-0.640634261198629,-0.7181753892787478,1.1387785652378184,-0.6531869587114828,1.406728018184956,0.6125661254945386,-0.2530375704408225,-0.13312494425213897,-0.2730284121959196,Sleep stage W
-0.6495400074993359,-0.6420127530741638,-0.6409891984063291,-0.6407595968163416,-0.6406624476687123,-0.7168963787729237,0.3578650087550874,-0.6531547772332477,1.3797789089716195,0.11439888701074594,0.18852822218180743,0.2195101847031807,0.8361056248437485,Sleep stage W
-0.6493500804267591,-0.6417709596625578,-0.6407443484775664,-0.6405140820243587,-0.6404157699245323,-0.7117871425873881,0.024573493163264327,-0.6530119200602603,1.0741610615535855,0.787939150514614,-0.29767717725927734,0.3288272959601279,0.8361056248437485,Sleep stage W
-0.6496125772711228,-0.6419380407494973,-0.6409121623935654,-0.6406820129903609,-0.640578271228144,-0.7153839904183874,-0.12590144359240785,-0.6531147445285398,1.1139973076394416,0.7117041716380851,-0.6127745794400495,0.653798520019382,0.8361056248437485,Sleep stage W
-0.6493836628468377,-0.6417593211670855,-0.6407326647591827,-0.6405023516549263,-0.6404050905510917,-0.7091028245165322,-1.0056042714861495,-0.6529285511270821,1.1350390626985563,0.039703451190229166,-0.42767177288898783,1.3702627619305205,0.8361056248437485,Sleep stage W
-0.6494803098709648,-0.6419979381586169,-0.6409746878592462,-0.640745161604133,-0.6406496352250028,-0.7184428372314412,0.07419757393463453,-0.6531933661136746,1.1291231594854805,0.3407085859847304,0.3929738915686846,0.1931378218481341,-1.3821624492355877,Sleep stage W
-0.6493757207589147,-0.641890907868126,-0.6408674762724316,-0.6406379264755915,-0.640544829436214,-0.7138672607657061,0.38070055665541497,-0.653072597589401,1.069727463655498,0.7876482107149466,0.1333526450844394,-0.3337290124458061,0.8361056248437485,Sleep stage W
-0.6495863887832045,-0.641978013119306,-0.6409559568837001,-0.6407266896302829,-0.6406298637752452,-0.717405971722159,0.9836421261580554,-0.6531675803248183,1.031828945947748,1.0579941272523115,-0.2822955489699494,0.11506896645935184,-0.2730284121959196,Sleep stage W
-0.6495524681101625,-0.6419470820213999,-0.6409217119941695,-0.6406916516653998,-0.6405896473748269,-0.7147347738739775,-0.7765254637043706,-0.6530969218041041,1.2429246209839442,-0.0560811580531634,-0.30814102451555286,0.8620213860392592,-0.2730284121959196,Sleep stage W
-0.6495794975171162,-0.6419507594530228,-0.6409284472523242,-0.6406991303542228,-0.6406039364981864,-0.7135657140064172,0.7325952659526644,-0.6530640550068223,0.7342197871574425,0.1318490968731257,-0.39301016338773714,0.9354614869292861,-0.2730284121959196,Sleep stage W
-0.6494135578985291,-0.6419958900520057,-0.6409748715106528,-0.6407458450044218,-0.6406511153842578,-0.7194199310483925,0.7867877590177526,-0.6532169443867293,1.6047974253010986,-0.43379200194275036,0.7542658080607082,-0.29711385108818766,-1.3821624492355877,Sleep stage W
-0.649314709829595,-0.6419013496533209,-0.6408819568345693,-0.6406532693910701,-0.6405606412498328,-0.7132193556940469,-0.5568889393049514,-0.6530544132253974,1.0833988614209256,-0.49693518797357905,0.46122115552397236,0.9680118547694663,0.8361056248437485,Sleep stage W
-0.6495146598788057,-0.6419632671716492,-0.6409410380535383,-0.6407117297475816,-0.6406147779336647,-0.7196275046275015,0.10640179782783027,-0.6532219280910797,1.3293264301852938,0.2261149957561184,-0.023941406282336538,0.41356575819342933,0.8361056248437485,Sleep stage W
-0.6497075449145534,-0.6420209347090042,-0.6409969532536374,-0.6407672696490608,-0.6406700447475072,-0.7188250369273548,0.7607083740921552,-0.6532026811888255,1.6443839828312137,0.012387330365737463,-0.7169951415003696,-0.1522676244763297,0.8361056248437485,Sleep stage W
-0.6495249725533475,-0.6420147141971716,-0.6409930613773304,-0.6407638882305318,-0.6406676379002573,-0.7196559432075779,-1.077741017940989,-0.6532227297358693,1.193666178241562,0.5910191146401468,0.31044000797061855,0.2568772406191737,-0.2730284121959196,Sleep stage W
-0.6494287395046716,-0.6419464143484631,-0.6409225603881109,-0.6406928877660912,-0.6405969270433515,-0.7116828136720225,-1.9427195289035013,-0.653008877557484,1.1252691988397012,0.10010219765656636,0.24731340235234153,1.0058523149342553,0.8361056248437485,Sleep stage W
-0.6495897423538729,-0.6419984752450935,-0.6409751134186892,-0.6407455766798519,-0.6406536135308667,-0.7177994855196397,-0.42951703831686683,-0.6531776313943403,0.9865178912290526,0.04353520110571687,-0.18595511783720264,0.6993250500597158,0.8361056248437485,Sleep stage W
-0.6493155001889863,-0.6419570819119249,-0.6409361496621581,-0.6407071367980902,-0.640613659041521,-0.7154860159899733,-0.3964301329346118,-0.653117519951765,1.0362698261252714,0.03506813038347287,0.8738320499003875,0.5447765974691006,-0.2730284121959196,Sleep stage W
-0.6493398250223181,-0.6419328641934394,-0.6409094799448165,-0.6406799387146065,-0.6405876590377537,-0.7145129377258305,-0.9659921384763117,-0.6530909528640617,0.7408491451070529,-0.03812699209416118,0.5432099909866693,0.8207525252697558,-0.2730284121959196,Sleep stage W
-0.6496721822593632,-0.6420127893200097,-0.6409904197266602,-0.6407610999494127,-0.6406685717157068,-0.7152081760924816,-0.38801442382234264,-0.6531099459967359,0.565235370648951,0.38494680583697755,-0.5460919564107514,0.957846571376451,0.8361056248437485,Sleep stage W
-0.649404848472299,-0.6419315841184023,-0.640907661998844,-0.6406779897315372,-0.6405855023570847,-0.7126227903559655,0.4603506696418573,-0.6530370006077868,0.7485010378910549,0.21304356675880162,0.2530692539770481,0.7829401272504076,0.8361056248437485,Sleep stage W
-0.649293075878072,-0.641971129939803,-0.6409485730483034,-0.6407191956311924,-0.6406246002376254,-0.7167229601316503,-1.264740175193267,-0.6531500986282583,1.2831519998748313,-0.20934895382448787,1.0966300169823813,0.6917118187969953,-1.3821624492356026,Sleep stage W
-0.6494546760323794,-0.641969174924417,-0.6409451773507611,-0.6407154561927332,-0.6406162557636408,-0.7148736303817482,-1.2359201941367632,-0.65310093053084,0.15693997328720022,0.4632828429641156,0.28658713992529794,0.960329808390321,0.8361056248437485,Sleep stage W
-0.6491793397038317,-0.6419216381666808,-0.6408968717392025,-0.6406670367046542,-0.6405754617598899,-0.7097847810975119,-2.6017934604694584,-0.6529501172719288,0.24953280671950406,0.4783010285789754,1.1112374862844951,0.33474152517956784,-0.2730284121959196,Sleep stage W
-0.6493208229976273,-0.6420182433987188,-0.6409996016991197,-0.6407710946227575,-0.6406806182733928,-0.717648998559038,-0.5756377136583225,-0.6531738688266449,0.8042636301040933,-0.2449157273088887,1.5778553429452071,0.6799434567595982,0.8361056248437485,Sleep stage W
-0.649371947697861,-0.6419722220480889,-0.6409515684410089,-0.6407226175928487,-0.6406302641875141,-0.7192350752676115,-0.46874899197919817,-0.6532124445757147,0.7507739587997496,0.18715685866634432,0.7454999054590392,0.9228753660688482,-0.2730284121959196,Sleep stage W
-0.6496397929775802,-0.6419921000437231,-0.6409691907513663,-0.6407397366575658,-0.640643291211197,-0.7208402255347397,0.8370833038401172,-0.6532497537942168,1.2677072661105093,0.2552998061564791,-0.483151702200162,0.23027001361610513,-0.2730284121959196,Sleep stage W
-0.6494300166313749,-0.6419392380789739,-0.6409181560573206,-0.6406891023121771,-0.6405936294660105,-0.7157520020043782,1.396838021625011,-0.6531246934757486,1.3422862575789856,0.03996954654923917,0.21652501183552977,0.2619912818605877,-0.2730284121959196,Sleep stage W
-0.6493600274141982,-0.641978624439851,-0.6409554253791165,-0.6407259130094047,-0.6406290940156707,-0.7112118587315646,1.5265847171736302,-0.6529945817861216,1.5668269851329686,0.18167912896660793,0.834925098604605,-0.33035560875593895,0.8361056248437485,Sleep stage W
-0.6491330258611094,-0.6420284311325574,-0.6410070985656854,-0.6407779711028327,-0.6406794571284962,-0.715969800013283,0.5951437052589741,-0.6531304548948555,1.3462081085786368,0.6020574132263443,2.818497455399427,-0.009750819091800395,0.8361056248437485,Sleep stage W
-0.6493420411848335,-0.6419767625458352,-0.640955129163009,-0.6407259443568886,-0.6406275244306089,-0.7152713794194081,-0.3480955714590295,-0.6531116421197525,1.4303937836761662,0.33115980011912444,0.9244978991987429,-0.1272398400753568,0.8361056248437485,Sleep stage W
-0.6493210754505615,-0.6419607285702719,-0.6409372323713106,-0.6407076366789632,-0.6406115762374203,-0.7008477736341922,-0.15492628036025635,-0.6526333086806229,1.2474782486988565,0.6087562359372767,0.8525016164560473,0.08591255773102048,0.8361056248437485,Sleep stage W
-0.64949877261447,-0.641916308860968,-0.6408923347645156,-0.6406626700082901,-0.6405701363843621,-0.7161989755213016,0.41232519668437295,-0.6531364628420383,0.9972634633238066,0.3535793364579138,-0.22219962775684096,0.6165564525295103,-1.3821624492356026,Sleep stage W
-0.6495710828377539,-0.6419780464733118,-0.6409569684446824,-0.6407279294211983,-0.6406325442383339,-0.7197535293554743,-1.134757048274666,-0.6532248898879476,1.735137305631393,-0.43037041943730314,-0.19898104833865016,-0.1145854415401195,0.8361056248437485,Sleep stage W
-0.6494401253869603,-0.6419042414369618,-0.6408826393634188,-0.6406534698896871,-0.6405548789050872,-0.7166681745811181,0.9493332696241636,-0.6531487249104183,1.496997809392021,0.28780761451457115,-0.03319576526588798,-0.2020930601359558,0.8361056248437485,Sleep stage W
-0.6495431630921255,-0.6420065582645151,-0.640985712009626,-0.6407566975306125,-0.6406579782301335,-0.7174018603362929,-0.5295472198175525,-0.6531674798895317,1.4713989096333262,0.3196746581627503,0.14742040934754552,-0.1499911455913084,0.8361056248437485,Sleep stage W
-0.6493377786484507,-0.6419299452228686,-0.6409054898718205,-0.6406756921940622,-0.6405780050238086,-0.7122227442115721,0.2467371706963581,-0.6530249435979392,1.3021773855186065,0.26321423346622935,0.5210775500807564,-0.1780920908819767,0.8361056248437485,Sleep stage W
-0.6495662138047925,-0.6419564361833558,-0.6409337241715914,-0.6407043183431766,-0.6406073585752972,-0.7201623200557348,1.3011719513418198,-0.6532343263426458,1.6042698838881186,0.20559499737368536,-0.3065390771190722,-0.15085361808282718,0.8361056248437485,Sleep stage W
-0.6496055535580051,-0.6419655856760137,-0.6409400954027623,-0.6407100844079574,-0.6406135193249549,-0.7176181791690914,-0.41237796020700535,-0.6531729873828375,1.4318001894823602,0.26243596146479087,-0.4609640595070221,-0.14910444229616354,-0.2730284121959196,Sleep stage W
-0.6496508870831877,-0.6420404389003461,-0.6410186696538742,-0.640789478755977,-0.6406938368164994,-0.7244625615791658,-0.38061027841173595,-0.6533256950175736,1.4390726184226281,0.7386750827911789,-0.2384918407859553,-0.36529386375912365,-1.3821624492355877,Sleep stage W
-0.6493524064713565,-0.641803497879561,-0.6407834892852139,-0.6405546734266555,-0.6404604696332229,-0.7110641561050499,0.42346961854891335,-0.6529901176008648,1.4463904944445296,0.26950694060516234,-0.1633635701768035,-0.3738497297868874,0.8361056248437485,Sleep stage W
-0.649524910914021,-0.6419672780399026,-0.6409442309087956,-0.6407147398198538,-0.6406180126173234,-0.7183459001265345,0.782912500126117,-0.6531911097902858,1.4467189131390115,0.6549180573946409,-0.05389766011600461,-0.418193911094367,0.8361056248437485,Sleep stage W
-0.6493203931381005,-0.6419291679932647,-0.640909375147993,-0.6406805879630824,-0.6405844373078128,-0.713612114981804,-0.5596525233019638,-0.6530654674753008,1.3239333080114937,0.488316487831439,0.6311847836239723,-0.1178275437705737,0.8361056248437485,Sleep stage W
-0.6494393633235703,-0.641936622705423,-0.6409129708730452,-0.6406833697679438,-0.6405907752923932,-0.7152113596003007,-1.7126129617924646,-0.6531100616798965,1.0312522329348413,-0.09766063571674376,0.13930455655052268,0.554872631495655,0.8361056248437485,Sleep stage W
-0.6493330695871893,-0.6418853582257926,-0.64086274843599,-0.6406333693485547,-0.6405414923989229,-0.7093161974382393,0.23171820756337833,-0.6529353091111999,0.8691533127894441,-0.10713686984975307,0.26865039217437436,0.9793110466054515,0.8361056248437485,Sleep stage W
-0.6494301682666385,-0.641933928239982,-0.640913930009505,-0.6406851161177313,-0.6405924176816371,-0.7154297060908059,0.7492041371418408,-0.6531159851807874,1.025821431324072,0.1882532965538147,0.19006319301550878,0.4640057650896602,0.8361056248437485,Sleep stage W
-0.6492406384982564,-0.6419670779839981,-0.6409449511528941,-0.640715676921126,-0.6406207068019919,-0.7126643884649723,0.8004913477772573,-0.6530379617021569,1.2768833306580276,0.40323902836387826,1.311774419607059,-0.24201101771139694,0.8361056248437485,Sleep stage W
-0.6494312815685691,-0.6420202275345914,-0.6410002424585345,-0.6407714347519576,-0.6406764615182732,-0.7190087973118628,0.29541447686195493,-0.6532073347887292,1.4551283160751933,0.04654376522850575,0.931761761037539,-0.21545480903766856,0.8361056248437485,Sleep stage W
-0.6494634537976247,-0.6419927452681813,-0.6409703381597631,-0.6407409977797903,-0.6406424693622561,-0.7191983368038662,0.38493131324279384,-0.6532117486625164,1.559438000764618,0.23381192088723265,0.44594863709156135,-0.3227239381703993,0.8361056248437485,Sleep stage W
-0.6493171565555532,-0.6419310807058275,-0.6409092394031848,-0.6406799934457946,-0.6405816748456448,-0.7102584259728449,-0.6819619003423992,-0.6529650053779952,1.3971281529728745,0.5299538911650725,0.6405553222549635,-0.2745365989730282,0.8361056248437485,Sleep stage W
-0.6497464758356161,-0.6420292155409981,-0.6410066008404093,-0.6407771808648942,-0.6406778631508305,-0.7197673878984641,0.22967931810301792,-0.6532253423097288,1.3691351249805015,0.0716665738574695,-0.902234607056605,1.1506342510116487,0.8361056248437485,Sleep stage W
-0.6496264524749711,-0.6419674098619744,-0.6409442255535654,-0.6407147294625021,-0.6406206780266213,-0.7142994801515368,0.7197391782695127,-0.6530847791018533,1.2630470986288236,0.6177586317273447,-0.5382751493982513,0.03407110406290654,0.8361056248437485,Sleep stage W
-0.649373264621199,-0.6419106370331121,-0.6408885725279103,-0.6406592652772903,-0.6405599141707427,-0.7161238021912468,-0.24256630713319144,-0.6531344314229219,1.3427864604573294,-0.35597622444883403,0.2662441615130395,0.6680439568320024,0.8361056248437485,Sleep stage W
-0.6495472457933585,-0.6419368316814466,-0.6409136292004086,-0.6406841329490821,-0.6405925883950832,-0.7142378865721324,0.7958030512182236,-0.653083321266029,1.03696325603402,-0.12416052599012448,-0.32234426264261623,0.363494133851564,0.8361056248437485,Sleep stage W
-0.6494010812801485,-0.641876013349174,-0.6408506411142103,-0.6406206576370957,-0.6405286278007666,-0.7071959894280675,0.3628688360453433,-0.6528651242565059,0.8935426524778415,-0.17758949892896622,-0.04788133528274612,0.8396524138484788,-1.3821624492355877,Sleep stage W
-0.6495792563282347,-0.6419596025935709,-0.6409355589105897,-0.6407058899626459,-0.6406138664482094,-0.7214864463059726,-0.08706654816966662,-0.6532641768157833,0.6869213613476145,0.42748532459100147,-0.3589058848248828,0.1806044177908059,0.8361056248437485,Sleep stage W
-0.6483899654832376,-0.6419273703892346,-0.6409029592003755,-0.6406731767187128,-0.6405807897644373,-0.7027727723989716,-0.16746309787269767,-0.6527071426887222,0.6285707173696494,0.2632501042408051,4.4678588538539525,0.5688483156587609,-1.3821624492355877,Sleep stage W
-0.6494804634764765,-0.6418856867691526,-0.6408632313287118,-0.6406338873056995,-0.6405392386629097,-0.7120362574809062,-0.759195424777518,-0.6530195534074166,1.264026369653931,0.021702278846291896,-0.28081253525534566,0.2329446003656952,0.8361056248437485,Sleep stage W
-0.6495554252181603,-0.6419401162624803,-0.6409165051331162,-0.640686909258261,-0.6405897085398404,-0.7163345219704637,0.5195536398012686,-0.6531399483468379,1.2992455896363249,0.6038913080681498,-0.3445233393068311,-0.33977397001481996,0.8361056248437485,Sleep stage W
-0.6496525027577951,-0.6418836079613861,-0.640855348604454,-0.6406247194062364,-0.6405253530565714,-0.714023322116289,-0.502822147039368,-0.6530771080547983,1.3553105556735072,0.6627402160005247,-0.9484582905771888,-0.2763640019899566,0.8361056248437485,Sleep stage W
-0.6493697947946252,-0.6418804067385341,-0.6408586888469515,-0.6406294859130384,-0.6405315987044309,-0.7102356236277574,1.5567267750504372,-0.6529644465528492,1.442409330004119,0.7022463695183829,0.11074033107975423,-0.34102005167820054,-1.3821624492355877,Sleep stage W
-0.6495672420245392,-0.6420174076082805,-0.6409947275305133,-0.6407653347123828,-0.6406685141795324,-0.7203153033172555,1.0705871074794726,-0.6532380317604428,1.281474140619304,0.568833203231738,0.08027739529172058,-0.33331313542127666,-0.2730284121959196,Sleep stage W
-0.649637909436164,-0.6419528711166699,-0.6409277200652082,-0.6406977911876015,-0.6406019063617404,-0.7168177857175664,1.0409132019332086,-0.6531526296255572,1.4682409643623866,0.36270345329874304,-0.6630165655675437,-0.42935856213250306,-0.2730284121959196,Sleep stage W
-0.6492525167217386,-0.6418583588272075,-0.6408347472582968,-0.6406051416067869,-0.6405073081233151,-0.712676726190703,1.0865285841452534,-0.6530385141329941,1.3182802190928031,0.48098549328833756,0.3992081057087413,-0.44812803105068993,-0.2730284121959196,Sleep stage W
-0.6492563595494707,-0.641848335387469,-0.6408262536451884,-0.6405969819078099,-0.6405015672854717,-0.7043615444559498,-0.6195166175044243,-0.6527655464781251,1.3388217906872066,0.4661564109027666,0.34098957010638303,-0.17304102578695196,-0.2730284121959196,Sleep stage W
-0.6491668843394794,-0.6419493292990532,-0.6409260275186639,-0.6406964965983034,-0.6406004256595127,-0.7137266017455469,0.8136773990383531,-0.6530688001220667,1.3686730982262105,0.37373295123004463,1.4481231245273127,-0.3836059965840912,0.8361056248437485,Sleep stage W
-0.6496133464643397,-0.6419948734025428,-0.6409729271931335,-0.6407436915859496,-0.6406481714951228,-0.719966284683385,0.22137820670201866,-0.6532296933444736,1.2914834418088796,0.552882592649124,-0.3226643284081298,-0.2951936088913273,-0.2730284121959196,Sleep stage W
-0.649548811618804,-0.6420811948432235,-0.641060326256741,-0.6408313066716441,-0.6407339686645513,-0.7158217859690962,-0.7472198144254354,-0.6531265537343686,1.3832302664163942,0.5101008184293113,0.9469269362861801,-0.27003604038854756,0.8361056248437485,Sleep stage W
-0.6494945240042627,-0.6419866987023737,-0.640966162049568,-0.6407371851350636,-0.6406375336777983,-0.7142390045258146,-1.2244337333455082,-0.6530832620640807,1.4251226988965184,-0.17927768143967873,0.2534885792862861,0.7434807369968706,0.8361056248437485,Sleep stage W
-0.6493197592543631,-0.6417950084750693,-0.6407652914865362,-0.6405343349520426,-0.6404415515232252,-0.7005727361292762,-0.6722728846352675,-0.6526224193321606,0.8753051759723798,-0.20415550865602086,-0.1401353705183579,0.5153573723191017,-1.3821624492355877,Sleep stage W
-0.6489843484837088,-0.6419816163138948,-0.6409614988022948,-0.6407326391293425,-0.640637402928216,-0.712342058976944,0.12215527637811087,-0.6530282995225466,1.4089689095933855,-0.15864775253927918,2.8074918084800395,0.4775582389374745,-2.491296486275256,Sleep stage W
-0.6494193451306896,-0.6420646599373186,-0.6410433395448901,-0.6408142554590518,-0.6407224675688141,-0.7199279021762268,-1.4938042840021348,-0.6532290156665762,0.747658736339884,0.22845634137125256,1.6300778552645014,0.9410181986912545,-0.2730284121959196,Sleep stage W
-0.6494465868946154,-0.6420069454482857,-0.6409869999654577,-0.640758189777673,-0.6406628646255017,-0.7137096438903042,1.347197760754635,-0.6530683574323844,1.2138465963003728,0.6713623025277584,0.6987371817842956,0.13608084902601164,0.8361056248437485,Sleep stage W
-0.6495051957521254,-0.6419033061256648,-0.6408804905282809,-0.6406510715773229,-0.6405569574704586,-0.7115709471084112,1.134177576854833,-0.6530057552264311,1.1725290588293173,0.35325107188006744,-0.30112692657088996,0.22038967352704303,-0.2730284121959196,Sleep stage W
-0.6492176731406669,-0.641915871474447,-0.6408937178837811,-0.6406644120405495,-0.6405667581063035,-0.713270089302815,0.8259894629768161,-0.6530556965911648,1.5516304844888424,0.16398515346760056,0.932541467190368,0.2734523798399242,-1.3821624492355877,Sleep stage W
-0.6489964292120063,-0.6419392309072043,-0.6409139790333481,-0.6406840062917678,-0.6405855332941456,-0.7081269545082245,0.4220539518604398,-0.6528963569030027,1.3329588369118661,0.8348198272973603,2.057585407134815,-0.030539152889969258,-0.2730284121959196,Sleep stage W
-0.6495224453498853,-0.6420362971329081,-0.6410143515669906,-0.6407851212015525,-0.6406883223692286,-0.7208917395535476,0.476579102622556,-0.6532508833616896,1.7333353848889932,0.25446501691667395,0.5325110812559177,-0.6133209107553682,-1.3821624492355877,Sleep stage W
-0.6494890569659177,-0.6419186168382789,-0.6408954261591862,-0.6406659271534362,-0.6405731828249229,-0.7155962560145354,-0.9532941513225985,-0.6531205166487388,1.0109215210100098,0.0336532154601023,-0.1666391986672739,0.7988532104555499,-1.3821624492355877,Sleep stage W
-0.649293617697549,-0.6419446698675227,-0.6409248553651653,-0.6406960498407451,-0.6405998647582813,-0.7164724885207044,-0.03672091149494849,-0.653143649415155,1.3527353067724521,0.2558118212619012,0.8751243294932818,0.4845168488029647,-0.2730284121959196,Sleep stage W
-0.6496060996794664,-0.6420359771950498,-0.6410121565252499,-0.6407825058667154,-0.6406851172535593,-0.7222031546151713,0.058829457403134,-0.6532797001234353,1.4241509499953262,0.3012823085660981,-0.011915158478101628,-0.004688759692046128,0.8361056248437485,Sleep stage W
-0.6495637036063107,-0.6420588893041165,-0.6410375410791437,-0.6408084418645578,-0.6407129044016134,-0.7221650880846698,1.570266774769795,-0.6532788505170186,1.5751249130733709,0.11500992133472089,0.5232948853747116,-0.44185055556628694,-0.2730284121959196,Sleep stage W
-0.6494474806457795,-0.6419028064118413,-0.6408788156709629,-0.640649121638742,-0.6405518101817085,-0.7148227933602334,0.18984103225823823,-0.6530992910946045,1.3810526233746259,1.132919893933638,-0.08420845852133457,-0.2076367863693182,-0.2730284121959196,Sleep stage W
-0.6491267816757927,-0.641895651382301,-0.6408758364005099,-0.6406470437249957,-0.640550045716717,-0.7077749352426005,0.7709678905054451,-0.6528845969221798,1.4853203735915488,0.9146323675272372,1.1508780144481323,-0.3062246429418858,0.8361056248437485,Sleep stage W
-0.6493649436893454,-0.6418965864256739,-0.6408756035527282,-0.6406465488739852,-0.6405480645045588,-0.7168704084252201,0.21126841670081467,-0.6531540451093609,1.3162307641002808,0.7398172349909945,0.2232277632585707,0.02554038589343383,0.8361056248437485,Sleep stage W
-0.6495159727748945,-0.6419811121942232,-0.6409580560144893,-0.640728569393534,-0.6406296741902406,-0.7188507665819679,0.599405343685715,-0.6532034262170289,1.2190503857399955,0.9919800077826525,0.08065354013714741,-0.07171142443358985,-0.2730284121959196,Sleep stage W
-0.6489200954653306,-0.6418370169147897,-0.6408176001487348,-0.6405888809440289,-0.6404927165747163,-0.7061949329779685,0.3814841312586369,-0.6528308295412678,1.349918849627489,0.867258132631367,1.4244112604648607,-0.1932124630612035,-0.2730284121959196,Sleep stage W
-0.649554422520839,-0.6420659249766756,-0.6410458673523578,-0.6408170423558462,-0.6407216248522537,-0.7246063236319261,0.15043396670723522,-0.6533284384339763,1.305119198563222,0.5020024825515006,0.6977113087576617,-0.2798233310183985,0.8361056248437485,Sleep stage W
-0.649466328504418,-0.641789726608557,-0.6407644563815686,-0.640534496413666,-0.6404368753183225,-0.7092343995820506,1.4700033242798778,-0.652932310603662,1.3376701165662384,0.4864212096858262,-0.5744493500728218,-0.00819098007708249,-0.2730284121959196,Sleep stage W
-0.6491128211907051,-0.6419173036900557,-0.6408975212990202,-0.6406687477290838,-0.6405731946386648,-0.7146653703875846,0.6621043301883239,-0.6530951209814393,1.2022410930411598,-0.053744521776079794,1.4011412831016592,0.5253689796608776,0.8361056248437485,Sleep stage W
-0.6497654204109897,-0.6420662526958906,-0.6410439846033226,-0.6408146857169575,-0.6407180090603453,-0.7280827458791628,0.12594723287237733,-0.6533905235586719,1.6258871470371659,-0.26065510780402745,-0.8502189113147244,-0.03619263706878532,0.8361056248437485,Sleep stage W
-0.649538118181901,-0.6420350535050152,-0.6410141234213372,-0.6407851094928677,-0.6406894463171878,-0.7177969411215923,-0.44228089261183545,-0.6531773730689199,1.75503748829887,-0.3437795755301035,0.4344821895499633,-0.35203823100823745,0.8361056248437485,Sleep stage W
-0.6492654586433018,-0.6419169164750638,-0.6408960339270926,-0.640666983701834,-0.6405702650287777,-0.7137071320488764,-2.5848202634119564,-0.6530681161157651,1.1681872485936011,0.34277192720439464,0.7574375838912197,0.3639101774244247,-1.8007981606282735,Sleep stage W
-0.6495490060102799,-0.6419319150750509,-0.6409087011073954,-0.6406791996871557,-0.6405869800405097,-0.7172628830733772,-4.415534403335999,-0.6531640051239256,0.7512050176102046,0.12808262544437782,-0.35310500665711414,1.0738793397728388,-1.8007981606282735,Sleep stage W
-0.6491439864790945,-0.6419474140494138,-0.6409245818607457,-0.6406951356937689,-0.6406029581332705,-0.7112453556186613,-1.6940810590170008,-0.6529955786053687,0.3769849858186043,0.19108021227964886,1.536300747443474,0.9609400699894406,0.8361056248437485,Sleep stage W
-0.6494162499572936,-0.6419638612393693,-0.6409428552786176,-0.6407138041847296,-0.6406155951604943,-0.7186832878290471,-0.7382670366355406,-0.6531993116515887,1.687657672437985,-0.3183839995790677,0.45692292705919885,-0.06032607454022229,0.8361056248437485,Sleep stage W
-0.649651907864396,-0.6420153144978951,-0.6409919662990498,-0.6407619261552991,-0.6406173802952159,-0.7179212246104679,0.48168744397520535,-0.6531807221408028,1.6917559625323324,-0.8616917870325538,-0.42362693209355834,3.879794414308638,0.8361056248437485,Sleep stage W
-0.6493183646561598,-0.64204915709829,-0.6410298024323658,-0.6408009227345512,-0.64068106803715,-0.7195710748230896,0.04275495707508804,-0.6532204915764961,1.4678088588764937,-0.6472175059030092,2.089823489108854,1.5351125807029955,0.8361056248437485,Sleep stage W
-0.6495205105032257,-0.641813210738073,-0.6407853954147015,-0.6405548464250423,-0.6404538329546456,-0.7142789128690453,0.2303121062529403,-0.6530842542101895,0.9605626672379847,-0.0934801222244854,-0.6835880898988854,0.6461540402365579,0.8361056248437485,Sleep stage W
-0.6495253666863785,-0.6420215881234111,-0.6410005513160909,-0.6407715179445211,-0.6406761524736815,-0.7220531546114357,1.086855870144971,-0.6532762715322906,1.4730867935830776,-0.11944459587492531,0.3779940215083886,0.11458702319516056,0.8361056248437485,Sleep stage W
-0.6496745566432808,-0.6419578280826992,-0.6409316719965997,-0.6407015114137505,-0.6406055444310835,-0.7164834165870746,0.06224618778525826,-0.6531439901099847,1.2750175045655154,-0.12869400014816854,-0.8154869334030347,1.0391146101898592,-0.2730284121959196,Sleep stage W
-0.6494758545753542,-0.6419256706451928,-0.6409003848012188,-0.6406704156814792,-0.6405740665472323,-0.7149497763156069,0.19100591376012824,-0.6531027471609451,1.6563720024826596,-0.23807446310711536,-0.08913945499974392,0.3035685796271586,0.8361056248437485,Sleep stage W
-0.6494390745312515,-0.6419214184317424,-0.6408983476740335,-0.6406688674953622,-0.6405732316516203,-0.7133818026358444,0.8851679657099714,-0.6530589227734016,1.4145897588625176,-0.20808443493648224,0.05459527962288145,0.4112949170902202,0.8361056248437485,Sleep stage W
-0.6496061454573729,-0.641980062016864,-0.6409572826248556,-0.6407278373152367,-0.640629504412091,-0.7193627334689648,0.1812790664240526,-0.6532156778051985,1.317095024046522,0.4059682722555737,-0.37423137178925664,0.13801957800440473,0.8361056248437485,Sleep stage W
-0.6494475546459323,-0.6420477448210512,-0.6410259023749391,-0.6407966677383978,-0.6406947645409158,-0.7179934809316654,-0.43552745479321187,-0.6531824903282087,1.484455997446767,0.4654131728955111,1.1564900589161666,-0.1448879034461527,-0.2730284121959196,Sleep stage W
-0.6496267588137221,-0.6419983379584865,-0.640975115114222,-0.640745598298422,-0.6406475700564289,-0.7227467814312046,-0.17570080780524513,-0.6532911116103183,1.4348591396515098,0.5727396027937072,-0.38273545701101125,-0.24101041058889733,0.8361056248437485,Sleep stage W
-0.6493783242550727,-0.6418078939273202,-0.6407787334527679,-0.6405479217075901,-0.6404518833594243,-0.707443592184823,-0.3619023416986329,-0.6528734586517828,1.7706414470395553,-0.4501495833386881,-0.2676534765819093,-0.48130364839957473,0.8361056248437485,Sleep stage W
-0.6496165715181346,-0.6418396237040053,-0.640810492764941,-0.6405796822288666,-0.6404815448564173,-0.7141811457678913,0.5538197006559239,-0.6530815239571793,1.3898239718452574,0.6760567639553943,-0.9290636070473198,-0.2715856606486966,0.8361056248437485,Sleep stage W
-0.6495582164350618,-0.6420260065718436,-0.6410048335400762,-0.6407757788314272,-0.6406827964282462,-0.7182321578359144,-2.587332081980258,-0.6531884459715394,0.9768366732056953,0.039214538931093126,0.22179968733690236,0.8674414486446603,-0.2730284121959196,Sleep stage W
-0.649551912605138,-0.6419041874640876,-0.6408789513590393,-0.6406489951990649,-0.6405522587214906,-0.7125683387223393,1.1427295711024483,-0.6530351582032717,1.4852569708411787,0.5110668213626349,-0.4926296194194794,-0.35087568983521844,0.8361056248437485,Sleep stage W
-0.6494937357532135,-0.641858289233836,-0.6408314400310432,-0.6406011458325714,-0.6405052824399046,-0.7109340517602833,-0.7266680600381968,-0.6529860079220252,1.585682444602728,-0.14803983980870147,-0.45510658517401165,-0.475712279003443,0.8361056248437485,Sleep stage W
-0.6494350638150862,-0.6419386420313451,-0.6409128149261719,-0.6406827076908744,-0.6405845527721772,-0.7147781053309828,0.18435742586578555,-0.6530981189020592,1.3758588210453222,0.40025583412660654,0.15391825505225565,0.18260833832050474,0.8361056248437485,Sleep stage W
-0.6495652820033011,-0.6419386377981464,-0.6409139115026068,-0.6406840670123098,-0.6405885775845452,-0.7180557692592463,0.17517066193128222,-0.6531838276072778,1.445570262139625,-0.13002525936913883,-0.4005466955885791,0.4770678683732455,-0.2730284121959196,Sleep stage W
-0.649040008190329,-0.6419328667618247,-0.6409144462981732,-0.6406859579484808,-0.6405910128194787,-0.7141961643836919,0.05550321382534032,-0.6530819147380408,1.2343352157443999,0.42916130084699605,1.8916714572412108,-0.055916677276552765,-0.2730284121959196,Sleep stage W
-0.6494340089791546,-0.6419524435280807,-0.6409310197105346,-0.6407018604442538,-0.6406040389055414,-0.71060267919237,-0.9285700741462702,-0.652975931378582,1.294076061901175,0.35936213868928063,0.28531035023382256,0.39752954449137745,-0.2730284121959196,Sleep stage W
-0.6494522485269554,-0.6418609429031659,-0.6408383893462729,-0.6406089991134839,-0.640510404828948,-0.7141015722450638,-1.2778539026802929,-0.65307932159657,1.8180699236421116,-0.42664311557246887,-0.28109764851933344,-0.24898589380804834,-1.3821624492355877,Sleep stage W
-0.6496066245277776,-0.6419366273378555,-0.6409120637673953,-0.6406822277395631,-0.640583478975758,-0.7149086621110228,0.6256357059423484,-0.653101732007785,1.2925125185670459,0.7367550547788805,-0.5864887772395894,-0.026842299330206196,0.8361056248437485,Sleep stage W
-0.6494414620700183,-0.6420229042461039,-0.6410005176159012,-0.6407711650449313,-0.6406745313419916,-0.7158617125131836,0.4735127260002583,-0.653127649330718,1.212082691242069,0.26572764586136893,0.8689585968725762,0.2075560154281664,-0.2730284121959196,Sleep stage W
-0.6491650845243279,-0.6419651937916132,-0.6409421990154031,-0.640712729312991,-0.640617521354206,-0.7121150354655446,-1.1628253194279246,-0.6530217163705306,1.4613423936801193,-0.35128190524212877,1.6381835767989752,0.5298490353507358,0.8361056248437485,Sleep stage W
-0.6495966531855647,-0.6419963425411045,-0.6409734067404943,-0.6407439251953265,-0.6406449920835589,-0.7206553791904396,-0.7420341312714647,-0.6532455177269436,1.5022369563814453,0.08428565229408509,-0.23281269086983852,0.11794100816645403,0.8361056248437485,Sleep stage W
-0.6494728156738921,-0.6419768367867705,-0.640954920877361,-0.6407256817182138,-0.6406292885181217,-0.7198182815879666,-0.06920558115539995,-0.6532264038131677,1.3833537477603588,-0.055365021118304866,0.27444709067981043,0.5506652185971223,0.8361056248437485,Sleep stage W
-0.6494756002630906,-0.6418430768078465,-0.6408173989465299,-0.6405872682362644,-0.6404825566305516,-0.7059743800961353,-0.4335413390286755,-0.6528231681192527,1.4982283664377933,-0.37517227578273427,-0.4413058963611626,1.0848544341420396,0.8361056248437485,Sleep stage W
-0.6494219613795043,-0.6420000160530375,-0.6409791280766045,-0.6407500972340683,-0.6406525804283403,-0.7146182335378257,-0.4053854517498898,-0.6530937618074194,1.3279673811918926,0.07666252369196302,0.7521846481764176,0.9244619029188808,0.8361056248437485,Sleep stage W
-0.6495458793398445,-0.6420290485863163,-0.6410071595815098,-0.6407779343900443,-0.6406815922340909,-0.7162141591067814,1.2435292084457186,-0.653136773473199,1.7749053227030631,-0.4400274926877194,0.3160626157858213,-0.17574314573430766,-1.3821624492355877,Sleep stage W
-0.6495931038669799,-0.6420136363120216,-0.6409893686463597,-0.6407596157577871,-0.6406629005316605,-0.7175510839153758,-0.681739835917696,-0.653171312792089,1.634035128793073,-0.38561574613896155,-0.10969720608869861,0.08016857637569812,0.8361056248437485,Sleep stage W
-0.6495587747170546,-0.6419644343809341,-0.6409395042905026,-0.6407096035295365,-0.6406128575158488,-0.7138062182876544,1.561619063617042,-0.6530710187887312,1.407636747455557,0.14542536482222998,-0.24389462326209135,0.030439510316417062,-0.2730284121959196,Sleep stage W
-0.6494623358478793,-0.641963267150914,-0.6409408584632879,-0.6407115065232006,-0.6406144913905484,-0.7163506377157157,0.30489023291540346,-0.6531402942525428,1.7875976718763489,-0.6351372162418214,0.22154236774722094,-0.20998973873189591,-0.2730284121959196,Sleep stage W
-0.6491845335074683,-0.6419229831563997,-0.6409014571272607,-0.6406723089891474,-0.640576297885943,-0.7098756183128653,1.0257484595344222,-0.6529530142763469,1.2154190643011202,0.24242537661736493,1.1364618210662258,0.13576320733085612,-0.2730284121959196,Sleep stage W
-0.6494665216673096,-0.6419584644414483,-0.6409357545732011,-0.6407063535422335,-0.6406118400135256,-0.7178421195131253,0.9390117129099377,-0.6531785183248414,1.2075336374640657,-0.1203138429270201,0.1663426282806525,0.352372236502546,0.8361056248437485,Sleep stage W
-0.6494194487979036,-0.6419901544492868,-0.6409677338527864,-0.640738394331737,-0.6406425017479429,-0.7181829978855057,0.505990949424623,-0.6531870842226203,1.920677229777854,-0.8628735508304664,0.6517057483339783,0.606955840434072,0.8361056248437485,Sleep stage W
-0.6495439703328203,-0.6420074603404178,-0.6409854622483218,-0.6407562127070525,-0.6406605375697754,-0.7197152484407451,0.6364866271916865,-0.6532239812324362,1.56791321568281,-0.373589753853946,0.13897807025799974,0.7132427883586547,-1.3821624492355877,Sleep stage W
-0.6495740833086608,-0.6420446033548628,-0.6410238754947233,-0.6407949295637543,-0.6407037219560693,-0.7204455754717503,-0.6525624051696183,-0.6532407950816177,0.9582584613175569,-0.2733718982864877,0.3047724311222399,0.17570746944945206,-0.2730284121959196,Sleep stage W
-0.6496371198246684,-0.6419812230839044,-0.6409562190280973,-0.6407262864426245,-0.640627655462767,-0.7132340335448609,0.49262601345769397,-0.6530546843267058,1.5807829576751986,-0.12198206447782108,-0.5362165910663796,0.5722876700844246,0.8361056248437485,Sleep stage W
-0.6496208795901816,-0.6420319658503474,-0.641009637368257,-0.6407803094734708,-0.6406842531530395,-0.7225040565066554,0.7454388346880323,-0.6532861313888907,1.2086032463107546,0.2225577126792069,-0.1201802193316703,1.249772925515883,0.8361056248437485,Sleep stage W
-0.6491704943377887,-0.6419555364515043,-0.6409400042028297,-0.6407121409491385,-0.6406156988589343,-0.7157284603356363,0.6422649847697193,-0.653123913549234,1.5989687801854464,-0.041086187793481214,1.6056041565953052,0.1026593136706883,-0.2730284121959196,Sleep stage W
-0.6496122335315231,-0.6420343089724243,-0.6410125624426893,-0.6407828880734676,-0.6406243991171783,-0.7187774094550209,-0.4749609996907095,-0.6532016294585431,1.9930822966643467,-0.9433707883546603,-0.04282449904754051,3.4186340246530325,-0.2730284121959196,Sleep stage W
-0.6496702452126549,-0.6419461391358781,-0.6409215965322409,-0.640691705920584,-0.6405845087394584,-0.720543532344181,1.009317928899701,-0.6532431704422725,1.8094916360282811,-0.2910887756593223,-0.8291561558076298,0.35567937771887687,0.8361056248437485,Sleep stage W
-0.6493237427845394,-0.6419694376705902,-0.6409477777008548,-0.640718596027277,-0.6406223627692724,-0.715086515414415,-0.13172085836594666,-0.6531065140202984,1.3125992804208702,0.2536164070072341,0.9423664811115251,0.28380940961921614,-0.2730284121959196,Sleep stage W
-0.6493473166563483,-0.6418739478838241,-0.6408500385273285,-0.6406203819711344,-0.6405263585850899,-0.7149294379776221,0.964313174281857,-0.6531023980586577,1.1735349032166758,0.36196539122616705,0.14538584132371998,0.145654675860779,-0.2730284121959196,Sleep stage W
-0.6493379646763057,-0.6419981707311783,-0.6409782753752028,-0.6407494645440198,-0.6406522582189577,-0.7179814703928383,0.3673930884792017,-0.6531821039400373,1.4443635038645084,0.47874743426190375,1.1992265017789672,-0.32958181915743395,0.8361056248437485,Sleep stage W
-0.6492012642655864,-0.6419267728628099,-0.6409072706580053,-0.6406785346041546,-0.6405802523939326,-0.7122229498377598,0.9970066865310977,-0.6530249671759084,1.5855530130345772,-0.04256247326385797,1.1220080956441396,-0.21447488073707255,0.8361056248437485,Sleep stage W
-0.6493180566589437,-0.6420533998834947,-0.641032965155606,-0.6408040721988371,-0.6407112093902054,-0.7211926661071504,-0.021964154203093906,-0.6532577721486417,0.7027198115167439,0.028605562083386618,2.148181671032108,0.48321808137924493,0.8361056248437485,Sleep stage W
-0.6491816617528324,-0.6418203624573943,-0.6407963043283547,-0.6405665872631726,-0.6404708551634977,-0.706401766940055,0.06603075784763178,-0.6528378801816437,1.1386071976927952,0.6512323358845229,0.4261413021753084,0.21338104758029297,-2.4912964862752704,Sleep stage W
-0.6495581883956845,-0.6419375517608721,-0.6409145191952389,-0.6406850257128754,-0.6405864847683267,-0.7158672821781559,0.3935859463030673,-0.6531277166687041,1.2472683040185986,0.9369835613807688,-0.3653518608258442,0.08732662937243935,-1.3821624492355877,Sleep stage W
-0.6496112298565886,-0.642038704153346,-0.6410169599261304,-0.6407877575943263,-0.6406911367242458,-0.7224183944194138,0.0830484224892103,-0.6532842733585442,1.2346124432240313,0.5457370726263551,-0.00025347475800619574,-0.03877841555834049,0.8361056248437485,Sleep stage W
-0.649582929907708,-0.6419996376512231,-0.640975861118522,-0.640746228600783,-0.640650085967146,-0.7195221738999231,-1.2098036251963398,-0.6532194341160777,1.4051045600623477,0.1868682567223239,-0.14541636937548227,0.009773348939992928,0.8361056248437485,Sleep stage W
-0.6494037916125701,-0.6419228656788345,-0.6409007751575125,-0.6406715054745,-0.64057780341629,-0.7163715306831131,-0.6259698344710837,-0.653141112526613,0.9671844690933695,0.5589002215079933,0.21658308866672013,0.3600660353346953,-0.2730284121959196,Sleep stage W
-0.6488469330249461,-0.6417980260093028,-0.640771940862247,-0.6405417775475312,-0.640447662244155,-0.7035557421492328,-0.4018544225077041,-0.6527363077635099,0.5869357298562883,0.7934967218714055,1.3123976524714849,0.6920006530061542,0.8361056248437485,Sleep stage W
-0.6495194896865235,-0.6419449144545945,-0.6409214678650946,-0.6406918731438105,-0.6405925623910717,-0.7187547559190541,-0.10082129432140874,-0.653201164190363,1.3002939055114968,0.3106440949497011,-0.16122310866490552,0.41721027499037144,0.8361056248437485,Sleep stage W
-0.6493348315146401,-0.6420636501287934,-0.6410414996573275,-0.6408121995313779,-0.640712835232763,-0.7158044971976848,-0.42100924240625853,-0.6531259620477792,1.6158228986372558,0.1623862920204587,2.194241705172791,0.03652201035005675,0.8361056248437485,Sleep stage W
-0.6494452973766326,-0.641906545465485,-0.6408792904316697,-0.6406488823211585,-0.6405508555827839,-0.7055857413154645,1.3793778364601565,-0.652809244915099,1.4114296387877896,0.6450254363309971,-0.07685637458687447,-0.2170996209514618,-0.2730284121959196,Sleep stage W
-0.6494259890417273,-0.6419107371427415,-0.6408865214600508,-0.6406567637666324,-0.6405573552836566,-0.7161841317726497,-0.019115643001082407,-0.6531360196844115,1.3295493264756342,0.8899297588033164,0.04055919595273844,0.006567326821958583,0.8361056248437485,Sleep stage W
-0.6491434677610489,-0.6418669472569029,-0.6408431475649825,-0.6406134694378658,-0.6405140686025314,-0.7121614899658394,0.8109264078620664,-0.6530232421513281,1.102898436353141,1.211185866410597,0.8351763200048268,0.4279594135280754,0.8361056248437485,Sleep stage W
-0.6496657675700058,-0.6420391038171144,-0.6410163058275714,-0.6407868750109047,-0.6406890959872517,-0.7145859776134268,-0.8694214848974424,-0.6530928887168768,1.624209369030067,-0.33313386658952693,-0.35121718649977607,0.6888539182263659,-0.2730284121959196,Sleep stage W
-0.6494067630626615,-0.6419490644392153,-0.6409269987318421,-0.6406977429444549,-0.6406019301083108,-0.7175707583375273,-1.3726949993479896,-0.6531718350373203,1.656483015037686,-0.14735568185894027,0.3793932843761281,-0.12242345275632772,-1.3821624492355877,Sleep stage W
-0.6494965738273062,-0.6419547699159529,-0.640929628134071,-0.6406996890449517,-0.6406031422398368,-0.7151228035672063,1.1797234851870964,-0.6531076479251718,1.672201119140672,-0.4038779935772625,-0.013946357785279374,0.3074944016146132,0.8361056248437485,Sleep stage W
-0.6494568167466869,-0.6418450395702044,-0.640818031517707,-0.6405876866433585,-0.6404900592493485,-0.7136684601116133,-0.5745462240960142,-0.653066894633233,1.5723559260222069,-0.18252574804723334,-0.37736555433462204,0.23550596679496402,-0.2730284121959196,Sleep stage W
-0.6494852874284659,-0.6419735657810425,-0.6409519328184269,-0.6407227488541515,-0.640627452018356,-0.7171304639692212,-0.91691474799809,-0.653160804275521,1.1318519912642664,-0.12658929785623596,0.1913205268707883,1.0910697609495172,0.8361056248437485,Sleep stage W
-0.6494412061217355,-0.6419329347184657,-0.6409125018662934,-0.6406835967309896,-0.6405877530694267,-0.7178332948948547,0.8804879676460886,-0.6531783935871822,1.3622307891464838,0.39629924144448153,0.1328042770625301,-0.030773160710178153,0.8361056248437485,Sleep stage W
-0.6494838440154235,-0.6419421593533087,-0.6409204581409581,-0.6406912598764156,-0.6405956176637176,-0.7152949734748644,0.48259310379690395,-0.6531122439785948,1.2139077265873846,0.19083822897703337,-0.007118712113789818,0.6712176306842265,0.8361056248437485,Sleep stage W
-0.6493002200873462,-0.6418480647030419,-0.6408227612879053,-0.6405928069475675,-0.6405016190103888,-0.7099157798890436,-0.3548343553437205,-0.6529543212098877,0.6674065148338068,-0.14730297863972142,0.1703496508621213,0.3159188031072961,-0.2730284121959196,Sleep stage W
-0.6494788633394805,-0.6419343889091509,-0.6409111404725442,-0.6406816374445171,-0.6405885608453803,-0.7137917690415578,-1.356061996546161,-0.6530707197078188,1.038231975848496,-0.06945656509483554,-0.04085514985483711,0.10542264955649554,0.8361056248437485,Sleep stage W
-0.649625407767782,-0.6419753353789754,-0.6409527044361165,-0.640723335821659,-0.640631059802818,-0.7220816964453652,-0.49699027679399166,-0.6532770839541933,0.8587428511268272,0.08923681460397925,-0.4927517218131721,0.5255144445594716,-0.2730284121959196,Sleep stage W
-0.6495400168662618,-0.6419564428728118,-0.6409325929820372,-0.640702961817995,-0.6406116474999765,-0.7172205209591954,-0.599066844694089,-0.6531629736971886,0.8089684506674444,-0.22897137385533986,-0.19345816584434405,0.7134502599709087,-0.2730284121959196,Sleep stage W
-0.6494510909771856,-0.6418892730581457,-0.6408656587433975,-0.6406360635445985,-0.640542594331754,-0.7151116901838448,1.2285716925618613,-0.6531072547832052,1.1333236610233735,-0.33977407709702523,-0.1607189460768124,0.7625019711908014,-0.2730284121959196,Sleep stage W
-0.6490443116879745,-0.6420042568600373,-0.6409824592381063,-0.6407532290611263,-0.640656878932483,-0.7120722631448314,-0.5555684205556721,-0.653020446685574,1.3023047572156567,-0.04205007041929588,2.8536090600026935,1.1676675424614729,-1.3821624492355877,Sleep stage W
-0.6496262919208107,-0.6419595485279894,-0.6409346760229405,-0.6407047880843403,-0.6406067012593017,-0.7181289962679399,0.5217499424305057,-0.6531857963162496,1.3350839831113361,0.5481120649450629,-0.5813004842044055,0.4069243017525886,-1.3821624492355877,Sleep stage W
-0.6492479137459078,-0.6419241833035527,-0.6409010178860385,-0.6406712354707257,-0.6405474950815803,-0.7142972194095497,0.5226135484328163,-0.6530850242170936,1.6322982728344386,-0.7189534763288863,0.8655676123257273,2.403034265124525,0.8361056248437485,Sleep stage W
-0.6491526089331324,-0.6418433862295924,-0.6408190590424088,-0.6405890199438956,-0.6404505563515475,-0.7090752874902717,-0.9040230703494283,-0.6529273009209025,1.1496345156354821,-0.7409394969314363,0.6481556910414247,1.4771229017527063,0.8361056248437485,Sleep stage W
-0.6494894016333903,-0.6419650058646175,-0.640942703363216,-0.6407134066588234,-0.6406206977345733,-0.716620130081873,0.46571228494815115,-0.6531474437152771,0.20002906432657455,-0.49921379943411615,0.10629899515372876,-0.380621563435863,0.8361056248437485,Sleep stage W
-0.6494658277225939,-0.642037788282969,-0.6410166244625176,-0.6407875697029518,-0.6406957715802365,-0.7175053069114297,1.4109000391158617,-0.653170163268448,-0.3811690922026604,1.097131898218462,0.9167479579379816,0.29256135723509263,0.8361056248437485,Sleep stage W
-0.6492561457453487,-0.6419559380411076,-0.6409350165051885,-0.6407059766619825,-0.6406081559521247,-0.7072734448395745,0.4895239762562087,-0.6528677673599821,0.31451889484331086,0.8433809336747561,1.1384837351428996,0.18183579297641392,0.8361056248437485,Sleep stage W
-0.6492951105394247,-0.6419341120309002,-0.64091205791124,-0.640682814819773,-0.6405919836280756,-0.7146954214506303,0.2510115860797633,-0.6530960219564147,0.19081269786446256,1.047087690407354,0.7569247138900127,0.5431530282747262,-0.2730284121959196,Sleep stage W
-0.6496125970926254,-0.6419825348851794,-0.6409578636095044,-0.6407280274960435,-0.640630706775877,-0.7185156496952515,-0.0933217025276828,-0.6531953465697112,1.0892467090806122,0.3578896057907067,-0.4055042126261739,0.9450950774854167,0.8361056248437485,Sleep stage W
-0.6496097993237182,-0.6419798726552368,-0.6409589940335255,-0.6407299341702937,-0.6406248177908225,-0.7222464364339707,-0.582858954956421,-0.6532805058660264,1.5233613778152826,-1.1221508637508915,-0.3811428849835298,0.17220236399499295,-1.3821624492355877,Sleep stage W
-0.6493944243266077,-0.6418199577864843,-0.6407981551647423,-0.6405689604728311,-0.6404764750836284,-0.7095592539578933,-1.3663566611994036,-0.6529429874928607,0.08304501344996477,0.35873813235877117,-0.2419762819032584,-0.01673136505375166,0.8361056248437485,Sleep stage W
-0.6493114669053701,-0.6419131854979014,-0.640890373058228,-0.6406609673980472,-0.6405688277432264,-0.7142172416908765,0.25219641111140434,-0.6530826554671513,0.4915258269450876,0.3201956111438113,0.5258003427291382,0.011903461861796466,0.8361056248437485,Sleep stage W
-0.6493970026394775,-0.6419424829017758,-0.6409183959634733,-0.6406886948935809,-0.6405933223460546,-0.7154288372699035,0.7770513324979227,-0.6531159353475949,1.4945675020303,0.2826632716422828,0.35859256939154316,0.3231651915354163,0.8361056248437485,Sleep stage W
-0.6494600199851491,-0.6420383307384004,-0.6410161310278267,-0.6407868333261181,-0.6406909546963843,-0.7197263073911454,-0.5883465966566017,-0.653224285031847,1.366374972033817,0.1883361754285859,0.9444001843412756,0.4061449838199759,0.8361056248437485,Sleep stage W
-0.6495623983479363,-0.6420390621793685,-0.6410176499584159,-0.6407885319798621,-0.6406928601754003,-0.7216572984884518,2.2943724443693143,-0.6532678300598234,1.5024861617324605,0.2052449983412243,0.3160950441299552,-0.20290048903191893,-0.2730284121959196,Sleep stage W
-0.6494617857677332,-0.6419789334363892,-0.6409558150197278,-0.6407263021372712,-0.6406288957899489,-0.7172354825366587,0.7247264853886181,-0.6531633585435352,1.323607422652186,0.8061612867822012,0.33387759880655254,-0.14686408533425208,0.8361056248437485,Sleep stage W
-0.6495571125519489,-0.642013957962453,-0.640990310955024,-0.6407607053996215,-0.640666602953907,-0.7211311192865906,-1.2172732259614205,-0.6532563068513764,1.0993793619121945,0.3133190536740916,0.1010787910808132,0.6535081655116746,-0.2730284121959196,Sleep stage W
-0.6494765931499856,-0.6418453013023687,-0.640821790866416,-0.6405922042585923,-0.6404967145618136,-0.7136333047973409,1.05965880545672,-0.6530659766316098,1.147464936646947,0.5661606956701949,-0.42781504269409776,0.33719023257909037,0.8361056248437485,Sleep stage W
-0.6495800033693798,-0.6420888505420367,-0.6410666874372072,-0.6408374049118505,-0.6407395827530051,-0.7223086533815279,1.1842017426134268,-0.65328188951438,1.363518211722411,0.8562101493443047,0.7926064443680024,-0.24530408347850502,0.8361056248437485,Sleep stage W
-0.649163018900241,-0.642020455032162,-0.6409992153670995,-0.6407701154579416,-0.6406737290800925,-0.7118763992834619,1.0704843413213077,-0.6530145470269114,1.1372876232496358,0.8545009636999582,2.4892790458324257,0.31245253302309395,0.8361056248437485,Sleep stage W
-0.648950998947899,-0.6419062843522186,-0.6408870190949821,-0.6406583315857122,-0.6405618557905878,-0.7068089359198888,-0.05743373455047314,-0.6528518749797704,1.292343641922577,0.5813748828012282,1.952626149071679,0.1572272549889568,0.8361056248437485,Sleep stage W
-0.6492460436761159,-0.6418409770892544,-0.6408192487473738,-0.640590012495682,-0.6404921221019928,-0.7104179531148642,-0.49181966500497576,-0.6529701305347264,1.1798443341787914,0.3710792221712641,0.3388617597035362,0.15149744507071145,-0.2730284121959196,Sleep stage W
-0.6494324451214755,-0.6419176001617047,-0.6408922291091526,-0.6406622233294047,-0.6405647843861554,-0.7106503891561665,0.253717260068437,-0.6529772056690898,1.4043580465086671,0.07735777934916636,0.04456837668324903,0.7502486300901233,0.8361056248437485,Sleep stage W
-0.6495834985150327,-0.642088884661292,-0.6410672292246045,-0.6408380616687556,-0.640743300674314,-0.7218477117195444,-0.29621626393023165,-0.6532719719159237,1.1708408290158647,-0.06470375326631907,0.7742506547180104,0.42774227886050487,0.8361056248437485,Sleep stage W
-0.6496050302375148,-0.6419662462278516,-0.6409419062842839,-0.6407121176906035,-0.6406159184090465,-0.7154688915692051,0.9409531622183983,-0.653117120773028,1.190527593384535,-0.053102790699943454,-0.44863327370656186,0.921434010805627,-0.2730284121959196,Sleep stage W
-0.6497160333847329,-0.6420576499299842,-0.6410362976216966,-0.6408071819212089,-0.6407136781089761,-0.7260074658048362,-0.09167912219180441,-0.6533548658170882,0.8487543451137222,-0.05758954743559092,-0.5462887468296859,0.9473073980571501,0.8361056248437485,Sleep stage W
-0.6493438129057216,-0.6419634699235447,-0.640940653659972,-0.6407112085979167,-0.6406138997695173,-0.7150886245177837,0.003403511768626701,-0.653106937390546,1.209666067686834,-0.05666889152995237,0.778120926215224,0.3734195358924328,0.8361056248437485,Sleep stage W
-0.6492816207521137,-0.6419604004343471,-0.6409372111244548,-0.6407076935756777,-0.6406113588481726,-0.7152632106532252,1.272043029275347,-0.6531112853062906,1.3579863788372566,0.3105846010526621,1.03678859437817,-0.12948878968476307,0.8361056248437485,Sleep stage W
-0.6494622855911615,-0.6420525844971336,-0.6410327448754621,-0.6408039559914019,-0.6407072703932298,-0.7226810410818613,0.7913792422624664,-0.6532899039719134,1.366598253909627,0.105624124747315,1.1629331950775812,-0.16560097862763173,-0.2730284121959196,Sleep stage W
-0.6495380480207416,-0.6419724347977068,-0.6409494412072059,-0.6407199682242316,-0.6406230586711052,-0.7163618644023547,0.32504030760224595,-0.6531407397104125,1.2322985982290078,0.41208262858646705,-0.08468558690233896,0.14156606023635615,0.8361056248437485,Sleep stage W
-0.6494495280735078,-0.641881303874582,-0.6408567624724517,-0.640626948195547,-0.640532967027311,-0.7120186215165489,0.3160527040892045,-0.6530188821467988,1.0254306991921975,-0.2209566255499552,-0.19591224371279745,1.2094022859630575,-0.2730284121959196,Sleep stage W
-0.6494935717159105,-0.6420361979259168,-0.6410153765829388,-0.6407863722538563,-0.6406885504794572,-0.7192574625149009,-0.31089392385644293,-0.6532130874249267,1.5143737747870996,-0.10216678964356614,0.7277680589166418,0.02802356427930975,0.8361056248437485,Sleep stage W
-0.6495579778795926,-0.6419239289169147,-0.6408993829102135,-0.6406695730969756,-0.6405722149269846,-0.7157791067359741,-0.49615176163661295,-0.6531253633601118,1.6354565340476013,-0.4615250850106892,-0.4334734767537321,0.20779194001494325,-0.2730284121959196,Sleep stage W
-0.6495440154783777,-0.6419810541527997,-0.6409597758861229,-0.6407306774155549,-0.640634913387656,-0.7205720573757657,0.4430926147654477,-0.6532436772811135,1.2650546236531988,0.04281330880816595,-0.045893079960168094,0.34860753063914657,0.8361056248437485,Sleep stage W
-0.6495712378258724,-0.6419538428100103,-0.6409313127429903,-0.6407019259312644,-0.6406035955956675,-0.7206292246258219,0.5783742416338046,-0.6532450161470575,1.305106101565698,-0.19415637091100763,-0.3416249109325247,0.7479291685661863,0.8361056248437485,Sleep stage W
-0.6497460951935238,-0.6420527618197274,-0.6410293497186348,-0.6407997954411689,-0.6407030513739146,-0.7240247726277091,0.3234664147948753,-0.6533170914998765,1.5665588168585884,-0.005089030626859799,-0.7942236840625447,0.46782236891313234,0.8361056248437485,Sleep stage W
-0.6492268615436224,-0.6418507121470084,-0.6408292015535112,-0.640600038081538,-0.6405035657508704,-0.7102386129238466,-0.2144963637990712,-0.6529643661247799,1.3690740144175335,-0.04686562456006924,0.45913675625873007,0.4574773583508349,-1.3821624492355877,Sleep stage W
-0.649285905996744,-0.641728147009597,-0.6407033104524561,-0.6404731824906571,-0.640344011226363,-0.7043022028740179,0.3134251437126209,-0.652763703225917,1.057060360081126,-0.47413231740934925,-0.24923900028955928,3.089907523689492,0.8361056248437485,Sleep stage W
-0.6495794630806873,-0.6419892672849263,-0.6409674437327584,-0.6407382026171337,-0.6406403745943706,-0.7175830088901474,-0.3279818793879215,-0.6531721760438135,0.8567765121936246,0.20527052356085912,-0.17844403350853266,1.3702155631065571,-2.9099321976679415,Sleep stage W
-0.6493189706210528,-0.6419342846694621,-0.6409110873153157,-0.6406815765427741,-0.6405874461343256,-0.7129283612485091,0.16197688236960903,-0.6530460516589809,0.08852700601389166,0.39932834084505636,0.6447868544232497,0.4050586181786757,0.8361056248437485,Sleep stage W
-0.649468368911288,-0.6419560999346152,-0.6409320501867443,-0.6407022400146042,-0.6405956500084607,-0.7152887669364808,0.45933401087110604,-0.6531121115250631,0.5337345375500363,-0.8407924599673403,0.13128985523026238,0.949038066087555,0.8361056248437485,Sleep stage W
-0.6495307786098748,-0.6419762202456305,-0.6409537535003916,-0.6407244506453857,-0.6406352342478886,-0.7213060055455547,0.4929906683191736,-0.6532602551899869,-0.3314450696347695,0.2152261445864343,-0.021020333784413165,-0.26035193048294025,0.8361056248437485,Sleep stage W
-0.6489775352116184,-0.6419799790140366,-0.6409598391942791,-0.6407309862299695,-0.640636641134962,-0.7098359702016006,0.6039891966652572,-0.652951622001347,-0.16179561117133187,0.17740617236287756,2.8138214457921658,-0.19345256272930086,0.8361056248437485,Sleep stage W
-0.6495273601764006,-0.6419877733332472,-0.6409658343032525,-0.6407366429068713,-0.6406471889622247,-0.717349948576135,0.30234171740091237,-0.6531663496690707,-0.3151882804370499,0.41415248259200754,0.07952627196448048,-0.41638182120377826,0.8361056248437485,Sleep stage W
-0.6496903589494516,-0.641984122390353,-0.6409606954932208,-0.6407310064333884,-0.640622300113347,-0.7208207099108018,0.4455727062863638,-0.6532492775218032,0.9595938765175713,-1.1207744228574763,-0.7815764210156029,1.1433478004363766,-0.2730284121959196,Sleep stage W
-0.649521640288957,-0.6419335673801146,-0.6409077225133651,-0.6406770457839351,-0.6404966445573628,-0.7087730024169735,0.348881889334899,-0.6529177853022426,2.131880118700336,-1.6703136848043452,-0.2442245539016299,3.8649136409050318,0.8361056248437485,Sleep stage W
-0.6496607582489957,-0.6420442777690935,-0.6410222890179632,-0.6407929376906849,-0.6406828494137966,-0.7256698048942006,-0.09659576683121497,-0.6533484980557892,0.4745892007827616,-0.701246043982678,-0.27529589733994686,1.546541167212051,-1.3821624492355877,Sleep stage W
-0.6494820373112539,-0.6419324260802677,-0.6409117961761661,-0.6406827116576577,-0.6405675625205308,-0.7154208402690092,0.36497212154235614,-0.6531157733406506,0.5129025989556518,-0.4959298460005012,-0.04764180986452142,1.1685473885376434,0.8361056248437485,Sleep stage W
-0.6496023340076055,-0.641946780324716,-0.6409211549158291,-0.6406907837282738,-0.6405528559941016,-0.7162375360351831,2.1491144562405275,-0.653137679370652,0.8219831815605471,-0.7957263891759923,-0.5313708651623328,2.01243128463486,-0.2730284121959196,Sleep stage W
-0.6493348032106359,-0.6420299017965001,-0.6410081544833051,-0.6407787418308729,-0.6406537966772713,-0.7143311548465574,0.5560541055600269,-0.653085830915362,0.6041200169781202,-0.7698489036972888,1.6104762642190398,1.4682844202181053,0.8361056248437485,Sleep stage W
-0.6490349031939354,-0.6418479960521923,-0.640825034780457,-0.6405954451405368,-0.6404856935531289,-0.7076127122419656,-1.0614029468181185,-0.6528790460083318,1.0840648612207355,-0.49028829079576813,1.0870083323441255,1.598212478680484,-0.2730284121959196,Sleep stage W
-0.6494156926184429,-0.6419480894201163,-0.6409237653001472,-0.6406938940640249,-0.6405870530149887,-0.7111320967601067,-0.5580481791857731,-0.652992087163733,0.7684698687192633,-0.10820684428974195,0.312978538653082,1.7360208655572698,0.8361056248437485,Sleep stage W
-0.6496118375317994,-0.6420413334816956,-0.6410192452066377,-0.6407898375786768,-0.6406801931471519,-0.7233060458064535,-0.3373383475201678,-0.6533027889949826,0.811629789624398,-0.39070784561516514,0.01482762808385288,1.1289256426113268,0.8361056248437485,Sleep stage W
-0.6493623668413057,-0.6419630874711906,-0.6409378981464591,-0.6407076950928684,-0.6405751469134994,-0.7103757960368395,-0.1240121006791183,-0.6529688105246535,1.0874456803281793,-0.7980470417925973,0.662886345874544,2.2678349356676892,-0.2730284121959196,Sleep stage W
-0.64941895931632,-0.6420037936371187,-0.6409820262672611,-0.6407525716207868,-0.6406229812946468,-0.7146656395303472,-0.1813152942178765,-0.6530950192081268,1.0278714183007205,-0.5461051960376766,0.7963289601569937,2.0041772768014248,0.8361056248437485,Sleep stage W
-0.6494604977939471,-0.6418405045045991,-0.6408135469895074,-0.6405832316058439,-0.640490972506145,-0.7132318858264957,0.298364490400963,-0.6530547464051828,0.19459869037267438,1.1454530213105036,-0.4053393838018696,0.5320371722244929,0.8361056248437485,Sleep stage W
-0.6494128745681594,-0.6418959312186405,-0.640872523871743,-0.6406429383175105,-0.6405442390867225,-0.7126795861483028,0.2394678363339863,-0.6530385617832029,0.6137564213098148,0.023895666508565477,0.01848109571718594,0.8740518824281952,0.8361056248437485,Sleep stage W
-0.6491254928350118,-0.6418950719257948,-0.6408774593459551,-0.6406491437448262,-0.6405539024047919,-0.7130459819945456,-0.057559136259433395,-0.6530493307205916,0.6485314395344272,1.10151178977813,1.1736133280281993,0.44744004556580275,0.8361056248437485,Sleep stage W
-0.6490797233074553,-0.6418875824793727,-0.6408670349741296,-0.6406380612918622,-0.6405419501504435,-0.709440890118256,-1.06617458260703,-0.6529392156432005,0.783671001399379,0.47475314894646853,1.2562746788552235,1.824877527001611,-0.2730284121959196,Sleep stage W
-0.6495372574348768,-0.6419424676789593,-0.6409225475523042,-0.6406937570682764,-0.6406019572418142,-0.7161263466863826,0.03472828977546422,-0.6531349297028907,0.34690134954013896,0.5658283989147633,-0.23024398715208652,1.3461964634939891,0.8361056248437485,Sleep stage W
-0.6494459303480216,-0.6418550097603457,-0.640831030148668,-0.6406012223802358,-0.640493313194853,-0.7092769183797536,-1.407540386712001,-0.6529336771185642,1.1748154201006997,-0.606981042909568,-0.28940180545099603,1.8951298424183942,-0.2730284121959196,Sleep stage W
-0.6493615361700463,-0.6419468687630036,-0.6409241701105148,-0.6406947577892151,-0.6406010143314304,-0.7133633005301254,-1.3135176474588153,-0.6530583274126674,0.5899197389741917,0.8382817449674843,0.5602430535882786,1.3332010922547846,-0.2730284121959196,Sleep stage W
-0.6492999997058913,-0.6418687715119384,-0.6408492804269798,-0.6406205595836144,-0.6405257914209812,-0.7145831435664024,0.6275001058228252,-0.6530928995056976,1.0740990886707367,-0.1221143337319179,0.3177911541349027,1.5617544371429593,-0.2730284121959196,Sleep stage W
-0.6494312667548149,-0.641905651580985,-0.640887371466932,-0.6406589127420749,-0.6405642012938811,-0.7157198132759828,-1.631537291326382,-0.6531239819177896,1.131408510954821,-0.1866493486749243,0.03113445069026241,1.3296856601901124,0.8361056248437485,Sleep stage W
-0.6494796214694477,-0.6419062060250927,-0.6408829459476141,-0.6406534003661772,-0.6405590405413469,-0.7112009339516147,-0.9789125771124565,-0.6529943726121472,0.987874918389303,0.16210770501265753,-0.18962096414579688,1.2365629501709137,0.8361056248437485,Sleep stage W
-0.649590266419505,-0.6419813606834536,-0.640958605600213,-0.6407291927027574,-0.6406346480805393,-0.7158328943366967,-0.046269484888140845,-0.6531270212324859,1.1529203093848726,0.10863744505508245,-0.2875134840172955,0.6251636660860052,0.8361056248437485,Sleep stage W
-0.6490755130579695,-0.641909699124581,-0.6408877364687295,-0.6406584965943195,-0.6405637098940521,-0.7122820823577453,-0.090772682453363,-0.6530267242597589,1.0968093011484945,0.536313959691688,1.4550105359108327,0.16982317834713928,-0.2730284121959196,Sleep stage W
-0.6494597703028137,-0.6420365431470921,-0.6410146035125559,-0.6407853637682389,-0.6406889673025862,-0.7199249189592475,0.4111705588240282,-0.6532287225001611,1.6968642284160944,-0.2858146129126535,0.9274918502797087,0.50085860781254,0.8361056248437485,Sleep stage W
-0.649476386932186,-0.6420294808020728,-0.6410080569770368,-0.640778940972176,-0.6406827817711992,-0.7174911931576974,-0.2022151262031493,-0.653169804231195,1.4555758991715735,0.22840658981802836,0.7484213692958778,0.4903648402816354,-2.491296486275256,Sleep stage W
-0.6495075064994478,-0.6419190403372719,-0.6408956432055704,-0.6406660684538537,-0.6405680138100429,-0.716212356233995,0.7756381543235678,-0.6531367519625882,1.4615975106535324,0.12287955435132944,-0.24145639063715313,-0.04680269189405327,0.8361056248437485,Sleep stage W
-0.6494611616389692,-0.642007676500331,-0.6409856518100954,-0.6407563919390297,-0.6406595976038562,-0.7166309784649428,-1.8689205986249042,-0.6531477411940058,1.1667576804529325,0.4840513380833406,0.5997019805570334,0.040932108163256625,-6.655970020179632,Sleep stage W
-0.6492794139453641,-0.6418949981075953,-0.640876304357371,-0.6406477600266514,-0.6405515839492794,-0.7135023494592134,-2.5098926897160294,-0.6530622919915158,1.056237525713752,0.6052580164445673,0.5629113823158934,0.07784574203448037,-0.2730284121959196,Sleep stage W
-0.648904876261399,-0.6418640003730742,-0.6408483831638494,-0.64062050013893,-0.640526275705084,-0.7096313206584871,0.8208814397711515,-0.6529452288965041,0.7871313421690864,1.0302364902364176,1.7475581091012515,0.38039150152051554,-0.2730284121959196,Sleep stage W
-0.6494364615780356,-0.642011898850052,-0.6409887170947925,-0.6407592060383431,-0.6406633697603302,-0.7186038656334349,0.0344502270480805,-0.6531976021441493,1.5138513096189032,-0.10946681843594293,0.7659947273984715,-0.04252342338841731,0.8361056248437485,Sleep stage W
-0.6494663497105148,-0.6419432870265387,-0.640919069378475,-0.6406893158974143,-0.6405939517224349,-0.7125266200428483,-0.9698391940329358,-0.6530339970319772,0.9616937816078466,0.2434144006183382,0.058433657579502404,0.8007937539510642,0.8361056248437485,Sleep stage W
-0.649646027756813,-0.6420221286902609,-0.6409984727952891,-0.6407688670344794,-0.6406748733316442,-0.7218657914957133,-0.8803353941708442,-0.6532726361067855,0.7304281480624147,0.3062625745924947,-0.3504477298224374,1.080976749516863,0.8361056248437485,Sleep stage W
-0.6495650729951211,-0.6419195877106983,-0.6408972461516816,-0.6406679215770639,-0.6405714521215914,-0.717360060164405,0.47293642153481563,-0.6531664750521472,1.5923575198873756,-0.18488822557306944,-0.46973401568066575,0.1673248563336212,-0.2730284121959196,Sleep stage W
-0.6495774081746879,-0.6418978574463885,-0.6408723210069763,-0.6406423013436102,-0.6405467208471711,-0.7109229171696622,-2.1542760590767847,-0.6529856858514475,1.5296224491780652,0.07328814789513059,-0.6157232647135702,-0.23797028022119443,0.8361056248437485,Sleep stage W
-0.6494743948393179,-0.6420332819845523,-0.6410108741080544,-0.6407815489632136,-0.6406864126095799,-0.714164874917908,1.07743351375152,-0.6530811744551052,1.5010406646586232,-0.1560309470220434,0.7905562437002932,-0.4537870275419612,0.8361056248437485,Sleep stage W
-0.649587784152806,-0.6419111880252643,-0.6408862789913987,-0.6406564030381496,-0.6405614156288795,-0.7142629186328927,-0.3651416400039662,-0.6530837619070646,1.4345395259472193,-0.3426215775560622,-0.6064210435125168,0.4395462638972826,0.8361056248437485,Sleep stage W
-0.6497231930394299,-0.642019328843875,-0.6409962554257121,-0.6407667957149612,-0.6406726613405804,-0.7241591383810988,1.746699350507037,-0.6533197000842612,1.4190552646424406,-0.13637217847136818,-0.809866114786652,-0.4627682112533118,0.8361056248437485,Sleep stage W
-0.6497410843831469,-0.6420219657861005,-0.6409978379014795,-0.6407681375350244,-0.6406723578680779,-0.7228108760102281,-1.1843372131610241,-0.6532924280030447,1.769885399695108,-0.7126922667250326,-0.9078833732154865,-0.22128543037212256,-2.9099321976679415,Sleep stage W
-0.6495932159585156,-0.6419455104296352,-0.6409216572327865,-0.6406920243440084,-0.640597331326505,-0.7180498412127223,-0.5481352740910809,-0.6531837668190384,1.9319385012965604,-0.9394179912433797,-0.48724189615021596,-0.4850970756022519,-2.491296486275256,Sleep stage W
-0.6495537492393452,-0.6419986248456249,-0.6409758664373395,-0.640746457524336,-0.6406517446084807,-0.7205975856712797,1.0167168610621913,-0.6532443325824221,1.5323830731667465,-0.2735994107366759,0.011908115251888734,0.012749533299564044,0.8361056248437485,Sleep stage W
-0.6495949716550316,-0.6419637735433735,-0.6409404636496526,-0.6407109318958174,-0.6406158840315491,-0.7183266422083775,1.3216522947721339,-0.6531905052871607,1.5191445139410735,-0.45506186379013774,-0.4071092124842388,0.10027880894279323,-0.2730284121959196,Sleep stage W
-0.6496985552410978,-0.6419656517537028,-0.6409399401506095,-0.6407098892840934,-0.6406139694132121,-0.7195079567955748,-0.9143678361802112,-0.653219134389723,1.867108229535214,-0.8170804188538753,-0.8982759616755651,0.1294702165092278,0.8361056248437485,Sleep stage W
-0.6495673537582957,-0.6420267755858476,-0.6410050044067289,-0.6407758132005721,-0.6406810485532627,-0.7171639963404781,1.0347601216851416,-0.6531614442630013,1.813930892990958,-0.8487048553501266,0.16726225026427982,0.47910096991781964,-0.2730284121959196,Sleep stage W
-0.6493139264624839,-0.6419095495015561,-0.6408847660742828,-0.640654905228392,-0.6405602869196468,-0.7107339906969157,-1.531057131464746,-0.6529797735379157,1.8511335612270357,-0.9814893415120433,0.4751039916739249,0.5418134270961945,0.8361056248437485,Sleep stage W
-0.6496002577067336,-0.6419209705273353,-0.6408963768222443,-0.6406665657776957,-0.6405717271896174,-0.7131613883537143,-0.5112941186686629,-0.6530525193105211,1.8590275438913515,-0.898872762057032,-0.6197051354649511,0.4100539689111181,-0.2730284121959196,Sleep stage W
-0.6495588616460795,-0.6419583529627773,-0.6409353808833582,-0.640705899706554,-0.6406084536332268,-0.7173384085800824,-0.5220403607550559,-0.6531658728511687,1.8333539164759622,-0.9688427243126194,-0.2641990143323082,0.49338797363496606,-0.2730284121959196,Sleep stage W
-0.649344081295321,-0.6418918235524709,-0.640870014688115,-0.6406407977387143,-0.6405470870648887,-0.7045268456862668,-1.6084924770764377,-0.6527714271565961,1.548281766805579,-0.486011547712979,0.26991916099817176,0.6262018907025751,-0.2730284121959196,Sleep stage W
-0.6496005875913763,-0.6420789480582755,-0.6410581315726405,-0.6408291577705026,-0.6407346849840933,-0.7235353360490433,1.1188161159990693,-0.6533072980290412,1.4298207725085015,-0.27258356393157734,0.51133941277852,-0.14122073639654817,0.8361056248437485,Sleep stage W
-0.6495160277431844,-0.6418029928405403,-0.6407730198790816,-0.6405420270866908,-0.6404467404428983,-0.7098485424742865,-1.9505049812956197,-0.6529522772312851,1.709582263944347,-0.7319689743653612,-0.7031589630891731,0.4917213784381506,0.8361056248437485,Sleep stage W
-0.6494238624771715,-0.6418917895746629,-0.6408687290876225,-0.640639246805049,-0.6405442236025509,-0.7136802457226477,-0.8921083899044443,-0.6530674961014477,1.5442517170747982,-0.6083533016419841,-0.04234477823175685,0.8335987940433774,0.8361056248437485,Sleep stage W
-0.6494066659611437,-0.6418769576165689,-0.6408524996922449,-0.6406227191482439,-0.6405254960706205,-0.714200467684486,-0.486845045052607,-0.6530820859271986,0.9437214919397746,0.13435188913864748,-0.058375310934084546,0.12039634542917563,0.8361056248437485,Sleep stage W
-0.6493748230740417,-0.6419368303720892,-0.6409141368884345,-0.6406847321136468,-0.6405896270142183,-0.7143379237870539,0.34535989889526897,-0.6530858857894043,1.832488990123196,-0.9606495579792493,0.42731860500236557,-0.10137685777657181,-0.2730284121959196,Sleep stage W
-0.6495604473599312,-0.6420802030421134,-0.6410590055388379,-0.640829939039114,-0.6407344338092984,-0.7245605117527406,0.04060914081046749,-0.6533275744283917,1.5810213662208095,-0.669962676781403,0.834608692094033,0.1095137619148988,-0.2730284121959196,Sleep stage W
-0.6496004143571527,-0.641991823037121,-0.6409682200525505,-0.6407386273398421,-0.6406428438679489,-0.7211664918955546,0.34062507579980694,-0.6532570511836976,1.7362347269988048,-0.6179638808074596,-0.2846974703816808,0.09792316859683749,0.8361056248437485,Sleep stage W
-0.6495186344217228,-0.641953651483258,-0.6409309941049904,-0.6407015965295229,-0.6406047054190227,-0.7181889556630748,0.7005035297546429,-0.6531872492116856,1.925528891376226,-1.1062517299622892,-0.10319317867242557,-0.13516254947352527,-0.2730284121959196,Sleep stage W
-0.649667017917131,-0.6420434673020133,-0.641020407729485,-0.6407909385229819,-0.6406950815925522,-0.7231576431287622,0.3435693903189968,-0.6532996285605505,2.00803830975667,-1.1253639416894752,-0.3310346913654387,-0.24664987198320007,0.8361056248437485,Sleep stage W
-0.6496263960077805,-0.641969183532861,-0.6409447018593445,-0.6407149180814744,-0.6406198456411559,-0.7169324042651707,-0.0898113668942757,-0.6531556678652902,1.868152884717405,-0.8743493627416189,-0.5371524099482754,-0.23914169398809254,0.8361056248437485,Sleep stage W
-0.6496982132031782,-0.6420453026204861,-0.6410228274378206,-0.6407934865551447,-0.6406983227902687,-0.7235074325323251,-0.21137494685994135,-0.6533068293510171,1.5930323809927927,-0.4421211192470116,-0.5152655863023601,-0.2446809557789017,-1.3821624492355877,Sleep stage W
-0.6493791509442691,-0.6419896317445717,-0.6409654374963405,-0.6407357104850111,-0.6406401895303553,-0.7158211808706,-0.5374617430251093,-0.6531262842680698,1.6388678564799541,-0.30439938585167786,0.8336252642995335,-0.3678730469120135,-0.2730284121959196,Sleep stage W
-0.6494190119026889,-0.6419206399424076,-0.6408992240924042,-0.6406701068187282,-0.6405753747620991,-0.7135628151521922,-1.36399591284969,-0.6530641070037784,1.48102064983779,-0.22964041286292752,0.14480271952027626,-0.29698172731464473,0.8361056248437485,Sleep stage W
-0.6494623794206404,-0.6419062733095222,-0.6408829439084145,-0.6406533814014153,-0.6405580463798052,-0.7152474801007778,-0.664151779099454,-0.6531109845568843,1.2259699338625043,-0.08107498877884499,-0.12155039319159211,0.465348297155677,-0.2730284121959196,Sleep stage W
-0.6494031126006679,-0.6419798602431488,-0.6409567615035907,-0.6407272485718529,-0.6406308062563313,-0.716546343335287,1.1458609471509709,-0.6531454806810442,1.5927017201961102,-0.7525973424816981,0.6335193356513348,1.5029172463956588,-0.2730284121959196,Sleep stage W
-0.6493426193768189,-0.6419222652293456,-0.6409021302546033,-0.6406732705766637,-0.6405777465695767,-0.715319824529304,-0.0001878166033247342,-0.6531129922306128,1.5497077882911492,-0.17178018827515562,0.483658151009203,1.026849320338073,-0.2730284121959196,Sleep stage W
-0.6497893875732397,-0.6420964182304301,-0.641073977946006,-0.6408446361087395,-0.6407488351993424,-0.7279280583568178,-1.7184975602547141,-0.6533879370356521,1.611625590602991,-0.33772485621810067,-0.8665097278076455,1.0915561820729534,-0.2730284121959196,Sleep stage W
-0.6495467264263975,-0.6419748278203804,-0.6409494088102384,-0.640719403960239,-0.6406237469244608,-0.7154947447280088,0.25724090932351407,-0.6531177087549416,1.4933999533318443,-0.3448678696513932,-0.13025880812502647,0.5756651987227581,0.8361056248437485,Sleep stage W
-0.6496263336402367,-0.6420285329616594,-0.6410050058656616,-0.6407754333235477,-0.6406801171086252,-0.7185770412754681,0.6824185799809718,-0.6531969351936838,1.611370434222382,-0.3262566421774514,-0.18961643790170857,-0.032612453258043704,0.8361056248437485,Sleep stage W
-0.6495242656226466,-0.6419758216009213,-0.6409525142396831,-0.6407229401760196,-0.6406269647773181,-0.7190429787889318,0.08298407655296673,-0.6532081760665412,0.8167852450087912,0.1998564398584759,0.0017517149779983493,1.7656148511076857,0.8361056248437485,Sleep stage W
-0.6496116945086038,-0.6420388912271315,-0.6410162484851191,-0.6407868610843424,-0.6406924343789818,-0.7227723873706204,-0.22847337427914027,-0.6532918097802378,1.184930512992745,0.03529858389682677,-0.010716449022292763,0.8014411079828538,0.8361056248437485,Sleep stage W
-0.6496607732369646,-0.6420021311913505,-0.6409806427949969,-0.640751505772121,-0.6406575848579373,-0.7238416529869014,0.23890953040680007,-0.653313722642409,1.1279972718193507,0.2582968487392746,-0.5335771175757189,0.9961205822096038,0.8361056248437485,Sleep stage W
-0.6494869945003533,-0.6418297897323627,-0.6408014850864107,-0.6405708454159255,-0.640475776972507,-0.7099468981569466,-0.3698648491955568,-0.6529557541853646,0.5741707579456816,0.28794396826035623,-0.5321288604647808,1.2348416964232147,0.8361056248437485,Sleep stage W
-0.6463573930979526,-0.6376517511510834,-0.6364856652947762,-0.6362245398419297,-0.6361159837330599,-0.6314427368323132,-3.8284239114656686,-0.6479087310129704,1.0384250611312091,-0.2564468177624133,-0.840475177094651,1.9304446036539573,-4.709564560354607,Sleep stage W
